sinad,contrast,polarity_ok,large_errors,h_missing,v_missing,v_trains,h_jitter_us,v_jitter_us,h_width_rmse_us,sync_error_ire,black_error_ire,white_error_ire,raw_min,raw_max,detail_corr,model,seed,standard,cnr,stage,quality_failures,usable
0.8175053205653504,55.249475137603596,True,223.86135508155584,609,8,0,1.125,1000000.0,3.575,35.549181027794496,14.096413351150414,-30.130822308223728,-89.29228563831171,148.79095443819472,0.10796439047390548,OVP56,12401,PAL,0,final,,False
0.049808023380599725,59.25016057650109,True,228.88644918444166,609,8,0,1.075,1000000.0,3.525,26.048144617268605,8.791364419912593,-33.252558006452816,-94.04834605255756,155.45052174577822,0.1029433951206894,VLP56,12401,PAL,0,final,,False
-6.746861332602933,-76.96102693196404,False,628.6323713927227,610,8,0,1000000.0,1000000.0,1000000.0,90.28599602074571,20.358344516672336,-147.0072237880335,-78.04283784705345,136.8425697387068,-0.08267875686731443,PLL96-rejected-board,12401,PAL,0,final,,False
2.829019099452533,85.20042449436912,True,113.61041405269762,380,5,0,1.825,1.0174999999999998,3.2737651173348192,11.591739714756198,2.620279983886292,-12.39813051931492,-78.06349022905408,137.52690195102727,0.0825812268771209,PLL96-IQ-corrected,12401,PAL,0,final,,False
6.011637577739053,92.27173561273892,True,40.92534504391468,488,6,0,1.8699999999999988,1.1424999999999998,3.4310987343109445,4.783872370861299,1.3453139839218495,-7.619955959192448,-79.54710297420634,140.27378611637855,0.23495046782630608,floating-PLL-IQ40,12401,PAL,0,final,,False
0.8891445913503402,31.82048591456599,True,228.6863237139272,610,8,0,1000000.0,1000000.0,1000000.0,52.55894519177005,27.323817421984494,-41.334398491139225,-82.8755341544765,136.5651996649968,0.061710611743561135,HC50,12401,PAL,0,final,,False
0.3009487650953235,69.37397592619473,True,197.4598494353827,441,6,0,1.89,1.1300000000000001,3.364876335243138,17.636206230084273,2.508489378147284,-30.993749717060485,-85.00787915149306,129.32608692083548,0.06989571880200822,PLL96-board-fixed,12401,PAL,0,final,,False
5.187305053867338,80.74652299949835,True,66.58469259723965,602,8,0,1.1687499999999997,1000000.0,3.5821933748752315,16.837697992643676,5.0446982966530545,-13.919981070458258,-84.4094374978807,145.36167621310483,0.23459869685038276,OVP56,12401,PAL,4,final,,False
4.879223870733817,84.84450296193222,True,63.568381430363864,589,8,0,1.7,1000000.0,3.571243447583035,10.980316192039393,2.8608857413743904,-13.033961061101596,-92.28385148029341,150.40233019561475,0.23088107864157686,VLP56,12401,PAL,4,final,,False
-6.755880773924058,-83.37076964343012,False,599.3946047678795,610,8,0,1000000.0,1000000.0,1000000.0,88.61961301431936,22.269372637043933,-156.47305480305812,-74.30168154244132,134.45468493732992,-0.20158511519245106,PLL96-rejected-board,12401,PAL,4,final,,False
7.999273483842737,93.12751598818109,True,17.41844416562108,407,6,0,1.8974999999999995,1.23875,3.410101175131105,10.782215789624157,-0.1284915272022778,-3.8144587648136197,-75.8553333358489,135.40068375754166,0.20633977156419292,PLL96-IQ-corrected,12401,PAL,4,final,,False
10.267466576827582,95.916809898174,True,2.545169385194479,157,3,0,1.7849999999999995,1.6199999999999997,3.125654236151771,2.5348369008025733,1.286441295936256,-2.5201120665178824,-75.34161177933726,133.61444991020053,0.43862996794589487,floating-PLL-IQ40,12401,PAL,4,final,,False
3.3184594114757164,42.6094970179978,True,126.68632371392724,610,8,0,1000000.0,1000000.0,1000000.0,49.32516104894707,27.3558014491077,-28.992239289558608,-80.1744747237362,125.09863621703664,0.1575071759687788,HC50,12401,PAL,4,final,,False
5.9310443200111385,91.07813987913826,True,41.025094102885824,70,2,0,1.7012499999999988,1.175,2.8385593144201655,3.2763186319503164,-2.258872864674012,-14.377014618492156,-81.6199832762935,129.62958837262846,0.19101526258873747,PLL96-board-fixed,12401,PAL,4,final,,False
7.57535759340212,88.00145775309407,True,23.218946047678795,554,8,0,1.7,1000000.0,3.4618681734000214,10.816700120071841,2.6638990500571746,-9.277071053619254,-81.10552355580924,143.78201432102242,0.31888094359608077,OVP56,12401,PAL,6,final,,False
7.563717389747854,91.31336652666944,True,20.836888331242157,485,7,0,1.85,0.725,3.3992624199964316,6.7914424562196265,1.4040820655615813,-7.738168724701069,-84.19811564707021,143.52146188031224,0.32202675214022464,VLP56,12401,PAL,6,final,,False
-6.716771986983044,-83.23192818129256,False,593.6097867001255,610,8,0,1000000.0,1000000.0,1000000.0,86.79972538926265,23.04802278955446,-157.28408290386693,-72.77823102192198,131.36106854888567,-0.2558838265944598,PLL96-rejected-board,12401,PAL,6,final,,False
9.1126986384537,94.20948211207468,True,7.599121706398996,469,8,0,1.75,1000000.0,3.4821651728170706,12.247309581356152,-0.9269800139104963,-2.8944684543272703,-73.02144083708271,133.16762660455646,0.2557194095745828,PLL96-IQ-corrected,12401,PAL,6,final,,False
12.162544001928612,96.08659111395393,True,0.33688833124215806,31,1,0,1.5,1.4599999999999986,2.766639680351979,2.21766685594729,1.457930205417762,-1.8596783856013046,-70.79311004088383,131.04088236256524,0.5345277833951386,floating-PLL-IQ40,12401,PAL,6,final,,False
3.9939512074686574,44.336664056043105,True,102.5702634880803,610,8,0,1000000.0,1000000.0,1000000.0,49.02578968576654,27.335617341730593,-26.482558629580986,-65.54058210348606,118.2630522451556,0.23484434844842525,HC50,12401,PAL,6,final,,False
8.853631356291169,95.99500448003703,True,12.771016311166877,5,0,0,1.225,1.7937499999999997,2.299022654366254,0.5055264340281016,-2.9160616830003407,-9.991260864766819,-80.77742207839016,123.96725016256683,0.27960570165446724,PLL96-board-fixed,12401,PAL,6,final,,False
9.622358884111307,91.69520308402161,True,5.7245922208281055,412,5,0,1.8574999999999988,1.27,3.3976661255941707,7.273953060749462,1.8700575541233035,-6.49609128551374,-75.48778980533322,137.13162323681902,0.4021695087831323,OVP56,12401,PAL,8,final,,False
9.72424250260558,94.05211388528274,True,4.893350062735258,261,4,0,1.775,1.8849999999999998,3.255702513109605,4.62500991728666,1.1153617782277798,-5.0889348791984785,-79.53283526877495,139.05266235061416,0.4084683849384864,VLP56,12401,PAL,8,final,,False
-6.658520885608425,-82.34999761828283,False,591.3538268506901,610,8,0,1000000.0,1000000.0,1000000.0,85.34586640911301,23.737371993609973,-156.75994532829705,-71.7926572304633,128.08976096066957,-0.2826207247519,PLL96-rejected-board,12401,PAL,8,final,,False
9.359455278208188,94.61713677863644,True,5.784190715181933,520,8,0,1.7274999999999998,1000000.0,3.5244276525100893,13.975409954164789,-1.1811953478175983,-2.5114897195372254,-69.72445563117387,132.46100118762914,0.28367241811571703,PLL96-IQ-corrected,12401,PAL,8,final,,False
13.94856011414694,95.78453016460035,True,0.030740276035131745,4,0,0,0.95,1.337499999999999,1.9815745731056598,2.3486308286460047,1.8154171072839964,-1.691093019171285,-67.561681868775,130.53476872596534,0.6221162878467631,floating-PLL-IQ40,12401,PAL,8,final,,False
4.228219878430134,44.52025188559494,True,93.46863237139272,610,8,0,1000000.0,1000000.0,1000000.0,49.20350339420945,27.446756792040663,-25.782249622227116,-50.683570761838745,109.77575445440687,0.30637937907460555,HC50,12401,PAL,8,final,,False
10.577048238290276,97.9864134202087,True,5.138644918444165,3,0,0,1.1,1.7849999999999997,2.1219167961117344,0.400820580725148,-2.935213625616929,-7.352997668684802,-79.91949334815189,116.3912353672846,0.3464552961343133,PLL96-board-fixed,12401,PAL,8,final,,False
11.204684533786391,93.87787917146922,True,1.6204516938519449,157,2,0,1.7,1.575,3.1209006224749034,4.784713796656904,1.5453163048201521,-4.680426826676092,-71.22236448742959,133.43315455020146,0.472802377392279,OVP56,12401,PAL,10,final,,False
11.335318588867162,95.4401502382098,True,1.43099121706399,67,3,0,1.65,0.6299999999999999,2.8965743086616174,3.1479359039645196,1.1048002038331657,-3.6048751435397506,-69.91267977419766,137.8863500625667,0.4798381080587204,VLP56,12401,PAL,10,final,,False
-6.632550958709313,-81.80870932497464,False,591.0144291091593,610,8,0,1000000.0,1000000.0,1000000.0,84.3240667147763,24.00560148135228,-156.41902965361234,-69.45901904254544,99.34007740632617,-0.296614941983627,PLL96-rejected-board,12401,PAL,10,final,,False
9.327792829285684,95.24045734168442,True,5.51129234629862,554,7,0,1.95,1.55,3.612750238490656,15.092131331877257,-1.427553879614514,-2.2550460486835155,-54.77696901298964,125.53971360762972,0.29967824210166083,PLL96-IQ-corrected,12401,PAL,10,final,,False
15.563783863681662,95.82955764817918,True,0.0,0,0,2,0.296249999999992,0.05,1.0687264521420796,2.205930045899585,1.9256812359237034,-1.5137161674298525,-61.80001476093846,124.45079617831436,0.6986754338134983,floating-PLL-IQ40,12401,PAL,10,final,,False
4.3168957756000506,44.48181604265166,True,90.33124215809285,610,8,0,1000000.0,1000000.0,1000000.0,49.229417027480416,27.465646689668432,-25.693669477249127,-14.157240101804177,95.7645051704965,0.3624803960276345,HC50,12401,PAL,10,final,,False
11.286628508077035,98.70088754880551,True,3.909661229611041,5,0,0,1.225,1.4524999999999992,2.2490220556080747,1.4470445631060547,-2.861252581976303,-5.702920525870781,-70.77127653364424,112.33236592089503,0.38117227310418417,PLL96-board-fixed,12401,PAL,10,final,,False
13.529453054510135,96.42864626714018,True,0.7020075282308658,3,0,0,0.9,0.6274999999999995,1.8838030582066512,1.6857142239462382,1.1131801899870548,-2.45747180654922,-66.76143706934955,128.46862298092736,0.584259140535412,OVP56,12401,PAL,14,final,,False
13.684236384379656,96.89478788404134,True,0.6913425345043914,0,0,1,0.45,0.04124999999999999,1.3615467036534252,1.3241051087051212,1.0839994767840484,-1.9764639958111394,-65.57165000447104,130.54005785898602,0.592034409147999,VLP56,12401,PAL,14,final,,False
-6.629769241555556,-81.4605461493459,False,591.0759096612296,610,8,0,1000000.0,1000000.0,1000000.0,83.30311513630993,23.94252725495134,-156.34163150344952,-69.54864272890455,78.20288280051163,-0.30974032167897436,PLL96-rejected-board,12401,PAL,14,final,,False
9.193897203568447,96.56565573928556,True,5.594730238393978,559,8,0,1.95,1000000.0,3.645119958218648,15.89810136003502,-1.5272651929991965,-1.7832683000015492,-55.06900625568772,123.25024015673422,0.32016802518829157,PLL96-IQ-corrected,12401,PAL,14,final,,False
18.315680051801568,96.27704345434405,True,0.0,0,0,2,0.025,0.04124999999999999,0.0747948012570524,1.731533269039992,1.8244634009647196,-1.1722284568596757,-57.88158202103345,120.38930500715803,0.8140527003656612,floating-PLL-IQ40,12401,PAL,14,final,,True
4.408726515368933,44.53933714365898,True,89.37892095357591,610,8,0,1000000.0,1000000.0,1000000.0,49.051932927822364,27.39978423412846,-25.610640342371248,-3.952227952330901,90.66433283577545,0.4442863474038988,HC50,12401,PAL,14,final,,False
11.86172387393075,98.82643509021139,True,3.646173149309912,11,0,0,0.975,1.7149999999999999,2.0668724205115128,3.528793163679455,-2.413945039313516,-3.66804088641427,-60.40826905130437,112.22605306143406,0.419389353169482,PLL96-board-fixed,12401,PAL,14,final,,False
16.094498343234594,97.6264991445574,True,0.46925972396486826,0,0,2,0.05,0.04124999999999999,0.02064532654613923,0.11221996919961413,0.9497991497995523,-1.2256607516667222,-57.787199550783406,124.32651402358931,0.7068991775848147,OVP56,12401,PAL,30,final,,True
16.315864094183233,97.60965533649029,True,0.5037641154328732,0,0,2,0.05,0.04124999999999999,0.01773553439645586,0.24803886788860824,1.1103941169657168,-1.1249602181528675,-56.264788834276224,123.67643359553051,0.7160261114089534,VLP56,12401,PAL,30,final,,True
-6.652213590431727,-81.8959251573013,False,590.3713927227101,610,8,0,1000000.0,1000000.0,1000000.0,84.93595049926068,23.195688874036826,-156.29603617663133,-67.7513092132979,67.0110340514131,-0.3163687849982126,PLL96-rejected-board,12401,PAL,30,final,contrast;strong_detail;sync;h_jitter_us;v_jitter_us;h_width_rmse_us;sync_error_ire;black_error_ire;white_error_ire;fine_detail,False
9.147717178239661,98.22419836885211,True,5.95922208281054,610,8,0,1000000.0,1000000.0,1000000.0,14.009266065182617,-1.1381704694965076,-1.5344920339830803,-41.82142510094644,107.16859039809472,0.3293610490476934,PLL96-IQ-corrected,12401,PAL,30,final,strong_detail;sync;h_jitter_us;v_jitter_us;h_width_rmse_us;sync_error_ire;fine_detail,False
21.820715837168642,96.47823537782405,True,0.0,0,0,2,0.025,0.025,0.017706625600716088,1.5882863559236269,1.7747341486778307,-0.9922386400608144,-45.476512206886596,111.78248502216434,0.921957758686598,floating-PLL-IQ40,12401,PAL,30,final,,True
4.460455724105291,44.513786222009095,True,89.01756587202007,610,8,0,1000000.0,1000000.0,1000000.0,48.9260847505939,27.400644899844064,-25.535935340818543,1.8720393790190002,84.33037022828205,0.5379040168773807,HC50,12401,PAL,30,final,contrast;strong_detail;sync;h_jitter_us;v_jitter_us;h_width_rmse_us;sync_error_ire;black_error_ire;white_error_ire;fine_detail,False
12.074832899677165,97.22357281474697,True,3.451693851944793,0,0,2,0.25,0.06624999999999999,0.09348665197963106,5.688622321309963,-0.7970592381059772,-2.6172540506181403,-57.3505613917821,111.49960090861143,0.44448396630241543,PLL96-board-fixed,12401,PAL,30,final,strong_detail;sync_error_ire;fine_detail,True
0.8585580573325009,55.2999577252692,True,224.19069323563147,506,12,0,1000000.0,1000000.0,1000000.0,35.658178797754125,14.155244905561124,-29.6805753655482,-90.90819482909475,148.31509336031547,0.10959838979953591,OVP56,12401,NTSC,0,final,,False
0.10922517698685494,59.31118769145799,True,228.5424199273257,506,12,0,1000000.0,1000000.0,1000000.0,26.260083249154658,8.704575674424595,-32.73609658630131,-94.74405996831734,153.7689689061305,0.10408305780643892,VLP56,12401,NTSC,0,final,,False
-6.681119197817117,-77.63564090478098,False,626.4055429949393,506,12,0,1000000.0,1000000.0,1000000.0,90.56101168939969,19.95969955263783,-148.3371531767859,-77.21139271240118,137.12803674904222,-0.0813093084580201,PLL96-rejected-board,12401,NTSC,0,final,,False
2.8811740792648015,85.12687117089513,True,114.11428588631622,310,8,0,1.9,0.6712499999999999,3.3112420599514976,11.544406575132808,3.0716039797818575,-11.33160338635883,-77.93126551788147,137.27522490965515,0.0827332991676165,PLL96-IQ-corrected,12401,NTSC,0,final,,False
6.065633627037061,92.06667824588872,True,40.42319074441471,397,10,0,1.725,1.80625,3.395133626155168,4.762854665028945,1.1856015155286581,-8.20537254510135,-80.87409152149755,139.43100820168542,0.2441172613868091,floating-PLL-IQ40,12401,NTSC,0,final,,False
0.904766726744112,31.786023063074687,True,231.37006385342312,506,12,0,1000000.0,1000000.0,1000000.0,52.84043974354826,27.196584914828005,-41.42129576086128,-84.3907939662435,139.58632459945449,0.07171782541948162,HC50,12401,NTSC,0,final,,False
0.3785066091157544,69.59976815197099,True,195.57782681602927,346,7,0,1.9012499999999997,0.9349999999999999,3.3631772087566247,17.206452697899113,2.9815270009329384,-30.118204418892343,-85.52779225759399,130.17605037304287,0.07269678685495995,PLL96-board-fixed,12401,NTSC,0,final,,False
5.216623401666193,80.64496789558163,True,66.33786619381215,500,12,0,1.63125,1000000.0,3.543421134064272,17.116432128743323,5.034942448581485,-13.892573571020764,-81.71253699552538,143.0523383088094,0.2439156625399982,OVP56,12401,NTSC,4,final,,False
4.959397205684372,84.82284486034325,True,62.59727787528563,488,12,0,1.2487499999999996,1000000.0,3.4716760681581773,11.264886222143462,2.8405250831356454,-12.908366386668803,-90.30755155976865,151.01816871767713,0.24177122487007308,VLP56,12401,NTSC,4,final,,False
-6.658178522599579,-83.23856993708402,False,596.9971430033688,506,12,0,1000000.0,1000000.0,1000000.0,88.58104745603019,22.22361742316964,-156.64969320008217,-74.41426570534466,133.9030224937884,-0.20021553177562865,PLL96-rejected-board,12401,NTSC,4,final,,False
7.9987018301349195,92.81878794217774,True,17.853971044685352,343,9,0,1.8725,1.5550000000000002,3.41175060312358,10.576139812979507,-0.028523147907606156,-4.163901495089708,-73.86620950053906,134.18421747298868,0.20054507308635774,PLL96-IQ-corrected,12401,NTSC,4,final,,False
10.384372638951678,95.81201850305102,True,2.280479397411543,126,4,0,1.725,1.29125,3.1201918273519156,2.5959378495939758,1.2814312604242863,-2.5344778103063135,-76.51218812452964,136.88197054135873,0.452638020185276,floating-PLL-IQ40,12401,NTSC,4,final,,False
3.3133065249684464,42.62622440027752,True,130.56835868704596,506,12,0,1000000.0,1000000.0,1000000.0,49.413359305936034,27.26630407705807,-28.950796484399163,-77.53531137685493,127.67352909453632,0.16810526719855928,HC50,12401,NTSC,4,final,,False
5.9526207573663115,90.82349834131763,True,40.94627100223683,90,0,0,1.65,1.0287499999999994,2.9056991310016675,3.4245675510042988,-2.489924336680718,-14.550840641068334,-82.03962834464018,128.15697772715183,0.1887250463810967,PLL96-board-fixed,12401,NTSC,4,final,,False
7.62789105125528,87.91002646884917,True,22.932741663079117,460,12,0,1.6375,1000000.0,3.497199966930066,10.87695430164289,2.6110890749428326,-9.330978443758905,-88.10877261868711,139.96221512193085,0.33334993241716493,OVP56,12401,NTSC,6,final,,False
7.615897498412181,91.21428194009218,True,20.519046142452442,391,11,0,1.7325,1.025,3.454960202375709,6.841562726757155,1.3366984758543274,-7.8469048976483435,-88.09177914341862,144.64729334802337,0.33746310187300904,VLP56,12401,NTSC,6,final,,False
-6.61685579863471,-83.01562585325482,False,591.4058289956557,506,12,0,1000000.0,1000000.0,1000000.0,86.79279379536091,23.094764521242144,-157.28596067895242,-73.00618718648624,131.47382793581505,-0.2527833505696937,PLL96-rejected-board,12401,NTSC,6,final,,False
9.10915075407907,93.7834671475468,True,7.916198779529574,398,10,0,1.8237499999999993,0.05,3.5349920765797314,12.337515636279283,-0.9276726675000586,-2.943886696513447,-72.51939295673617,136.24990442806302,0.2508312254246307,PLL96-IQ-corrected,12401,NTSC,6,final,,False
12.259160717107058,95.95322671817772,True,0.2822375491845969,33,1,0,1.475,1.05,2.696190347324599,2.2547849063462313,1.4476811811069619,-2.0056822762998467,-71.21004803145159,132.72746954831808,0.5481979800945388,floating-PLL-IQ40,12401,NTSC,6,final,,False
3.9626947648589166,44.29648740107566,True,107.32402676966707,506,12,0,1000000.0,1000000.0,1000000.0,49.05682676104788,27.293667366155667,-26.504781438146406,-60.18200402763523,121.55738011395754,0.24866481827008177,HC50,12401,NTSC,6,final,,False
8.847087008825968,95.75963323940256,True,12.967121959737119,11,0,0,1.175,1.0699999999999996,2.444924137965029,0.5520953161850176,-3.0561860086785964,-10.16272804213143,-81.13136232431009,121.48920333434121,0.27856346303000196,PLL96-board-fixed,12401,NTSC,6,final,,False
9.666710484026815,91.63230179457403,True,5.654535218730337,336,10,0,1.9,0.28874999999999995,3.3432740865276154,7.275115196405971,1.8484972646640465,-6.603112173733386,-70.71123510951165,132.03114909148331,0.4188532779877202,OVP56,12401,NTSC,8,final,,False
9.783230400980543,94.00966004867068,True,4.709980220792554,204,6,0,1.875,1.28125,3.2305278232134595,4.607282984451886,1.0770214380490082,-5.211685927519953,-73.38835134384775,138.47607106465767,0.426140350713943,VLP56,12401,NTSC,8,final,,False
-6.560050721708849,-82.10802615822207,False,589.2939394942905,506,12,0,1000000.0,1000000.0,1000000.0,85.39772969109428,23.66938199540695,-156.7111275195718,-72.1677252712696,125.86077993750995,-0.2745074255515699,PLL96-rejected-board,12401,NTSC,8,final,,False
9.322374785469743,94.11717994994997,True,5.982683409248962,435,12,0,1.8,1000000.0,3.576670298271174,14.090452228088257,-1.1898005472188986,-2.634493675223984,-68.50035728338715,129.5836736783636,0.27513152657691303,PLL96-IQ-corrected,12401,NTSC,8,final,,False
14.039195136951088,95.7211695738068,True,0.030105338579690336,0,0,0,0.925,0.05,2.013024230202756,2.341653710817159,1.7848753995619704,-1.800556640251263,-65.54964672126995,126.98070236744051,0.6353796376200114,floating-PLL-IQ40,12401,NTSC,8,final,,False
4.184988905427879,44.4730240257898,True,98.49714149810187,506,12,0,1000000.0,1000000.0,1000000.0,49.20449461541761,27.38872257878957,-25.922642565789126,-56.61084026297919,105.86977825219692,0.32317363211024475,HC50,12401,NTSC,8,final,,False
10.566260937883847,97.74372444336063,True,5.154033964842986,6,0,0,1.101249999999999,0.6787499999999995,2.1103524587139466,0.4718662730235381,-3.019753427273388,-7.504610565745239,-79.67949274349776,115.29693200046763,0.34795805230007915,PLL96-board-fixed,12401,NTSC,8,final,,False
11.282638797742422,93.81648797572153,True,1.4608615545794736,133,4,0,1.75,1.3024999999999998,3.108085861294637,4.873325374457677,1.5148743302046275,-4.787668387243064,-68.37630987317095,129.61266680242602,0.49229572200125044,OVP56,12401,NTSC,10,final,,False
11.427581461224705,95.40535778686774,True,1.263671586882502,48,1,0,1.65,0.75,2.8363786186125206,3.160716251749927,1.0417602049005161,-3.7405977893718934,-69.44926800863753,129.81330740798822,0.5003340701331634,VLP56,12401,NTSC,10,final,,False
-6.533915623001581,-81.53918070426032,False,588.8047277423706,506,12,0,1000000.0,1000000.0,1000000.0,84.35901302068778,23.97042124569225,-156.39715850754493,-69.84303703804638,87.53597791108413,-0.28772500772597714,PLL96-rejected-board,12401,NTSC,10,final,,False
9.294575000504624,94.69033443094973,True,5.735066999431009,447,10,0,1.8049999999999997,1.475,3.5943753140573795,15.173946117617241,-1.468340021752053,-2.4147507988420864,-68.39414271247085,125.19248607195934,0.29016912284109125,PLL96-IQ-corrected,12401,NTSC,10,final,,False
15.669155104830415,95.766275467697,True,0.0,0,0,2,0.075,0.025,1.025734215973213,2.204819100474001,1.881996077626521,-1.6286201963207172,-61.36354950136863,122.26162767502419,0.7118548086815182,floating-PLL-IQ40,12401,NTSC,10,final,,False
4.276452461248702,44.45381065461048,True,95.61681322948999,506,12,0,1000000.0,1000000.0,1000000.0,49.21593111502146,27.40015666407991,-25.792405935792708,-25.47177356555271,98.42294925304313,0.3812093688219488,HC50,12401,NTSC,10,final,,False
11.280247908408672,98.53267627778955,True,3.856493872058332,6,0,1,1.075,0.4874999999999998,2.0817219434881307,1.2451357544684842,-2.9036552913040508,-5.814496426048081,-69.45001426267882,112.26605082272269,0.38356365931156305,PLL96-board-fixed,12401,NTSC,10,final,,False
13.656027923567212,96.3797773966262,True,0.5983436042713454,4,0,2,0.8987499999999997,0.05,1.842162316950391,1.7189156707358193,1.1085983628917662,-2.5600389628525044,-65.86078591944484,124.42595739033811,0.6061049127565882,OVP56,12401,NTSC,14,final,,False
13.823449877511196,96.84948963337139,True,0.5569487637242713,0,0,2,0.525,0.05,1.303810165866412,1.348488324147677,1.0767277703225766,-2.0916836902735354,-65.0558595989401,125.22828714087643,0.6140880593951887,VLP56,12401,NTSC,14,final,,False
-6.530240300846543,-81.21788254757472,False,589.100512693916,506,12,0,1000000.0,1000000.0,1000000.0,83.41835126485886,23.84767328062024,-156.3069139655551,-70.03598409691558,78.08812506582422,-0.3013000436993867,PLL96-rejected-board,12401,NTSC,14,final,,False
9.173648750585393,95.96320046059775,True,5.721519597070148,465,11,0,1.95,0.05,3.646778565040524,16.001791819806044,-1.5654523503478424,-1.9307702094001693,-55.02929275279125,122.94646939366291,0.3087601300019233,PLL96-IQ-corrected,12401,NTSC,14,final,,False
18.47776333351537,96.18084203049897,True,0.0,0,0,2,0.025,0.025,0.037705300997607195,1.7633910076834485,1.8057568916742102,-1.2950473735912493,-56.642637544327755,118.86792246105568,0.8265415844071444,floating-PLL-IQ40,12401,NTSC,14,final,,True
4.367518994252234,44.51401071814678,True,94.68354773351959,506,12,0,1000000.0,1000000.0,1000000.0,49.04870295376181,27.340583309076397,-25.70310480206801,-4.034573209594605,89.07417681178208,0.46761620321707054,HC50,12401,NTSC,14,final,,False
11.849101364994874,98.50323015990836,True,3.500498243353494,4,0,1,1.025,0.075,2.029224664507068,3.531438965517752,-2.4907459691556597,-3.7934484670545516,-60.79368249770494,112.13208063930529,0.4207597953757388,PLL96-board-fixed,12401,NTSC,14,final,,False
16.266028974720516,97.6092916659295,True,0.39739046925191246,0,0,2,0.05,0.036249999999999984,0.022032360318081465,0.11868958805548181,0.9159426951604767,-1.3518528758879051,-56.73303818858477,124.00267869924075,0.727746279356999,OVP56,12401,NTSC,30,final,,True
16.500016234304123,97.58598119197956,True,0.41921683972218793,0,0,2,0.05,0.05,0.018329440238224415,0.2534625821689219,1.0847207404756858,-1.2465518422264152,-56.49069805550943,123.53645999539548,0.7371476069629868,VLP56,12401,NTSC,30,final,,True
-6.553753320816931,-81.72761249009255,False,588.5051796235027,506,12,0,1000000.0,1000000.0,1000000.0,84.9637863673283,23.242357151705168,-156.27003066732033,-67.69724821212863,68.25808949692508,-0.31104406786642,PLL96-rejected-board,12401,NTSC,30,final,contrast;strong_detail;sync;h_jitter_us;v_jitter_us;h_width_rmse_us;sync_error_ire;black_error_ire;white_error_ire;fine_detail,False
9.156935243905545,97.87770454780718,True,5.865272588788169,506,12,0,1000000.0,1000000.0,1000000.0,13.911953439021019,-1.2466151890887858,-1.641092262311021,-45.64409206892071,107.03752535718318,0.32415540573986407,PLL96-IQ-corrected,12401,NTSC,30,final,strong_detail;sync;h_jitter_us;v_jitter_us;h_width_rmse_us;sync_error_ire;fine_detail,False
22.099184645252315,96.39091748900232,True,0.0,0,0,2,0.025,0.025,0.019567962038493456,1.6083914834405526,1.7530799340715468,-1.1069993202728696,-45.713797652550966,111.84372122561201,0.9316009512715764,floating-PLL-IQ40,12401,NTSC,30,final,,True
4.417879458044595,44.496023287617625,True,94.44044712448859,506,12,0,1000000.0,1000000.0,1000000.0,48.91765489941049,27.34656112432832,-25.622157990123867,1.6260521060199409,84.22582249991866,0.56023216865253,HC50,12401,NTSC,30,final,contrast;strong_detail;sync;h_jitter_us;v_jitter_us;h_width_rmse_us;sync_error_ire;black_error_ire;white_error_ire;fine_detail,False
12.047907582885554,96.88198621363725,True,3.3002977417985533,0,0,2,0.25,0.1537499999999999,0.09172803072427402,5.665853160742351,-0.8043952937732597,-2.7442421050733716,-57.533157841349706,110.79376782673428,0.4459918031253956,PLL96-board-fixed,12401,NTSC,30,final,strong_detail;sync_error_ire;fine_detail,True
0.8374061347511299,55.37932352655172,True,223.00125470514428,610,8,0,1000000.0,1000000.0,1000000.0,35.54465356799705,13.841786101294394,-30.051627563514963,-90.06859865320067,150.73870560926392,0.10598647452402846,OVP56,12402,PAL,0,final,,False
0.06378342132766993,59.275916172888486,True,228.3500627352572,610,8,0,1000000.0,1000000.0,1000000.0,26.230226798933344,8.502341227156807,-33.09307522034409,-94.2437466720522,155.62835900876493,0.09877922687862441,VLP56,12402,PAL,0,final,,False
-6.7590942902413795,-77.40093791153501,False,627.7490589711417,609,8,0,1.15,1000000.0,3.65,89.92055021240182,20.72772597266816,-147.64815198443745,-77.22670653004,137.66027430624422,-0.08439378642032491,PLL96-rejected-board,12402,PAL,0,final,,False
2.8826082482719864,85.32606172735977,True,113.21016311166876,394,3,0,1.8375,1.0599999999999998,3.273813663417296,11.972483349237876,2.522918877093625,-11.427332958661301,-77.89216120519923,137.62272477304649,0.08493730970557375,PLL96-IQ-corrected,12402,PAL,0,final,,False
6.0082193420785215,92.19345058222379,True,40.80552070263488,471,5,0,1.95,1.8599999999999999,3.4183914608856774,4.9577774489300666,1.2346994296361262,-7.989927060200932,-79.29322376059943,139.86657373340097,0.23640679749865498,floating-PLL-IQ40,12402,PAL,0,final,,False
0.8836178984102043,31.701046175573172,True,228.8193224592221,610,8,0,1000000.0,1000000.0,1000000.0,52.76825742428488,27.21301937398035,-41.45312356339025,-84.06018825698713,142.46175961638255,0.06292664325932375,HC50,12402,PAL,0,final,,False
0.3159545070843969,69.48519948829235,True,196.01191969887077,410,4,0,1.875,1.8362499999999997,3.389584229665933,17.717426444350505,2.431337804578652,-30.882567005369147,-84.83272395517682,129.83726395128895,0.07196993326410286,PLL96-board-fixed,12402,PAL,0,final,,False
5.172541922311792,80.70442163864578,True,66.54579673776664,603,8,0,1.8925,1000000.0,3.5861340107220117,17.103085385672376,4.946082471118737,-13.884829709930981,-83.41301193549367,146.89098101408442,0.2330145612085626,OVP56,12402,PAL,4,final,,False
4.877522867114753,84.83313123910534,True,63.46612296110414,578,8,0,1.9112500000000001,1000000.0,3.5293053273625956,11.168033886365603,2.802537899343027,-13.021925478332626,-89.37721594494731,150.25187445601503,0.23024230458001343,VLP56,12402,PAL,4,final,,False
-6.758880571976401,-83.5117798827721,False,598.9347553324968,610,8,0,1000000.0,1000000.0,1000000.0,88.61998788507469,22.265005659132566,-156.63778065807762,-75.77996158379275,135.039795064368,-0.20498637269998946,PLL96-rejected-board,12402,PAL,4,final,,False
8.048004262849473,93.09732723623868,True,17.018820577164366,421,6,0,1.875,1.08,3.359987677918953,10.72336862426142,-0.169636884862321,-3.8910753786953096,-74.69870861624248,135.2963437432613,0.21006211785874887,PLL96-IQ-corrected,12402,PAL,4,final,,False
10.26595359011523,95.92263710613669,True,2.4065244667503136,169,0,0,1.8,0.7799999999999999,3.109581692015781,2.5238721934663535,1.2830029734697848,-2.4600872414403723,-75.72489281720094,136.4597145425132,0.4370340798590325,floating-PLL-IQ40,12402,PAL,4,final,,False
3.318374586550311,42.5691479209886,True,126.78419071518194,610,8,0,1000000.0,1000000.0,1000000.0,49.34087222035915,27.34868163688941,-29.09723135581691,-76.16417018840907,126.91529067336046,0.15633220291571023,HC50,12402,PAL,4,final,,False
5.947781671865876,91.08672254713386,True,40.45294855708909,66,0,0,1.75,1.3187499999999999,2.8826753763418536,3.3205693640443563,-2.2611674057527353,-14.36534983903672,-81.99087987358415,126.27836525618216,0.1871915198334167,PLL96-board-fixed,12402,PAL,4,final,,False
7.570418790770193,87.98753434007742,True,23.06900878293601,546,8,0,1.8924999999999996,1000000.0,3.4722673608177126,10.931823891839768,2.5604622416066136,-9.224712248542755,-86.43070525211382,138.50526020231672,0.3183771727340029,OVP56,12402,PAL,6,final,,False
7.559070607875046,91.32584874969224,True,20.895859473023837,480,4,0,1.85,1.7762499999999997,3.4110277889403187,6.794409736573239,1.333390381916496,-7.693385559819535,-88.0898405669906,149.64202445441686,0.32186679916121086,VLP56,12402,PAL,6,final,,False
-6.719123100002671,-83.32741266860748,False,593.5583437892096,610,8,0,1000000.0,1000000.0,1000000.0,86.89916181343278,23.06772523355036,-157.4145161957796,-73.25121398827746,132.85996837665266,-0.2600425200354882,PLL96-rejected-board,12402,PAL,6,final,,False
9.10924131496043,94.20601816883082,True,7.648055207026349,484,7,0,1.89375,0.375,3.45151508025191,12.262756840632868,-0.941200097112399,-2.8138734675239925,-73.59425622476611,133.06016778507586,0.25666220338361473,PLL96-IQ-corrected,12402,PAL,6,final,,False
12.159552347170575,96.0686728644434,True,0.3306148055207026,41,0,0,1.5400000000000005,0.525,2.695799758082307,2.2082315500156886,1.448797482915122,-1.8544581009612233,-71.31256767500825,131.21213980405543,0.5326898182516121,floating-PLL-IQ40,12402,PAL,6,final,,False
3.998056543477258,44.35134200555134,True,102.52446675031368,610,8,0,1000000.0,1000000.0,1000000.0,48.993332920204146,27.33874406139355,-26.465637464298485,-62.78469641735445,119.68752954461051,0.23421794776019103,HC50,12402,PAL,6,final,,False
8.834149168106972,96.02021600289089,True,12.899623588456713,12,0,0,1.2537499999999995,0.7374999999999998,2.2551712684035277,0.525785891880497,-3.108560896437784,-9.939581235793545,-80.82121330105365,122.925313974627,0.2773692359493338,PLL96-board-fixed,12402,PAL,6,final,,False
9.59400359267235,91.65895781506272,True,5.852572145545797,417,5,0,1.9,1.075,3.337645904128709,7.409258629897242,1.8389392056452205,-6.474968029860491,-75.25945681384206,137.08816768019346,0.39991749835717105,OVP56,12402,PAL,8,final,,False
9.69669361036146,94.01524998104236,True,5.050815558343789,268,2,0,1.8737499999999998,1.4875,3.2306803187002933,4.688358230328134,1.1053217293047364,-5.095800471773228,-76.12601274817855,147.07489089237552,0.4060358254475488,VLP56,12402,PAL,8,final,,False
-6.658605116593477,-82.3401560028163,False,591.4071518193225,610,8,0,1000000.0,1000000.0,1000000.0,85.46033656565744,23.717823689532363,-156.61775681766235,-71.72350179774546,126.97777954409702,-0.2830168083260099,PLL96-rejected-board,12402,PAL,8,final,,False
9.359770386478042,94.62344376552072,True,5.7007528230865745,523,8,0,1.95,1000000.0,3.557513903333871,14.021787325563002,-1.2319455188971165,-2.4772470352268066,-68.92916991633777,129.33160829439348,0.2836220182652913,PLL96-IQ-corrected,12402,PAL,8,final,,False
13.923647516417038,95.77341449830575,True,0.02383939774153074,3,0,0,0.8924999999999983,0.04124999999999999,2.003201463604978,2.3473964191425725,1.8074955092927574,-1.6814414048777138,-65.9799618213015,128.1456718970272,0.6193955853524988,floating-PLL-IQ40,12402,PAL,8,final,,False
4.226988358625857,44.51762087238871,True,93.31493099121705,610,8,0,1000000.0,1000000.0,1000000.0,49.202555363121206,27.449512471325626,-25.798510052719163,-51.92528372410043,110.8880690774418,0.3059180439868777,HC50,12402,PAL,8,final,,False
10.528426562295117,97.87498298611332,True,5.329987452948557,7,0,0,1.2224999999999995,1.3537499999999998,2.15727874310578,0.6245764021213154,-2.939763051665331,-7.390252499846603,-80.54299468447634,116.54212375371671,0.342385177852131,PLL96-board-fixed,12402,PAL,8,final,,False
11.183216358953462,93.85105257451596,True,1.5777917189460477,185,2,0,1.7949999999999988,1.9,3.105705612729767,4.881241414980702,1.5266097230645017,-4.679595205942387,-71.35974637517369,134.04414415110054,0.4706455629560769,OVP56,12402,PAL,10,final,,False
11.31635971917763,95.4111410703045,True,1.3601003764115434,67,0,0,1.725,1.45,2.859949998918995,3.2054409476496146,1.0841311139806034,-3.6118300306480493,-71.06823797412585,135.05850543369334,0.4779410296643503,VLP56,12402,PAL,10,final,,False
-6.6341660088948835,-81.85732845493189,False,591.3186951066499,610,8,0,1000000.0,1000000.0,1000000.0,84.4622090212654,24.00213834322037,-156.43674365887577,-70.40188908812961,86.90752914458125,-0.2962295806651044,PLL96-rejected-board,12402,PAL,10,final,,False
9.335581471552437,95.25058764139077,True,5.478042659974906,535,7,0,2.0,0.15,3.597005699189258,15.005018922075154,-1.4518586944760627,-2.244424472784556,-55.20717612843172,123.20234286623273,0.3000756646228381,PLL96-IQ-corrected,12402,PAL,10,final,,False
15.533402779730656,95.81964521535635,True,0.0025094102885821834,0,0,1,0.375,0.025,1.1328541859204022,2.213832828286566,1.9167369875479567,-1.5046370916085192,-63.20562066694171,125.92449345028626,0.6962487995830035,floating-PLL-IQ40,12402,PAL,10,final,,False
4.315578759188327,44.476156007663896,True,90.23212045169385,610,8,0,1000000.0,1000000.0,1000000.0,49.233974221937245,27.46151039447333,-25.700717437900355,-21.784335985599924,99.27156350877144,0.36147370134515056,HC50,12402,PAL,10,final,,False
11.28204451844872,98.70113448651972,True,3.9435382685069005,5,0,0,1.275,0.7049999999999998,2.164933005281081,1.487893717545785,-2.7926921916504104,-5.711051699968048,-69.1676333439332,116.46163257285073,0.3810508739567039,PLL96-board-fixed,12402,PAL,10,final,,False
13.526083228937171,96.42605972304662,True,0.6813048933500627,1,0,1,0.9050000000000011,0.7474999999999996,1.8778907655723756,1.711350811512366,1.10405605292017,-2.434104185775017,-65.34501499671948,129.79219242400853,0.5826256594270924,OVP56,12402,PAL,14,final,,False
13.68250877438781,96.89041455328669,True,0.6562107904642409,1,0,2,0.7650000000000006,0.05,1.3435937826864053,1.3429549260174296,1.0810460540849505,-1.9647042954598406,-67.03983475079676,129.3824369023992,0.5903545120264444,VLP56,12402,PAL,14,final,,False
-6.630724625144577,-81.48305262683046,False,591.2484316185696,610,8,0,1000000.0,1000000.0,1000000.0,83.34655380462794,23.87399697862838,-156.3595361272018,-69.68964809593736,78.19736752829102,-0.30920804648024713,PLL96-rejected-board,12402,PAL,14,final,,False
9.193050447287261,96.58044631635427,True,5.658092848180678,556,6,0,1.9349999999999994,1.5699999999999998,3.6269774300066686,15.847817367510006,-1.520194292878571,-1.79800735277513,-55.21454249083661,119.54940669657479,0.319946596866401,PLL96-IQ-corrected,12402,PAL,14,final,,False
18.291583235581935,96.26450704507425,True,0.0,0,0,2,0.025,0.025,0.12227773412316359,1.735469380396474,1.827020472149485,-1.1727386626934748,-57.22918988179117,120.89677960996683,0.8126838229806804,floating-PLL-IQ40,12402,PAL,14,final,,True
4.409409762454565,44.54041559533393,True,89.26662484316186,610,8,0,1000000.0,1000000.0,1000000.0,49.05480826908203,27.400108829893746,-25.61197980197129,-3.9179147679737554,88.55648042168953,0.44512157765613675,HC50,12402,PAL,14,final,,False
11.867545762032826,98.77569336166472,True,3.620451693851945,6,0,0,1.175,0.7049999999999998,2.208776846420835,3.673428593266586,-2.4064726353245174,-3.6629515163942226,-60.50615525143253,112.4368146669565,0.41880022719387333,PLL96-board-fixed,12402,PAL,14,final,,False
16.092617057195607,97.62288490469841,True,0.46925972396486826,0,0,2,0.05,0.04124999999999999,0.020891993917193867,0.10652219446664062,0.9575556007573275,-1.228194583949239,-54.877043661376845,124.15143633756247,0.7065614195626511,OVP56,12402,PAL,30,final,,True
16.314479506760605,97.60265641656945,True,0.501254705144291,0,0,2,0.05,0.04124999999999999,0.017993623642926365,0.2523657294155085,1.1116304248532252,-1.1260530198884562,-54.0056960057788,123.68437404766794,0.715640124667055,VLP56,12402,PAL,30,final,,True
-6.652447392640125,-81.89248805591802,False,590.3682559598494,610,8,0,1000000.0,1000000.0,1000000.0,84.92732707380857,23.241811042446937,-156.30312078325707,-67.31113841657785,66.98290175909136,-0.316538188160375,PLL96-rejected-board,12402,PAL,30,final,contrast;strong_detail;sync;h_jitter_us;v_jitter_us;h_width_rmse_us;sync_error_ire;black_error_ire;white_error_ire;fine_detail,False
9.14263418015903,98.2054604730722,True,5.929736511919699,610,8,0,1000000.0,1000000.0,1000000.0,14.007515059701314,-1.0982271729584185,-1.531755048961876,-41.821425100946456,107.16859039930983,0.3282757829643176,PLL96-IQ-corrected,12402,PAL,30,final,strong_detail;sync;h_jitter_us;v_jitter_us;h_width_rmse_us;sync_error_ire;fine_detail,False
21.810337634236188,96.47806832692193,True,0.0,0,0,2,0.025,0.025,0.019679814073491984,1.5906939408774723,1.7738437947366148,-0.9875107302660119,-45.7191880592724,111.83092575105653,0.921704676731029,floating-PLL-IQ40,12402,PAL,30,final,,True
4.460566564114849,44.513495237080186,True,89.00439146800501,610,8,0,1000000.0,1000000.0,1000000.0,48.92703808974267,27.399414591480777,-25.53813784002189,3.5483147661209813,84.3341349607968,0.5380871859991089,HC50,12402,PAL,30,final,contrast;strong_detail;sync;h_jitter_us;v_jitter_us;h_width_rmse_us;sync_error_ire;black_error_ire;white_error_ire;fine_detail,False
12.07428916585422,97.22454368374794,True,3.4341279799247175,0,0,2,0.2,0.075,0.0804826628311554,5.67762815945145,-0.7989115090654032,-2.623570643912925,-57.568760201938055,111.49960718861371,0.4440755488465391,PLL96-board-fixed,12402,PAL,30,final,strong_detail;sync_error_ire;fine_detail,True
0.8738602718860706,55.37200555072234,True,223.47418617743483,506,12,0,1000000.0,1000000.0,1000000.0,35.55532343153029,13.777862961197904,-30.242743511056048,-90.1181258233231,149.50384864335172,0.11370721237842588,OVP56,12402,NTSC,0,final,,False
0.11528654007783877,59.255534307670814,True,227.7190389171712,506,12,0,1000000.0,1000000.0,1000000.0,26.262034634381045,8.461570419982406,-33.43765563884807,-95.40587201114121,154.935595644891,0.10773196808591907,VLP56,12402,NTSC,0,final,,False
-6.688476196321123,-77.58163390395595,False,627.7873780357471,506,12,0,1000000.0,1000000.0,1000000.0,89.99233636040874,19.909823311390618,-148.280702926607,-76.8881562140699,138.41985869898167,-0.08285659114941143,PLL96-rejected-board,12402,NTSC,0,final,,False
2.8741120859649874,84.91675828221582,True,114.52672902485799,328,9,0,1.8537500000000002,1.42,3.281881761011269,12.473111820705782,2.5593441794415894,-12.135317551689601,-78.09635789475121,136.63202709354982,0.08766711580592407,PLL96-IQ-corrected,12402,NTSC,0,final,,False
6.16473811855022,92.39656898733266,True,39.62539927205292,395,7,0,1.7875,1.385,3.4549033245493255,4.761874405531546,1.1045628033873856,-7.6333363047035245,-80.08567306720141,138.97915972825945,0.24855041206642273,floating-PLL-IQ40,12402,NTSC,0,final,,False
0.9050283960255185,31.730208105316382,True,231.47618517191654,506,12,0,1000000.0,1000000.0,1000000.0,52.73144398467028,27.28897408836021,-41.777086875139766,-83.03890055456792,138.02534363551587,0.0714479072114731,HC50,12402,NTSC,0,final,,False
0.3869319392712659,69.83462844330417,True,195.84200116206608,350,8,0,1.925,1.8199999999999996,3.3162454635263314,16.9729564039564,2.405869658841029,-30.80194503549902,-84.73145611051635,130.0364279612745,0.073327355195347,PLL96-board-fixed,12402,NTSC,0,final,,False
5.221856225025492,80.60663109075035,True,66.3408767276701,499,11,0,1.775,0.425,3.456799717327327,16.99026824829315,5.073362413783837,-14.136987507554009,-81.64002792760984,143.7675393213607,0.2456805387526103,OVP56,12402,NTSC,4,final,,False
4.964054315041983,84.75154725483009,True,62.70866762803048,478,10,0,1.89,0.41500000000000004,3.5056141198287727,11.191993481687602,2.825226535683078,-13.321012265936243,-87.26441610075345,152.05214270533844,0.24379813523534496,VLP56,12402,NTSC,4,final,,False
-6.657836912629621,-83.24826563837078,False,597.0106904057296,506,12,0,1000000.0,1000000.0,1000000.0,88.68462304620326,22.25415175325086,-156.42434391066584,-75.33694397007136,133.63641561154085,-0.20036351041209796,PLL96-rejected-board,12402,NTSC,4,final,,False
8.03822605315461,92.76996992139063,True,17.478406945903718,348,6,0,1.85,1.3625,3.3938444837303363,10.75270104861388,-0.2023588347877306,-4.141090676282097,-73.84889770644409,134.49017417459922,0.20211178869955954,PLL96-IQ-corrected,12402,NTSC,4,final,,False
10.373184682142796,95.77070782039243,True,2.3105847359912333,125,1,0,1.75,1.0875,3.1440923334167317,2.630543040615286,1.28519895476847,-2.6523251400915857,-75.14081605345397,135.90562594830584,0.452991463725682,floating-PLL-IQ40,12402,NTSC,4,final,,False
3.303599094000993,42.56073293822293,True,131.16971282517528,506,12,0,1000000.0,1000000.0,1000000.0,49.41167709767165,27.367791189469354,-29.158405343903876,-77.53020880362097,124.2611892431791,0.17263778069456015,HC50,12402,NTSC,4,final,,False
5.999706987364859,90.95433496014236,True,41.012502747112144,57,2,0,1.6,1.7099999999999997,2.875567388575006,3.2737621632785463,-2.1221393217228974,-14.387644821340626,-81.27764565653243,126.57828236671958,0.19056092106483483,PLL96-board-fixed,12402,NTSC,4,final,,False
7.637095846228933,87.84606809192998,True,23.002736575276895,458,12,0,1.95,1000000.0,3.4577321264570697,10.939507188753023,2.6534173955619282,-9.456226052618671,-79.02589092000659,136.9673783699228,0.334656060163167,OVP56,12402,NTSC,6,final,,False
7.632719430858169,91.17894789426062,True,20.50173557276912,374,7,0,1.875,1.6199999999999999,3.420664697057718,6.8965985327701045,1.3995358772316637,-7.943933454881315,-81.49305510278472,143.67255985864398,0.3382194257327446,VLP56,12402,NTSC,6,final,,False
-6.618114849101594,-83.04249327657196,False,591.8641827755315,506,12,0,1000000.0,1000000.0,1000000.0,86.9083431557706,23.049630076157037,-157.24269677362665,-73.3883266895438,133.65682593573297,-0.2510797358831479,PLL96-rejected-board,12402,NTSC,6,final,,False
9.112615818404453,93.81297867646397,True,7.827388030719487,380,11,0,1.95,0.05,3.4940418390477057,12.22720404740397,-0.9165495133534696,-3.037356732498463,-72.38420279581266,131.94799335842617,0.25048157766414614,PLL96-IQ-corrected,12402,NTSC,6,final,,False
12.252870605540004,95.94489226352209,True,0.3040639196548724,24,0,0,1.425,0.4774999999999993,2.689603658966066,2.2724776401368145,1.4444504121879818,-2.0118429776649576,-70.7242387424248,134.0577532196212,0.5477886730608013,floating-PLL-IQ40,12402,NTSC,6,final,,False
3.9668656863308867,44.30965200936992,True,107.75378047789215,506,12,0,1000000.0,1000000.0,1000000.0,49.03506507571144,27.2994465321676,-26.58259184749792,-69.19947912907219,116.72682823282973,0.25050017881754527,HC50,12402,NTSC,6,final,,False
8.842376303593456,95.7391444093039,True,13.248606875457225,8,1,0,1.2037499999999994,0.325,2.2992804335374566,0.4702473795871706,-2.994821656558955,-10.252554008861287,-81.34480066377003,122.64194459776441,0.2776019360120904,PLL96-board-fixed,12402,NTSC,6,final,,False
9.679032850731046,91.60316528736004,True,5.7049616608513185,310,6,0,1.925,1.325,3.346017374492871,7.334024116583708,1.8587303066336218,-6.631885703694082,-73.75433822380526,137.02689517693574,0.4203335020559254,OVP56,12402,NTSC,8,final,,False
9.786755344605476,93.97695748629151,True,4.7634171967715035,195,3,0,1.9,1.83,3.220734548040075,4.652393632725568,1.088687192355059,-5.220988118325986,-73.04002276591832,138.56194263639077,0.42705653126486076,VLP56,12402,NTSC,8,final,,False
-6.562580437084758,-82.19066360915448,False,589.4610241234078,506,12,0,1000000.0,1000000.0,1000000.0,85.48466501171866,23.731834293586132,-156.7395407990311,-72.41973871034719,120.88828661814533,-0.27734515564383694,PLL96-rejected-board,12402,NTSC,8,final,,False
9.3560751115529,94.2035226441871,True,5.793772409661406,426,10,0,1.7549999999999997,0.5725,3.5401569085988265,13.915133570599295,-1.2437314028107467,-2.6372770381536936,-69.162221640247,126.46825374626509,0.27934477861264934,PLL96-IQ-corrected,12402,NTSC,8,final,,False
14.028055581266168,95.7117904975008,True,0.021073737005783234,2,0,1,0.9462499999999991,0.7549999999999997,1.9959364721337327,2.360333736812094,1.7893576428681597,-1.7946051642136371,-67.45739756072709,127.68424370686883,0.6349308966009816,floating-PLL-IQ40,12402,NTSC,8,final,,False
4.189298467649398,44.493922312469245,True,98.74852107524228,506,12,0,1000000.0,1000000.0,1000000.0,49.18884091491478,27.403673221726,-25.877357844063475,-39.710950579282496,113.99104742828443,0.3231186685455728,HC50,12402,NTSC,8,final,,False
10.56362276732262,97.69696388842257,True,5.190160371138614,4,1,1,1.025,0.6625,2.103880284378371,0.4397656938204377,-2.8685747905001646,-7.486756044244784,-78.64112132100622,116.59935111458584,0.34723558310945984,PLL96-board-fixed,12402,NTSC,8,final,,False
11.292725577158054,93.84663911345943,True,1.5248353990613155,121,3,0,1.825,1.1549999999999998,3.082250453344578,4.862287788216196,1.4917873415524463,-4.7819693503406,-73.9170813313655,133.50115631823337,0.4933951284938762,OVP56,12402,NTSC,10,final,,False
11.429976865416034,95.39777852128539,True,1.299045359713638,46,0,0,1.601249999999999,0.8987499999999997,2.8623782487872624,3.187609017431064,1.0656699817606583,-3.710735077188355,-70.3168609291301,132.5930400789116,0.5004956199207314,VLP56,12402,NTSC,10,final,,False
-6.536146832935602,-81.58485580134673,False,588.8619278856719,506,12,0,1000000.0,1000000.0,1000000.0,84.41295339737522,23.986135202334605,-156.3761393217733,-71.01349820952399,84.71515083708496,-0.28817601677220667,PLL96-rejected-board,12402,NTSC,10,final,,False
9.3222847976276,94.80384022331212,True,5.600345609286895,444,11,0,1.8974999999999997,0.05,3.5813303979603504,14.999176387405278,-1.4814802400884997,-2.381518103575521,-54.9188415529283,123.548610439279,0.29346811647250504,PLL96-IQ-corrected,12402,NTSC,10,final,,False
15.67035291127253,95.76349336996616,True,0.0015052669289845168,0,0,2,0.41875,0.036249999999999984,1.0185774393731681,2.223628163147056,1.8894711858058229,-1.618465734789454,-62.83563448256183,124.94168511370299,0.7119864826530176,floating-PLL-IQ40,12402,NTSC,10,final,,False
4.2770016468646475,44.45752939908263,True,95.71992401412543,506,12,0,1000000.0,1000000.0,1000000.0,49.215141457876314,27.40599353526685,-25.778091436310564,-48.91434486814913,95.69223613510354,0.38126183360892046,HC50,12402,NTSC,10,final,,False
11.257004781566236,98.48856271291857,True,3.8813307763865765,3,1,0,1.1974999999999993,0.2125,2.092616956264601,1.3185317198469082,-2.82275012810137,-5.795284454246207,-68.63553433081734,113.26251371165736,0.3823230394549273,PLL96-board-fixed,12402,NTSC,10,final,,False
13.661972592141476,96.3942676405621,True,0.6111383731677138,2,0,0,0.9462499999999991,0.2412499999999997,1.9133741777414106,1.7086692490325683,1.0918934710053516,-2.589195471425564,-65.62209165679761,128.1004934844485,0.6066133795168727,OVP56,12402,NTSC,14,final,,False
13.824083148246482,96.85025851202414,True,0.5923225365554073,0,0,2,0.6875,0.1737499999999998,1.3776537452847988,1.344318055816365,1.05836733487607,-2.109157771791117,-63.3145627525592,126.56619337437394,0.6142930270840944,VLP56,12402,NTSC,14,final,,False
-6.531492751664215,-81.21315006095932,False,589.2367393509891,506,12,0,1000000.0,1000000.0,1000000.0,83.32854296406477,23.863354313266534,-156.29364767101103,-70.02393090547153,78.09002660435794,-0.30186734204448845,PLL96-rejected-board,12402,NTSC,14,final,,False
9.181765013392353,96.04775117096449,True,5.665824720697721,467,11,0,1.95,0.05,3.6317421827617777,15.82518817934854,-1.5233522111511948,-1.9699539508653956,-55.18978102000982,122.4833839724177,0.31043971392138425,PLL96-IQ-corrected,12402,NTSC,14,final,,False
18.46505038649947,96.18391516049472,True,0.0,0,0,2,0.025,0.025,0.15507711966463095,1.7606614453633573,1.7969101028704337,-1.2974805490961139,-55.1420681672126,120.25322512946877,0.8260690344485846,floating-PLL-IQ40,12402,NTSC,14,final,,True
4.366882035804434,44.51006073650277,True,94.76784268154272,506,12,0,1000000.0,1000000.0,1000000.0,49.04232264592269,27.344812988916964,-25.70608895643088,-2.946680945791165,89.59273043705821,0.466822722912081,HC50,12402,NTSC,14,final,,False
11.850830746269114,98.53818192269797,True,3.4997456098890014,3,0,0,0.975,0.49749999999999994,2.085755318465938,3.5725514326415895,-2.539247092583796,-3.8026367509065206,-60.46309207437994,111.66649704662842,0.42088260968511865,PLL96-board-fixed,12402,NTSC,14,final,,False
16.267193767536707,97.61440077653265,True,0.3943799353939434,0,0,2,0.05,0.036249999999999984,0.020280883344889387,0.10719021329045801,0.9131228116944996,-1.3600380327184813,-56.28769988301208,123.87714170787883,0.7278804686725527,OVP56,12402,NTSC,30,final,,True
16.497718455291242,97.58859631143233,True,0.41394840547074213,0,0,2,0.05,0.05,0.016707788531952948,0.25453165629422503,1.0842788135678083,-1.2491280136338543,-56.38622953848834,123.53645997522237,0.7370639331289655,VLP56,12402,NTSC,30,final,,True
-6.554125016363138,-81.74053586722083,False,588.5533481652302,506,12,0,1000000.0,1000000.0,1000000.0,84.98700230543419,23.230621579040825,-156.2637279575484,-67.69463974405454,66.89215364815182,-0.3105347042869239,PLL96-rejected-board,12402,NTSC,30,final,contrast;strong_detail;sync;h_jitter_us;v_jitter_us;h_width_rmse_us;sync_error_ire;black_error_ire;white_error_ire;fine_detail,False
9.155321414043026,97.86644648722682,True,5.865272588788169,506,12,0,1000000.0,1000000.0,1000000.0,13.984377330193544,-1.2297912117117382,-1.6377673190758935,-41.80299866100421,107.03752535718324,0.32398147687673506,PLL96-IQ-corrected,12402,NTSC,30,final,strong_detail;sync;h_jitter_us;v_jitter_us;h_width_rmse_us;sync_error_ire;fine_detail,False
22.09415726560993,96.39788199695978,True,0.0,0,0,2,0.025,0.025,0.019441307231703075,1.604126339288222,1.7521243468326622,-1.1056151242884316,-45.73391967763547,111.75251891068753,0.9314235646559431,floating-PLL-IQ40,12402,NTSC,30,final,,True
4.417503220843102,44.493815755387025,True,94.43141552291468,506,12,0,1000000.0,1000000.0,1000000.0,48.915043421422375,27.347671694898562,-25.626317705547123,2.6137630928450477,84.22582249030707,0.5596211207964519,HC50,12402,NTSC,30,final,contrast;strong_detail;sync;h_jitter_us;v_jitter_us;h_width_rmse_us;sync_error_ire;black_error_ire;white_error_ire;fine_detail,False
12.04241464304859,96.8614067969784,True,3.296534574476092,0,0,2,0.2375,0.3287499999999999,0.08530200939206597,5.706099223239262,-0.8051732020313414,-2.74778366298564,-50.52089713949964,110.78800829997711,0.44604458623106447,PLL96-board-fixed,12402,NTSC,30,final,strong_detail;v_jitter_us;sync_error_ire;fine_detail,True
