sinad,contrast,polarity_ok,large_errors,h_missing,v_missing,v_trains,h_jitter_us,v_jitter_us,h_width_rmse_us,sync_error_ire,black_error_ire,white_error_ire,raw_min,raw_max,h_jitter_matched_us,v_jitter_matched_us,h_expected,max_h_gap,expected_v_trains,burst_gain,burst_phase_deg,burst_phase_jitter_deg,burst_amplitude_jitter_pct,burst_rmse_ire,frequency_bias_hz,frequency_rmse_hz,frequency_error95_hz,phase_tracker_rmse_deg,model,standard,lane,cnr,rms,cfo_hz,colour_failures
11.036159399398695,93.81646935723518,True,1.468005018820577,161,2,0,2.025,2.025,3.0946724373400283,4.871050081198224,1.702185970616817,-4.688892246141928,-69.6345705943684,130.75777248298164,1.8,1.55625,610,6,2,0.8309972018115712,-61.430271974897536,33.909565741600844,52.138957885320146,15.20235816504728,-12761.657580738422,498986.49078731664,979633.8065230252,,OVP56,PAL,coarse,10,3,1000000.0,
12.056653077428923,95.52686319097012,True,1.849435382685069,0,0,2,0.1,0.09124999999999998,0.4009185150846801,1.5900579636113772,2.263412408262492,-2.3866009391059366,-62.05652590832487,117.22826053566287,0.1,0.09124999999999998,610,0,2,0.7461022703548803,-67.71932562832463,34.748846224761806,50.084946833203304,15.06046715788636,-9254.861843407249,425141.37709560466,866980.3685434917,22.663563248742566,OVL-49c57570d609,PAL,coarse,10,3,1000000.0,
15.950591501630738,97.64720071024615,True,0.33186951066499376,0,0,2,0.05,0.05,0.020269697968586138,0.10726544440927226,1.100808379551816,-1.2033532556565234,-56.6407829602592,124.06807841961606,0.05,0.05,610,0,2,0.8054177556228399,-60.27873846772312,16.304288779474525,26.853349185253123,11.96224404188929,-20300.44984073654,224379.57746914338,433328.43636270316,,OVP56,PAL,coarse,30,3,1000000.0,
16.086266375214638,95.75483627546046,True,0.9228356336260979,0,0,2,0.05,0.05,0.039072232394147824,1.2250770648531986,1.8946392727690355,-2.9696639955941477,-43.43519441093734,103.76758249132851,0.05,0.05,610,0,2,0.7761727922514365,-61.085501721010054,14.98204981872676,25.864054982025685,11.810465097687223,-15332.42820122487,202907.3365745217,396781.2345571168,17.13288345066786,OVL-49c57570d609,PAL,coarse,30,3,1000000.0,
11.233504431864468,96.40403831903069,True,1.3456712672521958,65,1,0,2.025,1.7012499999999995,2.8631651104226044,2.5881642994836302,0.8520565665822524,-3.1407035967482986,-71.3143393481442,132.7601244379938,1.7199999999999989,1.0775,610,2,2,0.8483407079386152,-60.478985219444304,33.08929708348703,49.879568291135456,15.093900774921039,9252.495756515886,483422.75557716104,947340.911209831,,OVP56,PAL,coarse,10,5,1000000.0,
12.227484038385839,96.80489516152045,True,1.8143036386449183,0,0,2,0.1,0.06624999999999999,0.41372334741554206,-0.13612842659720284,1.4369766002753017,-1.9425880024570095,-57.90427614439942,119.32645802271033,0.1,0.06624999999999999,610,0,2,0.7401416689937803,-66.38959138041714,32.59283758605688,52.83564109620024,14.773083829033732,-9438.749207163137,410348.60498207615,837877.7955713987,22.393793676188697,OVL-49c57570d609,PAL,coarse,10,5,1000000.0,
16.62221682802438,97.95224398655023,True,0.30363864491844417,0,0,2,0.05,0.04124999999999999,0.021062942362918023,-0.25551876570327064,1.3245265727123827,-1.2884569973292095,-58.07865663340219,120.03957222740792,0.05,0.04124999999999999,610,0,2,0.8273781509162915,-60.52806926470577,9.309432526069632,16.001014370624606,11.828669722826373,2613.7152162858247,188786.1430713548,375782.8139246027,,OVP56,PAL,coarse,30,5,1000000.0,
16.51568671712232,95.96466459658683,True,1.019447929736512,0,0,2,0.075,0.05,0.044721359549995794,0.22261798981727599,1.5597180417058456,-3.826497812659348,-45.85990441564222,104.28943891416537,0.075,0.05,610,0,2,0.743805938562326,-60.57309404939924,8.755192708882284,16.71773976619332,11.261421221686742,-20000.593944100277,182427.19114442,352000.25057575054,16.669761101209478,OVL-49c57570d609,PAL,coarse,30,5,1000000.0,
15.767131137362336,97.28501873797964,True,0.4102885821831869,0,0,2,0.05,0.04124999999999999,0.019071693899513,0.5476280945004203,1.053190761845869,-1.5539021883805366,-53.975898674344975,123.65905062631137,0.05,0.04124999999999999,610,0,2,0.8501957458063155,-60.24863979859774,16.322323990222653,20.442550209682715,12.159101531570201,-22267.399949061954,234459.6666153577,441524.36927924014,,OVP56,PAL,coarse,30,3,500000.0,
15.857996755792215,96.38425654911137,True,0.7352572145545796,0,0,2,0.075,0.08249999999999998,0.05868259998486439,1.824960886635589,2.2247529313908894,-0.60684429264127,-45.7932129566267,109.77915323433945,0.075,0.08249999999999998,610,0,2,0.7531903703114989,-65.27538969799168,14.752590752844934,18.33122547197408,12.419088874279126,5591.281537982945,216808.98400375916,418000.6846992292,20.252982439130623,OVL-49c57570d609,PAL,coarse,30,3,500000.0,
15.968262857172263,97.68204477147178,True,0.3462986198243413,0,0,2,0.05,0.05,0.018746584388349474,0.8477848115976995,0.8989015708527935,-1.1252681117582948,-61.255998175859204,117.90302524151625,0.05,0.05,610,0,2,0.8062406212780459,-60.37537390800233,9.906852024252844,22.591209855707465,11.748111530714025,-19617.853372284884,222295.3829877274,437035.0787339257,,OVP56,PAL,coarse,30,3,1500000.0,
15.991492287200762,95.38054765577444,True,1.611668757841907,0,0,2,0.05,0.05,0.019152108988007684,2.4792162400523217,1.909258114127866,-3.0388508731429837,-50.658290564708324,102.47211769926207,0.05,0.05,610,0,2,0.7802800318326968,-60.36708644399335,9.76266664832424,23.297688859983573,11.551455425627559,-12738.24078932502,203130.03758039273,417149.6935491346,23.725773098951894,OVL-49c57570d609,PAL,coarse,30,3,1500000.0,
11.036159399398695,93.81646935723518,True,1.468005018820577,161,2,0,2.025,2.025,3.0946724373400283,4.871050081198224,1.702185970616817,-4.688892246141928,-69.6345705943684,130.75777248298164,1.8,1.55625,610,6,2,0.8309972018115712,-61.430271974897536,33.909565741600844,52.138957885320146,15.20235816504728,-12761.657580738422,498986.49078731664,979633.8065230252,,OVP56,PAL,fine,10,3,1000000.0,
12.056653077428923,95.52686319097012,True,1.849435382685069,0,0,2,0.1,0.09124999999999998,0.4009185150846801,1.5900579636113772,2.263412408262492,-2.3866009391059366,-62.05652590832487,117.22826053566287,0.1,0.09124999999999998,610,0,2,0.7461022703548803,-67.71932562832463,34.748846224761806,50.084946833203304,15.06046715788636,-9254.861843407249,425141.37709560466,866980.3685434917,22.663563248742566,OVL-49c57570d609,PAL,fine,10,3,1000000.0,
15.950591501630738,97.64720071024615,True,0.33186951066499376,0,0,2,0.05,0.05,0.020269697968586138,0.10726544440927226,1.100808379551816,-1.2033532556565234,-56.6407829602592,124.06807841961606,0.05,0.05,610,0,2,0.8054177556228399,-60.27873846772312,16.304288779474525,26.853349185253123,11.96224404188929,-20300.44984073654,224379.57746914338,433328.43636270316,,OVP56,PAL,fine,30,3,1000000.0,
16.086266375214638,95.75483627546046,True,0.9228356336260979,0,0,2,0.05,0.05,0.039072232394147824,1.2250770648531986,1.8946392727690355,-2.9696639955941477,-43.43519441093734,103.76758249132851,0.05,0.05,610,0,2,0.7761727922514365,-61.085501721010054,14.98204981872676,25.864054982025685,11.810465097687223,-15332.42820122487,202907.3365745217,396781.2345571168,17.13288345066786,OVL-49c57570d609,PAL,fine,30,3,1000000.0,
11.212442113928116,96.38171165879113,True,1.4090338770388957,66,1,0,2.025,1.7012499999999995,2.8671023238269884,2.6115285754241033,0.8577123388457,-3.156119667133226,-71.3143393481442,132.7601244379938,1.7212500000000006,1.0775,610,2,2,0.849498672353533,-60.46921563134411,33.088320124677026,49.79794555113792,15.109303934450045,9287.744597544513,484842.8968479155,949900.4249395416,,OVP56,PAL,fine,10,5,1000000.0,
12.205063578022076,96.7967104717236,True,1.8431618569636137,0,0,2,0.11374999999999887,0.06624999999999999,0.4631713116487529,-0.12264842281745365,1.4342163081834396,-1.9564436413333133,-57.90427614439942,119.32645802271033,0.11374999999999887,0.06624999999999999,610,0,2,0.7399874231974873,-66.3943759215573,32.593316040170905,52.867498739213914,14.7852536855798,-9475.159524267196,411761.6801366032,840146.984403925,22.410772810601284,OVL-49c57570d609,PAL,fine,10,5,1000000.0,
16.62221682802438,97.95224398655023,True,0.30363864491844417,0,0,2,0.05,0.04124999999999999,0.021062942362918023,-0.25551876570327064,1.3245265727123827,-1.2884569973292095,-58.07865663340219,120.03957222740792,0.05,0.04124999999999999,610,0,2,0.8273781509162915,-60.52806926470577,9.309432526069632,16.001014370624606,11.828669722826373,2613.7152162858247,188786.1430713548,375782.8139246027,,OVP56,PAL,fine,30,5,1000000.0,
16.51568671712232,95.96466459658683,True,1.019447929736512,0,0,2,0.075,0.05,0.044721359549995794,0.22261798981727599,1.5597180417058456,-3.826497812659348,-45.85990441564222,104.28943891416537,0.075,0.05,610,0,2,0.743805938562326,-60.57309404939924,8.755192708882284,16.71773976619332,11.261421221686742,-20000.593944100277,182427.19114442,352000.25057575054,16.669761101209478,OVL-49c57570d609,PAL,fine,30,5,1000000.0,
15.767131137362336,97.28501873797964,True,0.4102885821831869,0,0,2,0.05,0.04124999999999999,0.019071693899513,0.5476280945004203,1.053190761845869,-1.5539021883805366,-53.975898674344975,123.65905062631137,0.05,0.04124999999999999,610,0,2,0.8501957458063155,-60.24863979859774,16.322323990222653,20.442550209682715,12.159101531570201,-22267.399949061954,234459.6666153577,441524.36927924014,,OVP56,PAL,fine,30,3,500000.0,
15.857996755792215,96.38425654911137,True,0.7352572145545796,0,0,2,0.075,0.08249999999999998,0.05868259998486439,1.824960886635589,2.2247529313908894,-0.60684429264127,-45.7932129566267,109.77915323433945,0.075,0.08249999999999998,610,0,2,0.7531903703114989,-65.27538969799168,14.752590752844934,18.33122547197408,12.419088874279126,5591.281537982945,216808.98400375916,418000.6846992292,20.252982439130623,OVL-49c57570d609,PAL,fine,30,3,500000.0,
15.968262857172263,97.68204477147178,True,0.3462986198243413,0,0,2,0.05,0.05,0.018746584388349474,0.8477848115976995,0.8989015708527935,-1.1252681117582948,-61.255998175859204,117.90302524151625,0.05,0.05,610,0,2,0.8062406212780459,-60.37537390800233,9.906852024252844,22.591209855707465,11.748111530714025,-19617.853372284884,222295.3829877274,437035.0787339257,,OVP56,PAL,fine,30,3,1500000.0,
15.991492287200762,95.38054765577444,True,1.611668757841907,0,0,2,0.05,0.05,0.019152108988007684,2.4792162400523217,1.909258114127866,-3.0388508731429837,-50.658290564708324,102.47211769926207,0.05,0.05,610,0,2,0.7802800318326968,-60.36708644399335,9.76266664832424,23.297688859983573,11.551455425627559,-12738.24078932502,203130.03758039273,417149.6935491346,23.725773098951894,OVL-49c57570d609,PAL,fine,30,3,1500000.0,
11.128461320242911,93.79246206694219,True,1.423982514819353,136,2,0,2.025,2.025,3.134898647010303,4.8906336406007,1.662595125227566,-4.794828677221656,-70.37082475055108,130.00284215286334,1.7387500000000002,1.63875,506,3,2,0.8916083046527972,-48.40504682726316,25.86867639991235,38.266384998647126,14.702080593406569,-11656.788874417309,499228.8102929646,979590.5327667858,,OVP56,NTSC,coarse,10,3,1000000.0,
12.110701787164992,95.49496520624312,True,1.9011521313074446,0,0,2,0.125,0.10874999999999994,0.36966728711377117,1.551076967297569,2.2354829444586204,-2.5310183748556194,-54.88147195555712,112.67413316574977,0.125,0.10874999999999994,506,0,2,0.822918610422891,-54.8893548163712,25.602614860268442,36.70142846934846,14.832729096041799,-9358.867664278832,425849.1176653443,867372.4437441516,22.757284603084994,OVL-49c57570d609,NTSC,coarse,10,3,1000000.0,
16.090952681977054,97.59065144471658,True,0.35900616256280726,0,0,2,0.05,0.05,0.020583148639242207,0.14681581026506932,1.095532976423073,-1.3390386503281917,-54.79710391429079,124.19924572044421,0.05,0.05,506,0,2,0.8759127984241298,-48.651511015758985,10.353135714607697,20.915437219004268,11.55955105783187,-20729.050931837624,224795.0711223664,432862.26560057374,,OVP56,NTSC,coarse,30,3,1000000.0,
16.18805744807145,95.69743241724987,True,0.9422970975443076,0,0,2,0.05,0.05,0.03835488023634885,1.2372757574708309,1.8883748090756252,-3.1008644927920734,-44.127937921991204,103.3763735410872,0.05,0.05,506,0,2,0.8490803851833245,-49.60277155628397,9.425825394827301,20.414173998185994,11.470677887254208,-14991.166909100479,203455.105039421,397300.8627892143,17.194675443643558,OVL-49c57570d609,NTSC,coarse,30,3,1000000.0,
11.334939182887194,96.28922886353223,True,1.345708634512158,67,1,0,2.025,1.6949999999999996,2.8962436889348178,2.771224456936802,0.818187881140621,-3.2860992967270426,-71.31156572272491,133.30505043257392,1.6524999999999992,0.975,506,3,2,0.91529940265925,-48.08987482143869,22.19531185212094,34.41621352098137,14.625733089650815,9818.794238554336,483260.77071516763,946652.2755511213,,OVP56,NTSC,coarse,10,5,1000000.0,
12.308112576355235,96.72196669280532,True,1.8033097809234513,0,0,2,0.1,0.1,0.37573544483576315,-0.1136395076602966,1.429028634805059,-2.0927118947071093,-56.236110438055874,118.03718113320117,0.1,0.1,506,0,2,0.812178296297182,-54.405574073111296,24.685266772663486,35.5122522847719,14.514267880962704,-9258.374383483768,409380.423528393,836576.2415334331,22.447662146035157,OVL-49c57570d609,NTSC,coarse,10,5,1000000.0,
16.798613146589737,97.92632066340364,True,0.3499745609889002,0,0,2,0.05,0.036249999999999984,0.021377928110008226,-0.21647342011240403,1.3212620868849043,-1.4018366351178366,-58.0797321272771,119.88717180845013,0.05,0.036249999999999984,506,0,2,0.8959103620151618,-48.041217261929106,7.465284620185216,12.37931644300918,11.232915249754539,2429.57570981991,188786.33986073718,376485.384492883,,OVP56,NTSC,coarse,30,5,1000000.0,
16.64771267108419,95.938022909709,True,1.0205709778515024,0,0,2,0.075,0.07249999999999997,0.042726957361547455,0.22124536126229624,1.552517621810524,-3.931673400595874,-45.53113432905158,104.11028559204634,0.075,0.07249999999999997,506,0,2,0.7971057037817681,-48.4959547456737,7.573659915040171,13.894034743840393,10.750932152282822,-19381.153032859682,182498.89293627988,352327.7923937383,16.773051951841065,OVL-49c57570d609,NTSC,coarse,30,5,1000000.0,
15.907293392154031,97.29399250711931,True,0.3861009672845286,0,0,2,0.05,0.05,0.0193457719742747,0.5055457404949295,1.0191869377929885,-1.659148808959011,-52.53020180916397,123.64210451508086,0.05,0.05,506,0,2,0.901338061009711,-48.31885635204417,10.18502673522656,14.628970047287057,11.657136650278346,-22568.904503152182,235038.8823788519,442186.42200817517,,OVP56,NTSC,coarse,30,3,500000.0,
15.974209145135418,96.36625449178334,True,0.7533860979567507,0,0,2,0.075,0.075,0.05823914850830438,1.7836779494594992,2.1910964957863843,-0.7281981739956189,-45.897713500220505,109.65825932611824,0.075,0.075,506,0,2,0.8250253694846126,-53.127841904543956,12.656310191597584,14.378873390849817,12.133595137417789,5784.048276912568,217242.72533055244,420179.47737758147,20.601432031871468,OVL-49c57570d609,NTSC,coarse,30,3,500000.0,
16.13073024362467,97.73666245691182,True,0.37706936571062144,0,0,2,0.05,0.05,0.019567962038493456,0.8066114790705997,0.8308786481361234,-1.1706615069659785,-61.31094979110068,117.85460760594367,0.05,0.05,506,0,2,0.873406308194922,-48.3307015942277,8.091140169846934,15.079929944413458,11.273269032638504,-19920.559929402614,221999.55662715732,437614.5703336997,,OVP56,NTSC,coarse,30,3,1500000.0,
16.078137036864472,95.42677735874277,True,1.6377304187351545,0,0,2,0.05,0.05,0.019504737440137348,2.420139786111842,1.8976145682568628,-3.096812347229536,-50.505680010301795,104.11645906506857,0.05,0.05,506,0,2,0.8559422792100964,-48.29757010044075,7.565444172090769,16.183447740038822,11.114470305443554,-11407.77435424656,204369.5272524194,420263.33800002397,23.576127865059288,OVL-49c57570d609,NTSC,coarse,30,3,1500000.0,
11.128461320242911,93.79246206694219,True,1.423982514819353,136,2,0,2.025,2.025,3.134898647010303,4.8906336406007,1.662595125227566,-4.794828677221656,-70.37082475055108,130.00284215286334,1.7387500000000002,1.63875,506,3,2,0.8916083046527972,-48.40504682726316,25.86867639991235,38.266384998647126,14.702080593406569,-11656.788874417309,499228.8102929646,979590.5327667858,,OVP56,NTSC,fine,10,3,1000000.0,
12.110701787164992,95.49496520624312,True,1.9011521313074446,0,0,2,0.125,0.10874999999999994,0.36966728711377117,1.551076967297569,2.2354829444586204,-2.5310183748556194,-54.88147195555712,112.67413316574977,0.125,0.10874999999999994,506,0,2,0.822918610422891,-54.8893548163712,25.602614860268442,36.70142846934846,14.832729096041799,-9358.867664278832,425849.1176653443,867372.4437441516,22.757284603084994,OVL-49c57570d609,NTSC,fine,10,3,1000000.0,
16.090952681977054,97.59065144471658,True,0.35900616256280726,0,0,2,0.05,0.05,0.020583148639242207,0.14681581026506932,1.095532976423073,-1.3390386503281917,-54.79710391429079,124.19924572044421,0.05,0.05,506,0,2,0.8759127984241298,-48.651511015758985,10.353135714607697,20.915437219004268,11.55955105783187,-20729.050931837624,224795.0711223664,432862.26560057374,,OVP56,NTSC,fine,30,3,1000000.0,
16.18805744807145,95.69743241724987,True,0.9422970975443076,0,0,2,0.05,0.05,0.03835488023634885,1.2372757574708309,1.8883748090756252,-3.1008644927920734,-44.127937921991204,103.3763735410872,0.05,0.05,506,0,2,0.8490803851833245,-49.60277155628397,9.425825394827301,20.414173998185994,11.470677887254208,-14991.166909100479,203455.105039421,397300.8627892143,17.194675443643558,OVL-49c57570d609,NTSC,fine,30,3,1000000.0,
11.310178838321939,96.25588454501808,True,1.4277456821418142,68,1,0,2.025,1.6949999999999996,2.8968464687432642,2.797667489028787,0.8259051181702357,-3.3170380516074562,-71.31156572272491,133.30505043257392,1.6287499999999995,0.975,506,3,2,0.9182885103643996,-48.05235072710732,22.22435978003472,33.97867724017442,14.641122237174066,9751.442080734432,484883.4088120534,949566.3626876881,,OVP56,NTSC,fine,10,5,1000000.0,
12.286179067400871,96.71242920284429,True,1.8281466852516959,0,0,2,0.1,0.1,0.39642361160997613,-0.09779867662797351,1.4275752201367515,-2.1060529458000716,-56.236110438055874,118.03718113320117,0.1,0.1,506,0,2,0.812178296297182,-54.400749623489006,24.687678997474627,36.569997544169816,14.520876043695642,-9263.459108616807,410739.84021241957,838740.6801631792,22.467519809812018,OVL-49c57570d609,NTSC,fine,10,5,1000000.0,
16.798613146589737,97.92632066340364,True,0.3499745609889002,0,0,2,0.05,0.036249999999999984,0.021377928110008226,-0.21647342011240403,1.3212620868849043,-1.4018366351178366,-58.0797321272771,119.88717180845013,0.05,0.036249999999999984,506,0,2,0.8959103620151618,-48.041217261929106,7.465284620185216,12.37931644300918,11.232915249754539,2429.57570981991,188786.33986073718,376485.384492883,,OVP56,NTSC,fine,30,5,1000000.0,
16.64771267108419,95.938022909709,True,1.0205709778515024,0,0,2,0.075,0.07249999999999997,0.042726957361547455,0.22124536126229624,1.552517621810524,-3.931673400595874,-45.53113432905158,104.11028559204634,0.075,0.07249999999999997,506,0,2,0.7971057037817681,-48.4959547456737,7.573659915040171,13.894034743840393,10.750932152282822,-19381.153032859682,182498.89293627988,352327.7923937383,16.773051951841065,OVL-49c57570d609,NTSC,fine,30,5,1000000.0,
15.907293392154031,97.29399250711931,True,0.3861009672845286,0,0,2,0.05,0.05,0.0193457719742747,0.5055457404949295,1.0191869377929885,-1.659148808959011,-52.53020180916397,123.64210451508086,0.05,0.05,506,0,2,0.901338061009711,-48.31885635204417,10.18502673522656,14.628970047287057,11.657136650278346,-22568.904503152182,235038.8823788519,442186.42200817517,,OVP56,NTSC,fine,30,3,500000.0,
15.974209145135418,96.36625449178334,True,0.7533860979567507,0,0,2,0.075,0.075,0.05823914850830438,1.7836779494594992,2.1910964957863843,-0.7281981739956189,-45.897713500220505,109.65825932611824,0.075,0.075,506,0,2,0.8250253694846126,-53.127841904543956,12.656310191597584,14.378873390849817,12.133595137417789,5784.048276912568,217242.72533055244,420179.47737758147,20.601432031871468,OVL-49c57570d609,NTSC,fine,30,3,500000.0,
16.13073024362467,97.73666245691182,True,0.37706936571062144,0,0,2,0.05,0.05,0.019567962038493456,0.8066114790705997,0.8308786481361234,-1.1706615069659785,-61.31094979110068,117.85460760594367,0.05,0.05,506,0,2,0.873406308194922,-48.3307015942277,8.091140169846934,15.079929944413458,11.273269032638504,-19920.559929402614,221999.55662715732,437614.5703336997,,OVP56,NTSC,fine,30,3,1500000.0,
16.078137036864472,95.42677735874277,True,1.6377304187351545,0,0,2,0.05,0.05,0.019504737440137348,2.420139786111842,1.8976145682568628,-3.096812347229536,-50.505680010301795,104.11645906506857,0.05,0.05,506,0,2,0.8559422792100964,-48.29757010044075,7.565444172090769,16.183447740038822,11.114470305443554,-11407.77435424656,204369.5272524194,420263.33800002397,23.576127865059288,OVL-49c57570d609,NTSC,fine,30,3,1500000.0,
