sinad,contrast,polarity_ok,large_errors,h_missing,v_missing,v_trains,h_jitter_us,v_jitter_us,h_width_rmse_us,sync_error_ire,black_error_ire,white_error_ire,raw_min,raw_max,h_jitter_matched_us,v_jitter_matched_us,h_expected,max_h_gap,expected_v_trains,luma_sinad,detail_corr,model,profile,stage,seed,standard,cnr,rms,cfo_hz,quality_failures,usable,burst_gain,burst_phase_deg,burst_phase_jitter_deg,burst_amplitude_jitter_pct,burst_rmse_ire
6.431343718230069,80.24465621534421,True,38.88833124215809,595,8,0,2.025,2.025,3.4986247298045554,15.681461736910133,3.9856761171187305,-15.613736830222985,-75.37432362177125,132.4497060635561,1.7499999999999996,1000000.0,610,128,2,13.017188865329942,0.29403283717959827,OVP56,range,envelope,60511,PAL,6,1.5,1000000.0,,False,,,,,
7.670185686437386,86.13615559764058,True,17.968005018820577,39,1,0,2.025,1.5349999999999993,2.644014611570755,8.483886281555396,2.9935246141712475,-12.563343376716547,-62.099275645036094,120.00794794607063,1.6,0.5724999999999999,610,2,2,15.202060211822499,0.30086175828641354,RANGE32,range,envelope,60511,PAL,6,1.5,1000000.0,,False,,,,,
-6.528330650169333,-79.5744178009484,False,599.7051442910915,610,8,43,2.025,2.025,1000000.0,85.61616091126461,21.662175969420446,-152.8664637453432,-68.7734930311295,125.49586653742523,1000000.0,1000000.0,610,610,2,-6.560301883820207,-0.28537050429905714,PLL96-rejected-board,range,envelope,60511,PAL,6,1.5,1000000.0,,False,,,,,
9.092167526267914,88.24124844948552,True,8.607904642409034,471,6,0,2.025,2.025,3.4957412425024215,13.521116790586674,0.525802378071397,-7.666955650373058,-68.96631149212526,127.04046312777987,1.8775,1.19,610,20,2,13.937268591101013,0.2762213131571676,PLL96-IQ-corrected,range,envelope,60511,PAL,6,1.5,1000000.0,,False,,,,,
12.092461521172178,90.43112732837497,True,2.4981179422835633,23,1,0,1.675,1.8674999999999997,2.5105560784073195,4.832951882346974,2.3124409963311914,-7.316895860282151,-64.2298478509723,125.15181563639734,1.3,1.3274999999999995,610,2,2,18.682270707240175,0.5280739426685431,floating-PLL-IQ40,range,envelope,60511,PAL,6,1.5,1000000.0,,False,,,,,
3.5850570656352714,41.147141143531094,True,109.6047678795483,610,8,0,2.025,2.025,1000000.0,49.438606542221144,26.54110138848061,-31.091421026570814,-61.270056845533155,109.64251195043903,1000000.0,1000000.0,610,610,2,4.2379581796638774,0.22487860221135053,HC50,range,envelope,60511,PAL,6,1.5,1000000.0,,False,,,,,
8.26154437598143,89.5256935865907,True,16.440401505646175,39,1,0,2.025,1.8412499999999996,2.6309764340444732,3.900792067750523,-0.7022517601709525,-14.669199372931883,-75.86657996042261,118.89753748702216,1.525,1.4925000000000002,610,2,2,13.58228519595196,0.2817976971095905,PLL96-board-fixed,range,envelope,60511,PAL,6,1.5,1000000.0,,False,,,,,
9.622226308357234,86.40292906487029,True,12.17314930991217,53,3,0,2.025,2.025,2.5596104586791197,7.819599875022182,5.086311173072979,-11.145790770909397,-64.99998054415182,115.51040256898813,1.6,1.2,610,2,2,14.054046412617726,0.3107237458147367,RNG-e8b8a23c51cf,range,envelope,60511,PAL,6,1.5,1000000.0,,False,,,,,
9.452721201676002,87.43207971065121,True,5.31555834378921,470,7,0,2.025,2.025,3.430547514610459,8.512263274804411,2.13722363907736,-10.81602094159679,-70.72111112945421,126.93771366478546,1.8274999999999992,1.025,610,26,2,17.204019256425617,0.4216255094652544,OVP56,range,envelope,60511,PAL,10,1.5,1000000.0,,False,,,,,
10.750110385687277,88.95975636592739,True,3.0476787954830615,0,0,2,0.7,0.4412499999999997,1.2034602603994267,5.303041366711811,3.010378278269311,-8.325078682896372,-53.16693404395162,110.40840123070296,0.7,0.4412499999999997,610,0,2,18.539446200910927,0.4362374060743066,RANGE32,range,envelope,60511,PAL,10,1.5,1000000.0,,False,,,,,
-6.460911907745598,-78.39413361592415,False,595.3030112923464,610,8,59,2.025,2.025,1000000.0,82.96766036948621,22.564615373304736,-152.44224484433974,-65.01423015006637,105.47260518890337,1000000.0,1000000.0,610,610,2,-6.5044500171510835,-0.33302582961570987,PLL96-rejected-board,range,envelope,60511,PAL,10,1.5,1000000.0,,False,,,,,
9.634727446596749,89.1254427403362,True,5.571518193224592,550,8,0,2.025,2.025,3.573168237013197,16.225603123422694,0.03632911457910063,-7.03726982513539,-54.39872586711091,119.01300137327112,1.75125,1000000.0,610,39,2,13.502386500798693,0.33033770150464525,PLL96-IQ-corrected,range,envelope,60511,PAL,10,1.5,1000000.0,,False,,,,,
14.425172544466475,90.251308392498,True,0.71267252195734,0,0,2,0.5,0.4312499999999997,1.2284999349466545,5.04135889294861,2.4977974454225222,-6.586616670123485,-56.088188754962886,123.1911585688,0.5,0.43124999999999963,610,0,2,19.930785011895324,0.6840236992917021,floating-PLL-IQ40,range,envelope,60511,PAL,10,1.5,1000000.0,,False,,,,,
4.067952552446955,42.2516936523969,True,94.19196988707654,610,8,0,2.025,2.025,1000000.0,49.4806309644003,26.50922995729969,-28.799566031892258,-31.58671045439456,102.3150017623233,1000000.0,1000000.0,610,610,2,4.415401707975159,0.3394554018330971,HC50,range,envelope,60511,PAL,10,1.5,1000000.0,,False,,,,,
10.815360041438636,92.59763952931401,True,4.681304893350063,6,0,1,1.038749999999999,1.54,2.077124301585827,3.3047487731636545,-1.139796973337566,-11.176058256906648,-61.92249282806505,110.86470350954869,0.9712500000000006,1.5399999999999998,610,1,2,16.34733448798571,0.39192880952396564,PLL96-board-fixed,range,envelope,60511,PAL,10,1.5,1000000.0,,False,,,,,
11.47920747568577,87.91014475116481,True,5.5,3,0,1,1.15,1.1062499999999997,1.6654937525755549,6.7474875575739395,3.548145947815612,-10.696022414514147,-55.26176494937063,107.69557678139398,1.125,1.10625,610,1,2,16.607036729209078,0.3836479954192798,RNG-e8b8a23c51cf,range,envelope,60511,PAL,10,1.5,1000000.0,,False,,,,,
11.63038606531801,92.01978390234005,True,0.6831869510664993,118,1,0,2.025,1.8149999999999997,2.324755210472252,3.1055919982890727,2.2831940876068075,-5.653857303892652,-54.12937711258803,120.15470451754915,1.675,1.2899999999999996,610,4,2,21.201877470173805,0.520665531624741,OVP56,range,envelope,60511,PAL,30,1.5,1000000.0,h_missing;v_missing;vertical_trains,False,0.8283096445959552,-60.06344281366539,17.723838442088613,24.84244109765452,13.654949050148382
12.802892228050302,90.93635522575494,True,1.336888331242158,0,0,2,0.1,0.10749999999999997,0.042004098160716194,4.570581128484515,2.0377886803346277,-6.464470591620897,-39.71945587391557,102.28160132069097,0.1,0.10749999999999997,610,0,2,20.107524029270053,0.5516975225091775,RANGE32,range,envelope,60511,PAL,30,1.5,1000000.0,,True,0.6002043673561275,-67.9681079197992,18.22688668310215,28.601312366414454,12.754014046045036
-6.471109481396456,-78.51891302186394,False,596.9335006273526,610,8,58,2.025,2.025,1000000.0,83.41502102271357,22.36888862318966,-152.24312396124165,-63.17332672736275,58.85131323326766,1000000.0,1000000.0,610,610,2,-6.517429994680027,-0.360356594729176,PLL96-rejected-board,range,envelope,60511,PAL,30,1.5,1000000.0,contrast;stress_waveform;h_missing;v_missing;vertical_trains;sync_error_ire;black_error_ire;white_error_ire,False,0.3108062275624184,65.97358307688013,24.06971282480018,30.75900280065357,28.220505279975274
9.342888030154073,93.56157986401954,True,5.822459222082811,609,8,0,2.025,2.025,3.7,16.237176380398175,-0.17622048753633196,-5.925040153336361,-38.61272182996713,102.11493092053583,0.1,1000000.0,610,439,2,12.142364515602154,0.36547719877893486,PLL96-IQ-corrected,range,envelope,60511,PAL,30,1.5,1000000.0,stress_waveform;h_missing;v_missing;vertical_trains;sync_error_ire,False,0.3581360285869772,-111.70667659293099,24.900938405444805,32.6295529630079,16.357542051368682
16.477858035728943,91.28078715054103,True,0.005018820577164367,0,0,2,0.025,0.025,0.03437080823920778,4.470703407888015,2.295051289905821,-5.552766867496326,-42.260227603927206,118.98783464883083,0.025,0.025,610,0,2,21.30074818264614,0.7978593258957644,floating-PLL-IQ40,range,envelope,60511,PAL,30,1.5,1000000.0,,True,0.3955108444907211,6.173300785255007,9.571851656655136,16.776085956820424,8.601698911028738
4.189655362957449,42.627834637201026,True,88.84441656210791,610,8,0,2.025,2.025,1000000.0,49.45388387294014,26.72326204288907,-27.880052225770232,2.4901531155790906,84.35754632131626,1000000.0,1000000.0,610,610,2,4.440064666487889,0.412554310328137,HC50,range,envelope,60511,PAL,30,1.5,1000000.0,contrast;stress_waveform;h_missing;v_missing;vertical_trains;sync_error_ire;black_error_ire;white_error_ire,False,0.3851790877354938,98.91668778168889,16.225105273881223,21.32465237556579,30.398934028673224
11.959931653528717,91.39994858844395,True,3.428481806775408,309,4,0,2.025,2.025,3.018066447753674,9.166451834598446,0.26795237038897707,-6.9282172218108125,-48.23171801440655,105.78583391395263,1.85,0.9249999999999998,610,6,2,16.37092845196432,0.4820029577636042,PLL96-board-fixed,range,envelope,60511,PAL,30,1.5,1000000.0,h_missing;v_missing;vertical_trains,False,0.41114274520487326,-99.86721978089578,25.05277838352125,29.102505362592904,14.983065358714171
12.268460711821819,89.69762951462987,True,5.068381430363865,0,0,2,0.3,0.2724999999999999,0.11920157882109876,5.574086421348585,2.335635400572527,-9.88498079953647,-46.022817447932866,101.50442324805802,0.3,0.2724999999999999,610,0,2,17.39396156434553,0.4234821870546666,RNG-e8b8a23c51cf,range,envelope,60511,PAL,30,1.5,1000000.0,,True,0.21899258939623253,-71.41228946266229,29.39981761861067,65.06921946124379,12.796655582411613
6.505502158371104,80.0490006454869,True,38.89609744495991,494,12,0,2.025,2.025,3.5179968850658936,15.42654191454549,3.748141946681802,-16.137212698386087,-74.91306059435453,130.69236669294727,1.88625,1000000.0,506,125,2,12.920673376840952,0.31108483032720796,OVP56,range,envelope,60511,NTSC,6,1.5,1000000.0,,False,,,,,
7.729900074394322,85.85095139663572,True,17.990197701758454,40,1,0,2.025,1.9562499999999998,2.654136024487194,8.353850817287455,2.794027688945622,-13.015911350259506,-62.81009726369527,118.08649913825832,1.475,1.5625,506,3,2,15.06954317950216,0.3131762041741012,RANGE32,range,envelope,60511,NTSC,6,1.5,1000000.0,,False,,,,,
-6.430890981538859,-79.13817082571104,False,597.6143024442524,506,12,38,2.025,2.025,1000000.0,85.42805617731254,21.294630659867476,-152.95552577881512,-71.04823782233605,126.0861242152094,1000000.0,1000000.0,506,506,2,-6.465456023554923,-0.27853899293950163,PLL96-rejected-board,range,envelope,60511,NTSC,6,1.5,1000000.0,,False,,,,,
9.09446649386964,87.66397339035781,True,8.609374200326943,393,10,0,2.025,2.025,3.43515064527776,13.364076288748935,0.4505838624611752,-8.09850167158146,-67.55595396191907,124.84777027583937,1.875,1.9587499999999998,506,18,2,13.968203379721318,0.27353853946468654,PLL96-IQ-corrected,range,envelope,60511,NTSC,6,1.5,1000000.0,,False,,,,,
12.125780777082714,90.11380212536766,True,2.388858616298428,10,1,0,1.3937499999999998,1.7362499999999996,2.5007095767195304,4.772767165379123,2.1347798843679366,-7.749646656684725,-62.52590681382215,123.37420564789491,1.25,1.2625,506,1,2,18.51016224275541,0.5398070351296813,floating-PLL-IQ40,range,envelope,60511,NTSC,6,1.5,1000000.0,,False,,,,,
3.5711574736158362,40.952175407090074,True,115.11077259330398,506,12,0,2.025,2.025,1000000.0,49.2366937852655,26.265049945351848,-31.704418885708535,-64.64536023377842,113.21347149260257,1000000.0,1000000.0,506,506,2,4.204985773456961,0.23770390794299134,HC50,range,envelope,60511,NTSC,6,1.5,1000000.0,,False,,,,,
8.265559802317195,89.05068765031247,True,16.63846799953036,33,1,0,2.025,1.7087499999999995,2.709167839125085,3.9203973102271688,-0.8972958200809339,-15.02502076857013,-75.90901501934489,116.75620551988769,1.4849999999999994,1.3625,506,2,2,13.522353943956016,0.28237197438198297,PLL96-board-fixed,range,envelope,60511,NTSC,6,1.5,1000000.0,,False,,,,,
9.630560659668744,85.99196754122718,True,12.57725782513013,37,0,0,2.025,1.5374999999999999,2.6186192629608604,7.824021780723167,5.094996207640614,-11.424078363112095,-60.745995914849814,111.65440930462611,1.675,1.5374999999999999,506,1,2,14.251449691158362,0.30162114964601405,RNG-e8b8a23c51cf,range,envelope,60511,NTSC,6,1.5,1000000.0,,False,,,,,
9.495508821896324,87.16910201215025,True,5.440034681350044,377,11,0,2.025,2.025,3.355924415443611,8.41217166221371,1.91090418138177,-11.339239971774093,-68.35195961377649,126.00913836197893,1.89,1.475,506,13,2,16.943051224542835,0.4395927459147002,OVP56,range,envelope,60511,NTSC,10,1.5,1000000.0,,False,,,,,
10.78202771965582,88.70772311467839,True,3.0677340012704453,0,0,2,0.49375,0.2587499999999999,1.2908488528365996,5.145207023710323,2.8022074306220555,-8.835306049039124,-51.53236619830957,109.82954329577876,0.49375,0.2587499999999999,506,0,2,18.288289175258704,0.4508452163964304,RANGE32,range,envelope,60511,NTSC,10,1.5,1000000.0,,False,,,,,
-6.363246525442113,-77.85555475495055,False,593.4439604175008,506,12,46,2.025,2.025,1000000.0,82.57668046819728,22.223256800122112,-152.45442579851004,-65.50050358092317,78.99183530455082,1000000.0,1000000.0,506,506,2,-6.409558751429389,-0.3205133394815477,PLL96-rejected-board,range,envelope,60511,NTSC,10,1.5,1000000.0,,False,,,,,
9.553085947554862,88.49029780766828,True,5.8298988159570335,451,12,0,2.025,2.025,3.5986092641968837,16.107207566408913,-0.23673430970318948,-7.565951631031,-53.36656098397362,117.00244971620634,1.8724999999999998,1000000.0,506,57,2,13.495288091196485,0.3154807773351855,PLL96-IQ-corrected,range,envelope,60511,NTSC,10,1.5,1000000.0,,False,,,,,
14.34123622079776,89.91079105725447,True,0.8369284125153913,0,0,2,0.1,0.35624999999999957,1.1136488161762446,4.941704832393826,2.281482675633057,-7.149763061630711,-58.101483868158276,121.7183838413323,0.1,0.35624999999999957,506,0,2,19.5430751003325,0.6909294052089181,floating-PLL-IQ40,range,envelope,60511,NTSC,10,1.5,1000000.0,,False,,,,,
4.050550495259185,42.09192336247648,True,99.93241351488861,506,12,0,2.025,2.025,1000000.0,49.2496562656552,26.208598353068645,-29.30237637525471,-34.549698338399814,102.86397862978046,1000000.0,1000000.0,506,506,2,4.388370364737869,0.356527069302827,HC50,range,envelope,60511,NTSC,10,1.5,1000000.0,,False,,,,,
10.74799405040306,92.14998809614741,True,5.03210734359524,3,0,0,1.06875,0.8149999999999998,2.0177652835656144,3.288844755823027,-1.3103017706647766,-11.624118735817953,-62.38414887558791,109.04134340390104,1.025,0.8149999999999998,506,2,2,16.218700789393537,0.38902296908139167,PLL96-board-fixed,range,envelope,60511,NTSC,10,1.5,1000000.0,,False,,,,,
11.40661379952862,87.53518395850928,True,5.656793119123814,6,0,0,1.11875,0.5062499999999999,1.6830953627171574,6.60804799413413,3.3303260984059047,-11.205639673468665,-54.45142260051206,107.47294639007254,1.0262499999999988,0.5062499999999999,506,1,2,16.559905217011433,0.38083351852902164,RNG-e8b8a23c51cf,range,envelope,60511,NTSC,10,1.5,1000000.0,,False,,,,,
11.693800773356237,91.80379740064795,True,0.6946806877263545,101,6,0,2.025,2.025,2.3287130181685454,3.048905202938461,2.126243961538563,-6.135193602879361,-52.78933990511176,118.3421770125014,1.6149999999999978,0.5,506,4,2,20.82697921794152,0.5415729827882935,OVP56,range,envelope,60511,NTSC,30,1.5,1000000.0,h_missing;v_missing;vertical_trains,False,0.8704329385622278,-49.5271715926661,31.05944716367945,40.13970108847368,13.134359023033896
12.790779335674534,90.60495739912518,True,1.3765666065563407,0,0,2,0.125,0.13374999999999995,0.04262565706609349,4.5239469259913845,1.8729052611399564,-6.967677200694994,-39.96186801922057,101.77172755657222,0.125,0.13374999999999995,506,0,2,19.715303473391003,0.5677398683048174,RANGE32,range,envelope,60511,NTSC,30,1.5,1000000.0,,True,0.6092444835522024,-56.84671828964971,31.84133835740108,75.79212144226206,12.814441338904471
-6.374915998967426,-78.11831127069567,False,592.2864101491118,506,12,48,2.025,2.025,1000000.0,83.20768140109564,22.07696593043157,-152.227205883901,-63.10342888621213,65.15530145679435,1000000.0,1000000.0,506,506,2,-6.424085418617077,-0.34491818728299545,PLL96-rejected-board,range,envelope,60511,NTSC,30,1.5,1000000.0,contrast;stress_waveform;h_missing;v_missing;vertical_trains;sync_error_ire;black_error_ire;white_error_ire,False,0.4160560821691007,82.08019139062375,39.85531496395248,36.041985396264735,28.670781799818656
9.317986794729244,92.93566177037194,True,5.98193077578447,506,12,0,2.025,2.025,1000000.0,16.151365336097253,-0.2492541242157435,-6.382954111567727,-42.27575614063315,101.60616201311052,1000000.0,1000000.0,506,506,2,12.252370115447038,0.3503170596757066,PLL96-IQ-corrected,range,envelope,60511,NTSC,30,1.5,1000000.0,stress_waveform;h_missing;v_missing;vertical_trains;sync_error_ire,False,0.48194051427921586,-96.72150053468525,40.313760055207624,33.28922657328044,17.58999285669069
16.412420240008533,90.9600788052842,True,0.006773701180430325,0,0,2,0.025,0.025,0.03199941328513518,4.428743287495376,2.1198944063543026,-6.030785612772425,-42.44978184902811,120.46443198297862,0.025,0.025,506,0,2,20.897949549472756,0.8077629639616526,floating-PLL-IQ40,range,envelope,60511,NTSC,30,1.5,1000000.0,,True,0.4807721154604859,-4.870098377222882,29.245222794112482,38.464409801107834,8.153374397557114
4.170377716292647,42.496180139485475,True,94.46377876188784,506,12,0,2.025,2.025,1000000.0,49.269204259673636,26.456944343458193,-28.272900771720778,2.1016556261365054,82.38670450752787,1000000.0,1000000.0,506,506,2,4.412273397315738,0.43343156934949123,HC50,range,envelope,60511,NTSC,30,1.5,1000000.0,contrast;stress_waveform;h_missing;v_missing;vertical_trains;sync_error_ire;black_error_ire;white_error_ire,False,0.3939104763997071,79.32143052601073,30.05854836727713,42.682483699202514,30.292001642403523
11.929493979548976,91.00564533610874,True,3.5087772114629088,244,6,0,2.025,2.025,2.9632948574540707,9.064211582702649,0.09110304397163506,-7.440211117583868,-53.2875418054908,105.2648417483837,1.7974999999999994,1.6625,506,6,2,16.458742866934138,0.48171049077606753,PLL96-board-fixed,range,envelope,60511,NTSC,30,1.5,1000000.0,h_missing;v_missing;vertical_trains,False,0.5725861696089174,-88.80655128830303,36.878437267041775,16.67564432037463,16.12164085447726
12.180842827593088,89.34370888686139,True,5.164570833345877,0,0,2,0.3,0.21125,0.12601857727407423,5.503663023358488,2.129896837544028,-10.368379238206387,-46.02454142234674,100.9039308040071,0.3,0.21125,506,0,2,17.375288374253444,0.4172500401659349,RNG-e8b8a23c51cf,range,envelope,60511,NTSC,30,1.5,1000000.0,,True,0.22321762248190966,-69.18376220553367,37.696530342846685,105.02555877833046,14.032410442462
7.478595439042314,89.23234768883025,True,22.07590966122961,521,6,0,2.025,2.025,3.519055270949861,9.348366439616065,1.9854785084187803,-8.965986965793263,-81.50352614454484,143.80142363889524,1.89,1.09375,610,27,2,17.12976931330046,0.34211137168818284,OVP56,range,envelope,60512,PAL,6,5,1000000.0,,False,,,,,
8.63818369008792,94.07212524568128,True,12.19447929736512,4,0,0,1.2,1.0924999999999998,1.920041242939187,2.714575422912763,1.1270340536764265,-5.797191825741935,-66.35576158023204,128.15248259520058,1.15,1.0924999999999998,610,1,2,19.192346775436345,0.3497333059435859,RANGE32,range,envelope,60512,PAL,6,5,1000000.0,,False,,,,,
-6.80131506634697,-84.32868528984139,False,607.1154328732747,610,8,55,2.025,2.025,1000000.0,86.2345986294051,21.613844993359553,-158.0338278909397,-73.87861501393856,132.41191480289382,1000000.0,1000000.0,610,610,2,-6.837510600947061,-0.30482688593805707,PLL96-rejected-board,range,envelope,60512,PAL,6,5,1000000.0,,False,,,,,
9.241964294627644,94.60639235695758,True,7.787954830614805,437,6,0,2.025,2.025,3.5029848956555254,11.745572967625444,-1.3408569026785517,-3.3326518471855584,-73.85940918263961,132.8449180380037,1.85,1.14375,610,15,2,14.304706160387738,0.29923709560679995,PLL96-IQ-corrected,range,envelope,60512,PAL,6,5,1000000.0,,False,,,,,
11.611927897868018,96.06241408019984,True,0.4115432873274781,31,1,0,2.0137499999999986,1.6837499999999994,2.7817248798949543,1.796726184981972,0.7259118949289118,-2.603224845240416,-71.9043211761816,132.66304982511423,1.625,1.05,610,2,2,25.601824063289698,0.5445788053842745,floating-PLL-IQ40,range,envelope,60512,PAL,6,5,1000000.0,,False,,,,,
4.032573874365768,44.4377653910875,True,97.37829360100376,610,8,0,2.025,2.025,1000000.0,48.361624029167984,26.4561889174806,-26.960534797754242,-67.88802029223547,121.35437927134411,1000000.0,1000000.0,610,610,2,4.6207267885226475,0.26416443990537736,HC50,range,envelope,60512,PAL,6,5,1000000.0,,False,,,,,
8.870445700173486,96.27722810649793,True,12.119196988707655,6,0,1,1.175,0.5262499999999998,2.1236914065836756,-0.35759561481319385,-3.247711950178504,-10.340757507533162,-81.88683080989692,120.08472666343441,1.1212500000000005,0.5262499999999998,610,1,2,14.835428781473372,0.3194706032351068,PLL96-board-fixed,range,envelope,60512,PAL,6,5,1000000.0,,False,,,,,
10.13837248566514,92.16230101919702,True,10.57340025094103,17,0,0,1.625,1.0162499999999994,2.19162685883438,3.8346554060309592,3.2972902352254954,-7.412160195805479,-66.69308022546028,119.02123150091963,1.394999999999999,1.0162499999999994,610,2,2,16.08397702816235,0.3168252024684258,RNG-e8b8a23c51cf,range,envelope,60512,PAL,6,5,1000000.0,,False,,,,,
11.270363232908487,96.24553298194206,True,1.3958594730238394,59,0,0,2.025,1.1724999999999999,2.8537729348535,2.7695284791501487,0.8687767358572008,-3.2901862008877947,-70.82427722916557,132.8784048576772,1.5625,1.1724999999999999,610,3,2,24.53519118318397,0.5087022381769613,OVP56,range,envelope,60512,PAL,10,5,1000000.0,,False,,,,,
12.29136793748685,96.69603221546042,True,1.7791718946047679,0,0,2,0.125,0.05,0.37534273954766667,-0.0156951452746218,1.4700985369088664,-1.9842799284721189,-58.38375357899995,117.28101680513375,0.125,0.05,610,0,2,24.46120094161936,0.5171309898067675,RANGE32,range,envelope,60512,PAL,10,5,1000000.0,,True,,,,,
-6.796650640763067,-84.07880975878577,False,607.3224592220828,610,8,58,2.025,2.025,1000000.0,83.85161381687124,22.5771229583135,-158.29928468769472,-71.29269900703679,82.30714355651419,1000000.0,1000000.0,610,610,2,-6.841560294470423,-0.34845008757029966,PLL96-rejected-board,range,envelope,60512,PAL,10,5,1000000.0,,False,,,,,
9.38437949774448,97.16278764364168,True,6.090966122961103,440,5,0,2.025,2.025,3.5269044709289794,13.757341093008856,-2.302529188169332,-1.824638391114377,-60.21268893262029,124.32624175636799,1.927499999999999,1.86,610,13,2,13.088834862309728,0.3460074581697273,PLL96-IQ-corrected,range,envelope,60512,PAL,10,5,1000000.0,,False,,,,,
15.37761746242709,97.30208459346959,True,0.0,0,0,2,0.16874999999999432,0.05,0.9757001479391733,0.6092423249376671,0.8336745199773908,-1.1220206781228446,-64.07155020153718,123.76028648712169,0.16874999999999432,0.05,610,0,2,29.303916448448383,0.7174241973696377,floating-PLL-IQ40,range,envelope,60512,PAL,10,5,1000000.0,,False,,,,,
4.405757418660329,45.06159409918901,True,87.90526976160602,610,8,0,2.025,2.025,1000000.0,48.2857517476065,26.507993625631443,-25.87727604268245,-36.4018075652758,95.28670292255553,1000000.0,1000000.0,610,610,2,4.692362256620154,0.4124840027630073,HC50,range,envelope,60512,PAL,10,5,1000000.0,,False,,,,,
11.133967100551281,100.3612436988867,True,4.294855708908406,0,0,2,0.125,0.05,0.4838995882157887,-0.07492676056730653,-3.3108451977326525,-5.124848449197315,-65.54962445425596,115.79063257552657,0.125,0.05,610,0,2,17.21809782898567,0.4234278653194854,PLL96-board-fixed,range,envelope,60512,PAL,10,5,1000000.0,,True,,,,,
11.862051871396773,95.00946013270227,True,5.46612296110414,0,0,2,0.35,0.23124999999999996,0.8226606176323739,2.0352169191500575,1.5385058918309111,-5.940855950112505,-61.53694894132501,114.35856558500306,0.35,0.2312499999999999,610,0,2,18.616198353441863,0.39162700889008495,RNG-e8b8a23c51cf,range,envelope,60512,PAL,10,5,1000000.0,,False,,,,,
16.64788978248212,97.86858049525924,True,0.29422835633626093,0,0,2,0.05,0.04124999999999999,0.0202444082544729,-0.19111439629456273,1.3413524367987473,-1.3574246876480256,-57.62005850986214,120.37599761928901,0.05,0.04124999999999999,610,0,2,28.21447848333079,0.7564860965232608,OVP56,range,envelope,60512,PAL,30,5,1000000.0,,True,0.829463269940931,-60.14182000680211,9.014468123395597,15.389747944529,11.772717769026917
16.52488036837078,95.8495506528625,True,1.0119196988707653,0,0,2,0.075,0.06624999999999999,0.043853799581164206,0.3002634149521395,1.5741575620758301,-3.912941457352042,-45.67498841148695,104.20217245668782,0.075,0.06624999999999999,610,0,2,24.806555277356416,0.7462331878305225,RANGE32,range,envelope,60512,PAL,30,5,1000000.0,,True,0.7455158355073117,-60.25768243394954,9.084339099698079,15.445993272731078,11.198675314417146
-6.757690478713996,-82.91180135041391,False,610.7063989962359,610,8,59,2.025,2.025,1000000.0,82.00807704388619,22.110339919065385,-157.59670898256238,-69.34662658931136,67.57096283045344,1000000.0,1000000.0,610,610,2,-6.8035114374293,-0.3740628259892715,PLL96-rejected-board,range,envelope,60512,PAL,30,5,1000000.0,contrast;waveform;detail_floor;sync;h_jitter_us;v_jitter_us;h_width_rmse_us;sync_error_ire;black_error_ire;white_error_ire,False,0.3251238323103479,65.1300273030461,23.740930024685714,34.737572092913055,28.300150265208696
8.934479821196318,98.76766053251383,True,6.459222082810539,261,4,0,2.025,2.025,3.4022220111539623,15.854110553497675,-1.5490816437440513,-1.2541151333146197,-48.536655334145806,107.54147019000591,1.7799999999999983,0.09249999999999999,610,9,2,11.59819953273492,0.37466517942108407,PLL96-IQ-corrected,range,envelope,60512,PAL,30,5,1000000.0,waveform;sync;h_jitter_us;v_jitter_us;h_width_rmse_us;sync_error_ire,False,0.37962907859824097,-112.81239871717959,23.2630811327021,34.634812218539935,17.24619186631175
23.495374113555293,97.5317020089204,True,0.0,0,0,2,0.025,0.025,0.009221766837572797,0.3955220490415555,1.033936208178911,-0.6368423153091354,-45.82320291419892,109.8553325060304,0.025,0.025,610,0,2,31.218025836765175,0.9529248760858742,floating-PLL-IQ40,range,envelope,60512,PAL,30,5,1000000.0,,True,0.5208031849986905,17.304428758279084,5.16471772765657,10.032184496964506,6.401720865621746
4.495563469519256,44.72335383027314,True,88.43977415307403,610,8,0,2.025,2.025,1000000.0,48.31651270966423,26.562090072028052,-26.396358518007034,3.7387543620396,81.41364886721242,1000000.0,1000000.0,610,610,2,4.642277459388272,0.6257792414148937,HC50,range,envelope,60512,PAL,30,5,1000000.0,contrast;waveform;sync;h_jitter_us;v_jitter_us;h_width_rmse_us;sync_error_ire;black_error_ire;white_error_ire,False,0.4170808550888492,99.02093660670346,6.771253412220583,12.31224268401967,30.256425555040142
11.860331774048301,98.53910975207555,True,3.683814303638645,0,0,2,0.075,0.075,0.05119474230176633,3.728394932540298,-1.3907267186837673,-2.347480819456209,-51.82131437481513,111.92107673173238,0.075,0.075,610,0,2,16.88590999739962,0.48196439009079645,PLL96-board-fixed,range,envelope,60512,PAL,30,5,1000000.0,,True,0.43610456711083373,-98.99227344268071,22.37178941845292,30.96346719295784,15.746460772893299
12.424356045961463,95.84682194207349,True,5.126097867001255,0,0,2,0.275,0.15,0.09323423700990786,1.6002682824515744,0.8200031488750158,-5.497674114997831,-49.51971357269251,106.61270433076062,0.275,0.15,610,0,2,18.73750196214074,0.42799435286225035,RNG-e8b8a23c51cf,range,envelope,60512,PAL,30,5,1000000.0,,True,0.22146874195567356,-71.36153060621905,29.787186420478086,72.2529358620183,12.917769738184731
7.572490454424222,89.34808220745093,True,21.955823426168163,430,10,0,2.025,2.025,3.4483620253527234,9.14460804629477,1.8801065998331623,-8.98968146461049,-81.17851679511443,141.8814104770027,1.80625,0.44000000000000006,506,34,2,17.167876402716658,0.3582052769716298,OVP56,range,envelope,60512,NTSC,6,5,1000000.0,,False,,,,,
8.697700686382914,94.08035635633118,True,12.332651949170147,4,0,1,1.11875,0.8074999999999998,1.8928598275343123,2.5428655119082824,1.1160156078521057,-5.955161373307787,-65.05295088638826,127.17027755489369,1.05,0.8074999999999998,506,1,2,19.135955290788004,0.36240961062942745,RANGE32,range,envelope,60512,NTSC,6,5,1000000.0,,False,,,,,
-6.722243772597284,-84.16714735734894,False,606.119060593015,506,12,49,2.025,2.025,1000000.0,86.17125345009981,21.41216047906692,-158.06778589602104,-74.71926571149058,130.83145641495923,1000000.0,1000000.0,506,506,2,-6.761639386486486,-0.2957062010129992,PLL96-rejected-board,range,envelope,60512,NTSC,6,5,1000000.0,,False,,,,,
9.199238638569234,94.30003123125724,True,8.339178786574223,368,7,0,2.025,2.025,3.5226389975764447,11.774504004428104,-1.3656836564366206,-3.4183244464104194,-75.02227021074617,132.2989388093224,1.8037500000000002,1.3599999999999999,506,17,2,14.330118955395667,0.28866446318112177,PLL96-IQ-corrected,range,envelope,60512,NTSC,6,5,1000000.0,,False,,,,,
11.721180001820104,96.07599170634295,True,0.40566943736132727,31,0,0,2.025,0.5562499999999996,2.72692375359025,1.6943806354099,0.6653217376857704,-2.6621143364148296,-77.50808559168415,131.91506326679288,1.575,0.5562499999999996,506,2,2,25.614106555660324,0.5581375564007957,floating-PLL-IQ40,range,envelope,60512,NTSC,6,5,1000000.0,,False,,,,,
4.029591160767387,44.468211291882405,True,102.30546682843269,506,12,0,2.025,2.025,1000000.0,48.31349115841056,26.36082177381647,-26.9842960962491,-61.94754450361598,129.248088929465,1000000.0,1000000.0,506,506,2,4.60303498848245,0.27742152073539467,HC50,range,envelope,60512,NTSC,6,5,1000000.0,,False,,,,,
8.829385156380141,96.16219814616262,True,12.862505908172697,4,0,1,1.175,1.0624999999999998,2.0317790837145457,-0.29068863160207603,-3.17253854321788,-10.289497631780153,-81.69584855622597,120.61671244586725,1.1224999999999994,1.0624999999999998,506,1,2,14.83283124873452,0.3130208448810657,PLL96-board-fixed,range,envelope,60512,NTSC,6,5,1000000.0,,False,,,,,
10.10362034433286,92.11743591245808,True,11.006511784734787,6,1,1,1.29375,1.5712499999999994,2.170568473925667,3.5540825644395024,3.143755966415862,-7.6750773448524425,-65.16174089263342,117.92459927737104,1.225,0.975,506,1,2,15.911191707996418,0.3166780623946108,RNG-e8b8a23c51cf,range,envelope,60512,NTSC,6,5,1000000.0,,False,,,,,
11.38691448959684,96.32429512279464,True,1.336677032938251,57,0,0,2.025,1.7662499999999997,2.8547731880933327,2.623262436409365,0.8528886714498523,-3.3376306528547173,-72.83963618511362,133.32279576502216,1.6399999999999992,1.7662499999999999,506,3,2,24.56522398474418,0.5297273543519974,OVP56,range,envelope,60512,NTSC,10,5,1000000.0,,False,,,,,
12.397423050809238,96.69825500203414,True,1.7792255100596988,0,0,2,0.1,0.075,0.422488802854643,-0.09726113667988213,1.4151883994272922,-2.084646780752255,-54.23481710644707,115.67609670954974,0.1,0.075,506,0,2,24.4683837140176,0.5359285629376952,RANGE32,range,envelope,60512,NTSC,10,5,1000000.0,,True,,,,,
-6.713798796888994,-83.87127700737419,False,606.5638669705298,506,12,52,2.025,2.025,1000000.0,83.92235167374801,22.422803334912878,-158.31950339001094,-71.72286587005611,83.86677906531929,1000000.0,1000000.0,506,506,2,-6.761659227102696,-0.33773092794556137,PLL96-rejected-board,range,envelope,60512,NTSC,10,5,1000000.0,,False,,,,,
9.347150836063193,96.81904474112845,True,6.385342312752321,361,9,0,2.025,2.025,3.5107937014004547,13.780802189804641,-2.353567301387865,-1.9261344744553943,-57.2378574540318,123.80281220969997,1.8899999999999992,1.5425,506,12,2,13.147882329244915,0.3339318041351457,PLL96-IQ-corrected,range,envelope,60512,NTSC,10,5,1000000.0,,False,,,,,
15.528126183359156,97.2817323473225,True,0.0,0,0,2,0.09375,0.4324999999999994,0.9084943076952241,0.5827897629466867,0.7921810003573685,-1.1900931463313478,-63.955289569570326,124.4724793491898,0.09375,0.4324999999999994,506,0,2,29.261239035416615,0.7316252134070969,floating-PLL-IQ40,range,envelope,60512,NTSC,10,5,1000000.0,,False,,,,,
4.386555974791827,45.04431023127027,True,93.55233963638771,506,12,0,2.025,2.025,1000000.0,48.26569785540169,26.451386686566277,-25.944421702397516,-18.62685893622612,99.14861436706207,1000000.0,1000000.0,506,506,2,4.666250471837899,0.42813767014277393,HC50,range,envelope,60512,NTSC,10,5,1000000.0,,False,,,,,
11.110266111728556,100.17834777147998,True,4.50902708577312,0,0,2,0.1,0.07249999999999997,0.41520478065819877,-0.03610917412442353,-3.3401827471396426,-5.270222235476709,-69.63823960281627,112.97094801404253,0.1,0.07249999999999997,506,0,2,17.259173454889247,0.4220942986869119,PLL96-board-fixed,range,envelope,60512,NTSC,10,5,1000000.0,,True,,,,,
11.866864067176168,94.9679182689584,True,5.647008884085414,0,0,2,0.375,0.31999999999999995,0.7788236036058466,1.8881302239687507,1.5093918417635814,-6.006738243956006,-59.162056757539325,114.50712330369285,0.375,0.31999999999999995,506,0,2,18.749212642823657,0.3906603195448947,RNG-e8b8a23c51cf,range,envelope,60512,NTSC,10,5,1000000.0,,False,,,,,
16.832917830155676,97.89052600622195,True,0.3221271228026866,0,0,2,0.05,0.025,0.021406797708725434,-0.1814274164753757,1.3160328197971327,-1.4443712378125564,-56.64622088982415,118.34347308115247,0.05,0.025,506,0,2,28.214102041600924,0.7756010722309886,OVP56,range,envelope,60512,NTSC,30,5,1000000.0,,True,0.8956461598419484,-48.263348286913626,7.863402401142159,11.960735252428792,11.252099406362788
16.672131010834473,95.86998679143834,True,1.034118380212363,0,0,2,0.05,0.05,0.045308560037240445,0.24445804891459819,1.5504480861809153,-4.003044722527255,-45.45818015496754,104.10641047340025,0.05,0.05,506,0,2,24.79109944191304,0.7639059560699415,RANGE32,range,envelope,60512,NTSC,30,5,1000000.0,,True,0.8035307112655239,-48.34696995023236,7.300559404689357,12.362936928630646,10.729788344592171
-6.67209058947996,-82.6662781479217,False,609.9296438237393,506,12,55,2.025,2.025,1000000.0,82.04244145583144,21.90116024041165,-157.61398904969934,-69.1815252821006,68.26960432903789,1000000.0,1000000.0,506,506,2,-6.720926723145491,-0.36013349152818036,PLL96-rejected-board,range,envelope,60512,NTSC,30,5,1000000.0,contrast;waveform;detail_floor;sync;h_jitter_us;v_jitter_us;h_width_rmse_us;sync_error_ire;black_error_ire;white_error_ire,False,0.4398405944825363,82.19079287287943,37.315966736455984,25.607286623436273,28.869021386859703
8.916746551152622,98.49243522414523,True,6.580274380055815,173,5,0,2.025,2.025,3.3801798200118904,15.723202806967096,-1.6531570468468257,-1.3178014510402263,-42.96291432624839,107.45865280560042,1.819999999999999,0.6599999999999995,506,5,2,11.670637836676523,0.36108107933652417,PLL96-IQ-corrected,range,envelope,60512,NTSC,30,5,1000000.0,waveform;sync;h_jitter_us;v_jitter_us;h_width_rmse_us;sync_error_ire,False,0.5110420276542613,-96.02652684121529,34.46453597156563,29.057555874105315,18.306933517680523
24.01595350052225,97.50473047520786,True,0.0,0,0,2,0.025,0.025,0.00936470119429862,0.3919123392210248,1.002479499820906,-0.7063303429250475,-45.917056352728345,109.67498791912593,0.025,0.025,506,0,2,31.14066695472424,0.961906017920464,floating-PLL-IQ40,range,envelope,60512,NTSC,30,5,1000000.0,,True,0.6250565658350048,8.302936989088135,4.338713950282359,8.079829896743112,5.540553515981966
4.473616463746438,44.7141784784883,True,94.3418521406401,506,12,0,2.025,2.025,1000000.0,48.307441648481166,26.509144103536574,-26.449961933284197,3.6099822080263237,83.37377500710798,1000000.0,1000000.0,506,506,2,4.616119372414427,0.6408596098312004,HC50,range,envelope,60512,NTSC,30,5,1000000.0,contrast;waveform;sync;h_jitter_us;v_jitter_us;h_width_rmse_us;sync_error_ire;black_error_ire;white_error_ire,False,0.4453140135077231,80.79969017893157,5.565072667737357,9.513942401904178,30.374629941775133
11.875070049618632,98.38908768734494,True,3.788756860254029,0,0,2,0.075,0.1424999999999999,0.05120822793942056,3.700427871999559,-1.390364835653506,-2.4349540031509433,-58.85197551733082,111.99362733484173,0.075,0.1424999999999999,506,0,2,17.015985599346777,0.4852588004604006,PLL96-board-fixed,range,envelope,60512,NTSC,30,5,1000000.0,,True,0.5972652313247051,-85.08786693819303,32.61770331631404,17.82417783246658,16.562558342220466
12.374272856601644,95.7581552306405,True,5.3783187372616785,0,0,2,0.275,0.28625,0.09125551583307431,1.5413267825401622,0.814872469652784,-5.594991401973867,-50.84924752499162,106.53037770424734,0.275,0.28625,506,0,2,18.845042751762335,0.42138765767169867,RNG-e8b8a23c51cf,range,envelope,60512,NTSC,30,5,1000000.0,,True,0.2327465320925063,-68.47568424062696,39.09009343940038,98.18765320589989,14.117402019331148
7.3071783970791335,87.38238531765361,True,23.984943538268507,593,8,0,2.025,2.025,3.5480680327053884,15.300118796516136,3.7477531224579566,-6.665222351717077,-76.3343597336762,144.52157569593652,1.7149999999999999,1000000.0,610,113,2,15.827950771362575,0.3386868439989467,OVP56,range,envelope,60513,PAL,6,3,500000.0,,False,,,,,
7.815669127172226,90.33200750398612,True,15.476160602258469,289,3,0,2.025,2.025,3.2792602073925394,15.385347776444236,1.8366802071499255,-3.4411715378803582,-60.25840917584176,132.76674572596323,1.85,1.385,610,6,2,16.286697750805452,0.3285738515335241,RANGE32,range,envelope,60513,PAL,6,3,500000.0,,False,,,,,
-6.188180071328718,-90.7654709264347,False,658.5112923462985,610,8,8,2.025,2.025,1000000.0,120.36454388832088,38.72099996022178,-143.02499430996232,-62.313517570458075,141.8486111987887,1000000.0,1000000.0,610,610,2,-6.197494528789261,-0.29759418955320815,PLL96-rejected-board,range,envelope,60513,PAL,6,3,500000.0,,False,,,,,
9.363466470402257,96.2543606883824,True,8.04077791718946,0,0,0,1.038749999999999,1.0537499999999995,1.7073698135810733,2.8059183536532646,2.8794411045374275,1.6992244503469476,-61.315154663763224,142.84054867161137,1.038749999999999,1.0537499999999995,610,0,2,15.330397289171437,0.29129664625305385,PLL96-IQ-corrected,range,envelope,60513,PAL,6,3,500000.0,,False,,,,,
11.980439367609812,95.67697684548064,True,0.20765370138017566,29,1,0,2.0,1.9549999999999998,2.65592127408054,3.5244579190164735,1.445361573365179,-1.5046937136840672,-64.32584670038435,137.9659536419508,1.5,1.69,610,1,2,25.434234554012324,0.5567176058353921,floating-PLL-IQ40,range,envelope,60513,PAL,6,3,500000.0,,False,,,,,
3.212926822508657,44.38334471296258,True,135.9215809284818,610,8,0,2.025,2.025,1000000.0,54.62200450581416,32.63208534295848,-20.744936109134503,-51.59545001486827,126.59380188065666,1000000.0,1000000.0,610,610,2,3.6561014168066985,0.26552175467689687,HC50,range,envelope,60513,PAL,6,3,500000.0,,False,,,,,
8.990301357240423,97.23924390692343,True,12.16624843161857,39,1,0,2.025,1.9812499999999997,2.6531733882317257,3.024803794031249,-2.585705922289032,-5.3184395579498265,-69.96124951340887,135.12350850463596,1.65,1.6749999999999994,610,3,2,15.47750156506127,0.31984725444375567,PLL96-board-fixed,range,envelope,60513,PAL,6,3,500000.0,,False,,,,,
9.981378378758984,90.83389342787949,True,10.621079046424091,14,0,0,1.3887499999999988,1.0712499999999996,2.2516786243859888,8.12446604593498,5.458832059115479,-3.649006932413852,-66.21738043252252,132.8283270410419,1.18125,1.0712499999999996,610,2,2,15.295887121827871,0.31755560437148084,RNG-e8b8a23c51cf,range,envelope,60513,PAL,6,3,500000.0,,False,,,,,
10.963968277264636,93.32322434062135,True,1.6750313676286073,279,5,0,2.025,2.025,3.284358817163428,7.941772874514249,1.706013132907289,-3.4442405271926195,-62.8251790868223,134.5030491714355,1.825,1.02,610,8,2,21.683717285681627,0.4954010134361431,OVP56,range,envelope,60513,PAL,10,3,500000.0,,False,,,,,
11.733921213151286,93.63260880799156,True,1.7446675031367629,19,0,0,1.713749999999999,1.0574999999999999,2.4437521772658757,6.484937368677233,2.3957067784713866,-2.510446870684711,-50.23837355878452,122.58018868123224,1.375,1.0574999999999999,610,1,2,22.178812709411574,0.49761238844966676,RANGE32,range,envelope,60513,PAL,10,3,500000.0,,False,,,,,
-6.203254705910784,-91.95839712445567,False,657.878920953576,610,8,25,2.025,2.025,1000000.0,124.75012744332085,38.9382039453225,-142.21284167112802,-59.38809129064985,116.92083020890186,1000000.0,1000000.0,610,610,2,-6.22644703653285,-0.33696972944576775,PLL96-rejected-board,range,envelope,60513,PAL,10,3,500000.0,,False,,,,,
9.807550416834188,98.59283036181851,True,5.7151819322459225,0,0,2,0.4,0.4149999999999999,0.6771020699383175,2.410191319667236,2.8078998099840633,4.017511158166252,-59.89113708370435,137.9565752096909,0.4,0.4149999999999999,610,0,2,14.551400405533371,0.3346629066370864,PLL96-IQ-corrected,range,envelope,60513,PAL,10,3,500000.0,,False,,,,,
15.285783473987031,95.53918338648212,True,0.0012547051442910917,0,0,2,0.2524999999999977,0.025,1.0606838383411112,2.9107445791895263,1.8888027889011232,-1.3683128330234013,-58.52378484875019,130.4625530373559,0.2524999999999977,0.025,610,0,2,26.449864725731057,0.7122737457099514,floating-PLL-IQ40,range,envelope,60513,PAL,10,3,500000.0,,False,,,,,
3.437141955593091,44.31228798760123,True,112.22710163111668,610,8,0,2.025,2.025,1000000.0,54.79711909312836,32.667467083243224,-20.54014287633769,-17.306456712823923,102.01344738082804,1000000.0,1000000.0,610,610,2,3.6515810585553665,0.39101919823795905,HC50,range,envelope,60513,PAL,10,3,500000.0,,False,,,,,
11.456975301429315,100.76117393407667,True,4.105395232120451,0,0,2,0.41624999999999657,0.7087499999999995,1.055373642171418,-0.17309211458781854,-2.272068300074742,-1.4828098640618366,-57.243567387019546,126.46359732513284,0.41624999999999657,0.7087499999999995,610,0,2,18.013588333612905,0.433505996612488,PLL96-board-fixed,range,envelope,60513,PAL,10,3,500000.0,,False,,,,,
11.660522242273462,92.00177480845812,True,5.190715181932245,0,0,2,0.6887499999999989,0.22374999999999995,1.2261332162266978,7.434254740872378,5.242902288008929,-3.0233142848596435,-52.039317224422106,124.61276519926912,0.6887499999999989,0.22374999999999998,610,0,2,17.556170252785964,0.38778510472640804,RNG-e8b8a23c51cf,range,envelope,60513,PAL,10,3,500000.0,,False,,,,,
15.778073804097765,97.22890667613228,True,0.3902132998745295,0,0,2,0.05,0.04124999999999999,0.018471289196755163,0.4831573651995272,1.026691682051749,-1.6292362032357035,-52.614071364887636,123.40444931791998,0.05,0.04124999999999999,610,0,2,27.807493765586567,0.7178062028915946,OVP56,range,envelope,60513,PAL,30,3,500000.0,,True,0.843965852195666,-60.03015553465854,16.57173829284524,20.537225553219614,12.101046801139258
15.877254523272008,96.31515618285424,True,0.6957340025094103,0,0,2,0.075,0.075,0.056203304844197874,1.8224039474233877,2.1927943739603144,-0.6950706036286878,-45.96091709999742,110.16264461072649,0.075,0.075,610,0,2,25.30577397999741,0.712361956030313,RANGE32,range,envelope,60513,PAL,30,3,500000.0,,True,0.7512727158543602,-65.06230255567279,14.31690311400666,20.19626997820352,12.371775710467594
-6.368265998315568,-96.61897845675921,False,659.4937264742786,610,8,30,2.025,2.025,1000000.0,136.1294392673163,39.263694828730515,-142.2163616890216,-56.71051141699712,108.469092882408,1000000.0,1000000.0,610,610,2,-6.404209639522824,-0.37572561315846054,PLL96-rejected-board,range,envelope,60513,PAL,30,3,500000.0,contrast;waveform;detail_floor;sync;h_jitter_us;v_jitter_us;h_width_rmse_us;sync_error_ire;black_error_ire;white_error_ire,False,0.2677240709859364,54.6097960309275,33.063571392954664,55.48057260421477,43.01653761915327
9.46025291979139,102.78429793085677,True,5.888331242158094,0,0,2,0.35,0.3124999999999999,0.10336549825501833,2.1970424331813505,2.239687443732705,5.424187745822048,-52.737596496703325,114.08656945362378,0.35,0.3124999999999999,610,0,2,12.514538481495443,0.37418197259432023,PLL96-IQ-corrected,range,envelope,60513,PAL,30,3,500000.0,,True,0.30584574045913326,-122.805273272242,30.60552539370832,57.24253003634541,17.602495291347477
21.55821379057805,95.90601137856622,True,0.0,0,0,2,0.025,0.025,0.018936909921553967,2.1829767588350046,2.263498137559797,-0.6645245310563064,-45.772846940341,112.41426196811085,0.025,0.025,610,0,2,27.480269523930424,0.9310672767990186,floating-PLL-IQ40,range,envelope,60513,PAL,30,3,500000.0,,True,0.533728752013136,13.367275118657805,6.942476806129545,10.719516572533617,6.481174491998359
3.546853804570281,44.257242363925975,True,95.36135508155584,610,8,0,2.025,2.025,1000000.0,54.64226002636884,32.4755134997812,-20.966190263941705,9.372104998096944,90.21217243968235,1000000.0,1000000.0,610,610,2,3.6596150272322636,0.5562017177242877,HC50,range,envelope,60513,PAL,30,3,500000.0,contrast;waveform;sync;h_jitter_us;v_jitter_us;h_width_rmse_us;sync_error_ire;black_error_ire;white_error_ire,False,0.406039539045132,98.6820539083592,13.368262227425472,18.490424390109172,35.7256997082372
12.331750974016089,102.1649523587876,True,3.9065244667503136,0,0,2,0.075,0.06624999999999999,0.06645286755706917,-2.6257387175484577,-2.0459350146639124,0.8012231707111266,-50.69292785507177,114.87900525821962,0.075,0.06624999999999999,610,0,2,16.6860304973654,0.5227440107514338,PLL96-board-fixed,range,envelope,60513,PAL,30,3,500000.0,,True,0.4550926084653869,-96.59465945792051,28.768099685814114,35.92495043696362,15.011470662601207
12.211585220988155,92.458468685294,True,4.90840652446675,0,0,2,0.125,0.14125,0.05281036286780756,7.056168363267934,5.28888276367068,-2.6952563880379214,-42.044829727097344,111.382758701804,0.125,0.14125,610,0,2,17.6842748136411,0.4229975852823857,RNG-e8b8a23c51cf,range,envelope,60513,PAL,30,3,500000.0,,True,0.26328888225643277,-73.33853094322642,57.41737348234716,51.57359689849167,13.574223005493172
7.346559940994375,87.2363027183108,True,24.200176417284077,485,12,0,2.025,2.025,3.546368028064232,15.236246303544439,3.7865178698114517,-6.839737207868867,-74.44763707103328,144.17393571302125,1.625,1000000.0,506,61,2,15.699651510749241,0.3528784922028948,OVP56,range,envelope,60513,NTSC,6,3,500000.0,,False,,,,,
7.816648172492323,90.1082116629766,True,16.124419343282142,257,6,0,2.025,2.025,3.2362087677952767,15.44656383234415,1.763229779864704,-3.4831512336192527,-58.36472359300862,138.42769258717823,1.925,1.6875,506,7,2,16.130837187629492,0.33713792231084616,RANGE32,range,envelope,60513,NTSC,6,3,500000.0,,False,,,,,
-6.130282091284538,-90.62254232463721,False,658.9381244976171,506,12,4,2.025,2.025,1000000.0,120.3424162442013,38.65382510636914,-143.0017198698069,-62.582833374147,140.59831471479526,1000000.0,1000000.0,506,506,2,-6.1434442909950935,-0.2873608038895592,PLL96-rejected-board,range,envelope,60513,NTSC,6,3,500000.0,,False,,,,,
9.337221301517548,95.90457924016908,True,8.424226368061849,2,0,1,0.9375,1.03375,1.511930481127325,2.723222646330709,2.8271455018710694,1.6107846903758976,-63.264878959379594,143.8162022568611,0.9,1.03375,506,1,2,15.43894223191847,0.28174717866207616,PLL96-IQ-corrected,range,envelope,60513,NTSC,6,3,500000.0,,False,,,,,
12.052799536923462,95.59408143314784,True,0.28299018264908915,23,0,0,1.86875,0.9199999999999999,2.5778806074954352,3.4902669273362865,1.397518531153325,-1.6897539074085124,-61.54475777924976,139.85411179117474,1.45,0.9199999999999999,506,1,2,25.228429562604866,0.5690397160161372,floating-PLL-IQ40,range,envelope,60513,NTSC,6,3,500000.0,,False,,,,,
3.1782800793004524,44.379060948564415,True,141.35133833282657,506,12,0,2.025,2.025,1000000.0,54.55185571691175,32.54373219814734,-20.872163162803616,-54.492186380289766,131.80671967416814,1000000.0,1000000.0,506,506,2,3.604116497691745,0.28114478491097183,HC50,range,envelope,60513,NTSC,6,3,500000.0,,False,,,,,
8.952768228818046,96.97036980186633,True,12.57123675741419,45,1,0,2.025,1.7912499999999998,2.6921402834653385,2.9755665942659433,-2.6828116635902735,-5.599699688185463,-69.2565803494907,133.24115162153947,1.575,1.4375,506,2,2,15.485721858480325,0.3155570230205883,PLL96-board-fixed,range,envelope,60513,NTSC,6,3,500000.0,,False,,,,,
10.055920846317685,90.72674807553092,True,10.310325830079448,11,0,0,1.5187499999999998,1.4012499999999994,2.281935814304614,7.930920398731018,5.534096488217265,-3.7374172364245823,-56.42058042088881,130.87189817786933,1.35,1.4012499999999997,506,1,2,15.699470756565804,0.3097863896053793,RNG-e8b8a23c51cf,range,envelope,60513,NTSC,6,3,500000.0,,False,,,,,
11.036192765971037,93.30397289866113,True,1.7423464702995781,210,6,0,2.025,2.025,3.271127726752615,7.807082332793519,1.6561275347924844,-3.586204773148763,-67.95577984955376,136.14757302580392,1.8,1.6125,506,7,2,21.635853848897924,0.514359766825011,OVP56,range,envelope,60513,NTSC,10,3,500000.0,,False,,,,,
11.79025349453427,93.60151879850355,True,1.9064205655588906,19,0,0,1.90625,1.4937499999999995,2.371225791789305,6.38297901244833,2.313069160972515,-2.610881421981475,-52.192429469197464,119.70515359765804,1.4924999999999997,1.4937499999999992,506,1,2,22.186252693539203,0.5123947855691013,RANGE32,range,envelope,60513,NTSC,10,3,500000.0,,False,,,,,
-6.1475002609833584,-91.84081022014216,False,658.4760075504189,506,12,17,2.025,2.025,1000000.0,124.89081640321683,38.87725703184837,-142.21384784556807,-59.148776782438134,117.8629629549421,1000000.0,1000000.0,506,506,2,-6.175013229715764,-0.32158378978430596,PLL96-rejected-board,range,envelope,60513,NTSC,10,3,500000.0,,False,,,,,
9.751947659070767,98.17519419058884,True,6.096331062387293,0,0,2,0.35,0.2,0.7053788262611442,2.2700516854809782,2.7685796396778004,3.9237527378361765,-61.856002933306435,132.8108293794421,0.35,0.2,506,0,2,14.737888320104206,0.3175008079265585,PLL96-IQ-corrected,range,envelope,60513,NTSC,10,3,500000.0,,False,,,,,
15.431902704850371,95.53272461309125,True,0.0007526334644922584,0,0,2,0.05,0.05,1.0067233223811232,2.858552046516149,1.8293854994453358,-1.470563762894363,-56.4870092731014,130.7191668593257,0.05,0.05,506,0,2,26.484123656152274,0.7279380938372633,floating-PLL-IQ40,range,envelope,60513,NTSC,10,3,500000.0,,False,,,,,
3.3938115133944575,44.30957562372551,True,117.79014772689642,506,12,0,2.025,2.025,1000000.0,54.746746761063356,32.60271407759187,-20.62277342164191,-12.524986215039156,104.3471092614372,1000000.0,1000000.0,506,506,2,3.5980344387148038,0.4104772000663153,HC50,range,envelope,60513,NTSC,10,3,500000.0,,False,,,,,
11.399970940213924,100.4617139998494,True,4.348716157836269,0,0,2,0.4,0.05,1.0711364296802448,-0.20962138636982364,-2.348086706491203,-1.6889357798371092,-58.03159463410306,123.53260923077812,0.4,0.05,506,0,2,18.082831462813363,0.4290046894214077,PLL96-board-fixed,range,envelope,60513,NTSC,10,3,500000.0,,False,,,,,
11.581972420558845,91.79865406858052,True,5.2985395900254995,1,0,2,0.5875,0.9237499999999998,1.2678927321339215,7.34467480709152,5.208196925125399,-3.213956798377149,-53.03757440822045,118.83793541965568,0.5449999999999988,0.9237499999999997,506,1,2,17.553402977257157,0.37949139941679705,RNG-e8b8a23c51cf,range,envelope,60513,NTSC,10,3,500000.0,,False,,,,,
15.891270786381043,97.10544653546651,True,0.40265890350335826,0,0,2,0.05,0.05,0.020189321327181205,0.6184314586427988,1.0147474450465799,-1.8013658009654288,-52.91445172197165,123.09547799474944,0.05,0.05,506,0,2,27.63118039454941,0.7360161170184988,OVP56,range,envelope,60513,NTSC,30,3,500000.0,,True,0.907860683717484,-48.70875241514544,9.702198678652518,15.301685421941162,11.7625702376501
15.974303163672758,96.2267753873639,True,0.7142491578031532,0,0,2,0.075,0.075,0.05494337724928557,1.8286352411028948,2.167425734417068,-0.8630104775491326,-45.743927959720494,109.49934048375721,0.075,0.075,506,0,2,25.24707546539333,0.7297244394789236,RANGE32,range,envelope,60513,NTSC,30,3,500000.0,,True,0.8274397906709475,-53.52907563776457,11.39314577216748,15.918480954725112,12.181860220118756
-6.312469098157708,-96.41292189421155,False,660.274048897091,506,12,27,2.025,2.025,1000000.0,136.17830606593876,39.154873902792154,-142.12544529627522,-56.57795286416527,108.27663325654089,1000000.0,1000000.0,506,506,2,-6.355394488737928,-0.34364459616774723,PLL96-rejected-board,range,envelope,60513,NTSC,30,3,500000.0,contrast;waveform;detail_floor;sync;h_jitter_us;v_jitter_us;h_width_rmse_us;sync_error_ire;black_error_ire;white_error_ire,False,0.6023564666157024,64.53122514209878,23.27374335848189,24.437132623624088,42.00894984130424
9.416895924771561,101.95109213989309,True,6.030099317511975,0,0,2,0.35,0.15,0.10365718620995086,2.2396605118818194,2.1990155878884696,5.233189440602323,-52.667276264299566,113.84650754573735,0.35,0.15,506,0,2,12.741173424633097,0.3400813233603814,PLL96-IQ-corrected,range,envelope,60513,NTSC,30,3,500000.0,,True,0.6921600509677959,-112.9260893062549,23.633245480053038,24.19770068974759,20.352067168016756
21.830061289075037,95.77763865627512,True,0.0,0,0,2,0.025,0.025,0.018530500442252396,2.234632752738656,2.2450461839921982,-0.8345027993950679,-45.81137763930123,112.57868178343142,0.025,0.025,506,0,2,27.32440360354207,0.9406288427277532,floating-PLL-IQ40,range,envelope,60513,NTSC,30,3,500000.0,,True,0.6416899716883699,4.286186743339466,7.170391766486217,9.595419014490087,5.674951999745121
3.496902626239971,44.19846749879617,True,101.39327506946807,506,12,0,2.025,2.025,1000000.0,54.62400298893556,32.41080514011171,-21.096066077705174,9.341181202327213,89.99545800237675,1000000.0,1000000.0,506,506,2,3.6034834126975013,0.5727169396145078,HC50,range,envelope,60513,NTSC,30,3,500000.0,contrast;waveform;sync;h_jitter_us;v_jitter_us;h_width_rmse_us;sync_error_ire;black_error_ire;white_error_ire,False,0.4378269382604809,80.01517955091698,12.066505525795716,16.46164587225163,35.79742596393384
12.338338371396915,101.91511674645034,True,3.9528309555133414,0,0,2,0.075,0.05,0.06867247695335513,-2.6084667957675953,-2.072570351852997,0.6180525727504812,-50.625940997271655,114.66409207476175,0.075,0.05,506,0,2,16.836963581491112,0.525698910023159,PLL96-board-fixed,range,envelope,60513,NTSC,30,3,500000.0,,True,0.5895300948760603,-81.50271546242774,23.61031270781029,31.989174900265873,15.884087889409766
12.139823704692825,92.1784556047566,True,4.994475670370627,0,0,2,0.125,0.125,0.054025228333091646,7.043772403333998,5.275437359871663,-2.8962363877213173,-41.98245725013655,111.18554957425928,0.125,0.125,506,0,2,17.776900140748108,0.4143611217315007,RNG-e8b8a23c51cf,range,envelope,60513,NTSC,30,3,500000.0,,True,0.3766719259525817,-66.71624758400708,100.97090698854583,82.80644136391444,14.571454123706431
7.409703583390552,86.82364660413596,True,22.737766624843164,522,8,0,2.025,2.025,3.4921990987706506,8.02567507957587,2.294840728776855,-12.82149962464001,-85.26400372415219,135.7187309373366,1.9412499999999997,1000000.0,610,30,2,15.814184356694597,0.33544292532328557,OVP56,range,envelope,60514,PAL,6,3,1500000.0,,False,,,,,
6.634910035214169,86.45825635336051,True,26.30865746549561,32,1,0,2.025,1.7449999999999997,2.6417690200627537,2.34662985766994,1.7304458139940084,-24.422504772623107,-79.15144229982442,117.60254923936623,1.5037499999999995,1.0674999999999997,610,2,2,12.870598937240382,0.2862921330105676,RANGE32,range,envelope,60514,PAL,6,3,1500000.0,,False,,,,,
-7.660752355603653,-76.29859096123563,False,663.9084065244667,610,8,67,2.025,2.025,1000000.0,68.61721879073124,-5.27087841454644,-170.2584265621897,-82.63658566717963,117.70548911619838,1000000.0,1000000.0,610,610,2,-7.723048305255431,-0.31053802158876426,PLL96-rejected-board,range,envelope,60514,PAL,6,3,1500000.0,,False,,,,,
9.349544216963029,89.79592064576788,True,7.67314930991217,604,8,0,2.025,2.025,3.617060270440624,11.367472019839969,7.168694005054404,-6.853051911285748,-81.72812216398924,122.16756929972891,1.85625,1000000.0,610,281,2,13.753957976155588,0.31584726414414604,PLL96-IQ-corrected,range,envelope,60514,PAL,6,3,1500000.0,,False,,,,,
12.086582774415934,95.47128076516816,True,0.3042659974905897,41,1,0,2.025,1.9637499999999999,2.784417355352345,2.268428139158176,1.3896639967082016,-3.3522183173401863,-75.1680082308002,123.58788952229736,1.5,1.8049999999999997,610,3,2,25.043280577395937,0.5605397559557531,floating-PLL-IQ40,range,envelope,60514,PAL,6,3,1500000.0,,False,,,,,
4.285207375167922,43.98335698648565,True,87.67628607277291,610,8,0,2.025,2.025,1000000.0,43.678561923008836,21.65298851040067,-32.48209649264433,-74.94672992322654,110.90341195503623,1000000.0,1000000.0,610,610,2,4.9990993412491855,0.2490254942554744,HC50,range,envelope,60514,PAL,6,3,1500000.0,,False,,,,,
8.49935391385857,91.82048541238122,True,13.301756587202007,16,1,0,1.425,1.6312499999999992,2.4651230923159515,-0.10210753296406316,-1.024207305057015,-15.77268560674174,-91.0281169784907,110.4484009612195,1.25,0.7949999999999997,610,1,2,13.726659951517197,0.3025790875857088,PLL96-board-fixed,range,envelope,60514,PAL,6,3,1500000.0,,False,,,,,
9.685184465002607,87.57102175450396,True,10.089084065244668,61,1,0,2.025,1.9024999999999999,2.7548214894943674,5.0946877885327675,7.259810298136532,-12.540465703664356,-73.61691362871223,109.46336342152003,1.7150000000000005,1.6299999999999997,610,3,2,14.285134226899983,0.31214744587328136,RNG-e8b8a23c51cf,range,envelope,60514,PAL,6,3,1500000.0,,False,,,,,
11.054659366298216,93.08182119621141,True,1.5508155583437893,111,0,0,2.025,1.4712499999999993,2.9814655832405808,3.4234810420669466,1.4658058575810393,-7.2538900103906965,-74.26926628542027,122.35971296326989,1.6799999999999984,1.4712499999999993,610,3,2,21.524460463022656,0.4942139883270195,OVP56,range,envelope,60514,PAL,10,3,1500000.0,,False,,,,,
10.70944608699525,91.95414636130063,True,6.09723964868256,0,0,2,0.36374999999999885,0.11624999999999999,1.0858459722307932,1.4697485951811604,1.8706802886598621,-12.092360363018631,-60.89050336060342,111.17397996982592,0.36374999999999885,0.11624999999999999,610,0,2,18.15922218241807,0.4478492514146037,RANGE32,range,envelope,60514,PAL,10,3,1500000.0,,False,,,,,
-7.634571626369801,-74.22358707269818,False,664.3776662484316,610,8,62,2.025,2.025,1000000.0,67.618733015933,-8.235279890489105,-170.5339450825275,-81.87435783000763,65.19685536614878,1000000.0,1000000.0,610,610,2,-7.705164461016594,-0.3604702041392877,PLL96-rejected-board,range,envelope,60514,PAL,10,3,1500000.0,,False,,,,,
9.508807500209752,89.02829991432026,True,5.787954830614805,609,8,0,2.025,2.025,3.575,12.164902662847497,10.193637662028069,-8.2203476885544,-62.42860288764581,115.69679511042568,1.725,1000000.0,610,584,2,12.446609286450613,0.37478859667874453,PLL96-IQ-corrected,range,envelope,60514,PAL,10,3,1500000.0,,False,,,,,
15.47495610216661,95.82958137810542,True,0.00439146800501882,0,0,2,0.29124999999999657,0.05,1.2524643740229586,2.0718618799814053,1.3989467708598395,-2.4753710671348883,-63.35488154880795,117.03045069625134,0.29124999999999657,0.05,610,0,2,27.141553651337862,0.7203486504792461,floating-PLL-IQ40,range,envelope,60514,PAL,10,3,1500000.0,,False,,,,,
4.794862106475377,44.684191266281864,True,76.96925972396487,610,8,0,2.025,2.025,1000000.0,43.60440000974344,21.661743246755503,-30.989833824070494,-31.614775461988657,91.41904077965583,1000000.0,1000000.0,610,610,2,5.1422850308253505,0.4000059478661946,HC50,range,envelope,60514,PAL,10,3,1500000.0,,False,,,,,
11.04580641607107,94.82927476845566,True,4.249058971141782,1,0,0,0.9387499999999989,0.6287499999999996,1.76551328260858,1.0672327247290494,-0.5217142449624926,-11.700092938184838,-73.96610769546093,102.72507958743705,0.925,0.6287499999999996,610,1,2,16.417393142238065,0.4189503865266788,PLL96-board-fixed,range,envelope,60514,PAL,10,3,1500000.0,,False,,,,,
11.193052530318504,88.16490197693639,True,5.499372647427855,9,0,0,1.35,0.7537499999999998,2.236140760141913,4.878972556476215,8.471014173885074,-10.49950095253692,-62.39159924590602,106.39591465370995,1.225,0.7537499999999999,610,1,2,15.851267205045101,0.38208923737846295,RNG-e8b8a23c51cf,range,envelope,60514,PAL,10,3,1500000.0,,False,,,,,
15.979796866999433,97.58029044716262,True,0.37766624843161856,0,0,2,0.05,0.04124999999999999,0.019861198682726934,0.9148724472446979,0.9016193101676505,-1.2122061452190727,-61.173668077375766,117.78333807472421,0.05,0.04124999999999999,610,0,2,27.21981582763124,0.7285292973771278,OVP56,range,envelope,60514,PAL,30,3,1500000.0,,True,0.8134307058603497,-60.273214483015565,10.081535723778524,22.80550625613379,11.744550933854123
15.976932330819395,95.30330475976088,True,1.698870765370138,0,0,2,0.05,0.04124999999999999,0.0200153629519517,2.530541059605734,1.915784644565228,-3.11493192662916,-48.99202200203724,102.60184575276699,0.05,0.04124999999999999,610,0,2,24.37016026904474,0.7108693218243217,RANGE32,range,envelope,60514,PAL,30,3,1500000.0,,True,0.7923030235917133,-60.275437187230196,9.444970388754667,22.675396064588394,11.554747237110837
-7.630853638646485,-73.57364966581733,False,666.83626097867,610,8,65,2.025,2.025,1000000.0,67.04062919585718,-8.46147552768505,-170.3604733812855,-79.41764594379408,50.27368107583315,1000000.0,1000000.0,610,610,2,-7.706451138144107,-0.4180351829512045,PLL96-rejected-board,range,envelope,60514,PAL,30,3,1500000.0,contrast;waveform;detail_floor;sync;h_jitter_us;v_jitter_us;h_width_rmse_us;sync_error_ire;white_error_ire,False,0.22995871043774158,69.46979475499722,18.80451151269584,43.70912318669689,14.849574090947117
8.953423247494703,91.13241432388226,True,6.737139272271016,610,8,0,2.025,2.025,1000000.0,12.46543550133544,10.628426347317797,-8.194349824610828,-50.789082116948826,103.63692718624498,1000000.0,1000000.0,610,610,2,10.607152050097344,0.4413748076151625,PLL96-IQ-corrected,range,envelope,60514,PAL,30,3,1500000.0,waveform;sync;h_jitter_us;v_jitter_us;h_width_rmse_us,False,0.2002422948032905,-110.3627696024165,20.327321043971672,42.6304437641143,17.204255391639357
21.706766742147956,96.57621454728532,True,0.0,0,0,2,0.025,0.016249999999999987,0.020545830417410333,1.3282261590515299,1.5667622348687278,-1.6705996040145714,-45.82462645258296,110.24913816456393,0.025,0.016249999999999987,610,0,2,29.234638991039287,0.9262223284685372,floating-PLL-IQ40,range,envelope,60514,PAL,30,3,1500000.0,,True,0.4898136678772275,13.646545510987055,6.070135465617144,13.267342704934938,6.754105436064697
4.9644172237815525,44.87499611201208,True,83.29234629861983,610,8,0,2.025,2.025,1000000.0,43.45272773045678,21.966413717372607,-29.981799039978398,-2.799477458222654,78.97335026776761,1000000.0,1000000.0,610,610,2,5.162246566929294,0.5842883006430611,HC50,range,envelope,60514,PAL,30,3,1500000.0,contrast;waveform;sync;h_jitter_us;v_jitter_us;h_width_rmse_us;sync_error_ire;black_error_ire;white_error_ire,False,0.40262957520220066,98.81099429643699,8.86759826865643,24.02734352928233,25.981204992270424
11.960385918843247,93.1812984883448,True,4.123588456712672,0,0,2,0.125,0.08249999999999998,0.0500409668237509,3.367733557938567,9.581331948353556,-6.555638176953918,-51.910490382119036,101.51057479638109,0.125,0.08249999999999998,610,0,2,15.2188674844531,0.5391779518628239,PLL96-board-fixed,range,envelope,60514,PAL,30,3,1500000.0,,True,0.3715755998754245,-83.41322519708976,17.30557291940863,54.97747754236404,14.551783152212769
11.878428788759027,88.63452224056843,True,5.28168130489335,0,0,2,0.35,0.3,0.19502259221795265,4.703647099211978,10.074256007981605,-8.80412373039991,-49.54907508301537,96.49829639433204,0.35,0.3,610,0,2,15.687752024266315,0.44233428649250417,RNG-e8b8a23c51cf,range,envelope,60514,PAL,30,3,1500000.0,,True,0.33317310658869315,-88.64027820539054,120.2701940199342,99.99817213084323,15.267018260557789
7.485951411201697,86.97162721457937,True,22.219997772204945,430,9,0,2.025,2.025,3.5002232071683657,8.015863858091453,2.2270623596530426,-12.804376327284642,-84.44544676456539,131.49581104488954,1.83125,0.3875,506,27,2,15.88901655666631,0.3534083765996713,OVP56,range,envelope,60514,NTSC,6,3,1500000.0,,False,,,,,
6.714600581772686,86.60733403200834,True,25.77016982421493,23,0,0,1.96875,1.4324999999999994,2.6879795782800358,2.3203997418125346,1.6657622522617446,-24.368934385400188,-78.8215249614891,116.59285436800678,1.6,1.4324999999999994,506,2,2,12.99122632391642,0.29949831969924784,RANGE32,range,envelope,60514,NTSC,6,3,1500000.0,,False,,,,,
-7.5455018636971305,-76.23841949237843,False,658.8703874858128,506,12,54,2.025,2.025,1000000.0,68.52710614545421,-5.476667155907432,-170.38236671087685,-82.74902974060137,125.7166327943221,1000000.0,1000000.0,506,506,2,-7.611253112274299,-0.30112293406795226,PLL96-rejected-board,range,envelope,60514,NTSC,6,3,1500000.0,,False,,,,,
9.303673990993627,89.43907541928156,True,7.949314651967232,499,12,0,2.025,2.025,3.5563951451675657,11.306985501326823,7.126808776187986,-6.977400629192749,-82.03758054191206,121.44411587160806,1.7299999999999998,1000000.0,506,140,2,13.795243296062862,0.30619568118688,PLL96-IQ-corrected,range,envelope,60514,NTSC,6,3,1500000.0,,False,,,,,
12.15418883639732,95.50161272093214,True,0.31384815469327176,33,1,0,2.025,1.92875,2.7870453108053392,2.1701457926021264,1.312673581782508,-3.3774052118921345,-79.02271301021015,121.35964670557104,1.525,1.8125,506,2,2,25.00860003195488,0.5737711058090625,floating-PLL-IQ40,range,envelope,60514,NTSC,6,3,1500000.0,,False,,,,,
4.300034755661831,44.08611119463724,True,91.00392272561693,506,12,0,2.025,2.025,1000000.0,43.60093811084888,21.601791260760095,-32.34549895205164,-71.79642598878196,108.85629661974244,1000000.0,1000000.0,506,506,2,4.993632485569434,0.26492646854130997,HC50,range,envelope,60514,NTSC,6,3,1500000.0,,False,,,,,
8.456112109721317,91.77731739794946,True,13.838671511619156,12,1,0,1.65625,1.5437499999999993,2.3911262655522325,-0.12198630138952316,-1.1937451888928714,-15.823976219971433,-90.66117929042929,113.06622168991515,1.4674999999999983,0.975,506,2,2,13.71927890090796,0.3030280755370437,PLL96-board-fixed,range,envelope,60514,NTSC,6,3,1500000.0,,False,,,,,
9.735479829533713,87.62406644977503,True,10.088298958054231,50,1,0,2.025,1.9149999999999998,2.7040189995634276,5.063642511098779,7.281467594272968,-12.194548096142979,-72.23782947982198,109.5027683373176,1.725,1.7625,506,2,2,14.535588181090864,0.31327492564661996,RNG-e8b8a23c51cf,range,envelope,60514,NTSC,6,3,1500000.0,,False,,,,,
11.138068837547069,93.22377874142028,True,1.4435509848961516,87,5,0,2.025,2.025,2.9870117110272334,3.30171191850619,1.385246033618791,-7.255656104736792,-77.16582172394574,126.80715882372007,1.7,1.5099999999999993,506,4,2,21.616485380518483,0.5159298536606105,OVP56,range,envelope,60514,NTSC,10,3,1500000.0,,False,,,,,
10.808552814849318,92.14624549362225,True,5.853230453356294,0,0,2,0.5437500000000001,0.075,1.0889928307273167,1.345610945843138,1.7986772575938057,-11.95394054609772,-62.19051986558617,111.90514450289791,0.54375,0.075,506,0,2,18.31571162971953,0.4683802906471029,RANGE32,range,envelope,60514,NTSC,10,3,1500000.0,,False,,,,,
-7.519585841131092,-74.2604878101351,False,659.5259312333857,506,12,58,2.025,2.025,1000000.0,67.63002077888122,-8.319921063888252,-170.64896462525942,-80.65283499375043,67.22697922438417,1000000.0,1000000.0,506,506,2,-7.593479203254691,-0.34738760931924983,PLL96-rejected-board,range,envelope,60514,NTSC,10,3,1500000.0,,False,,,,,
9.462086310067342,88.79422566115966,True,6.012036114364161,505,12,0,2.025,2.025,3.625,12.033009515278057,10.03216934942821,-8.263329752091607,-64.3732177481163,115.32116921576247,0.675,1000000.0,506,256,2,12.545975773621825,0.3616693826104321,PLL96-IQ-corrected,range,envelope,60514,NTSC,10,3,1500000.0,,False,,,,,
15.57553681512571,95.88075913286919,True,0.0007526334644922584,0,0,2,0.44375,0.3624999999999995,1.2604234380092287,1.9614597089053212,1.3219724961746477,-2.4842604158618573,-64.21689552812686,116.78144311059884,0.44375,0.3624999999999995,506,0,2,27.234255745896476,0.7340222057079446,floating-PLL-IQ40,range,envelope,60514,NTSC,10,3,1500000.0,,False,,,,,
4.775342003505917,44.70097867424645,True,80.99841344865685,506,12,0,2.025,2.025,1000000.0,43.53495381884593,21.59541825530356,-31.028809408749066,-39.230231346597684,89.18217975835267,1000000.0,1000000.0,506,506,2,5.118794313462962,0.4164379550870338,HC50,range,envelope,60514,NTSC,10,3,1500000.0,,False,,,,,
10.989591789219041,94.73338680747581,True,4.388605731454359,1,0,0,0.9,0.9324999999999998,1.6925214069167005,0.891062227334837,-0.6009249532290742,-11.732678580021767,-73.40466258631636,102.43849143949609,0.8949999999999989,0.9324999999999998,506,1,2,16.441907739897008,0.4188657333468484,PLL96-board-fixed,range,envelope,60514,NTSC,10,3,1500000.0,,False,,,,,
11.045839696935111,88.05117315766425,True,5.723777497463625,5,0,1,1.3125,1.18125,2.02742548366552,4.663720942669893,8.493514833760658,-10.723402694595062,-83.88446280270944,106.93259577666711,1.2,1.18125,506,1,2,15.632451155973374,0.3795771107412838,RNG-e8b8a23c51cf,range,envelope,60514,NTSC,10,3,1500000.0,,False,,,,,
16.12291371674854,97.67414480343079,True,0.3710482979946834,0,0,2,0.05,0.05,0.019121000188832796,0.7999841963304838,0.8724091294313436,-1.2480824385628453,-61.29169668696903,117.8117680805914,0.05,0.05,506,0,2,27.27280155275764,0.7489617955439182,OVP56,range,envelope,60514,NTSC,30,3,1500000.0,,True,0.8750617915140662,-47.92239883660656,8.33106962545146,15.247249240455927,11.226571809943982
16.049643269386596,95.36409949538402,True,1.6813831596757052,0,0,2,0.05,0.05,0.020613131391682124,2.4066290000377433,1.8440922002811284,-3.1641555301557913,-50.4280323203254,102.3471209190372,0.05,0.05,506,0,2,24.44853549298309,0.7284665059175003,RANGE32,range,envelope,60514,NTSC,30,3,1500000.0,,True,0.860731256969147,-47.776781176938954,7.666340183993956,14.803668693942097,11.042331984878263
-7.513941444718353,-73.62538504310216,False,662.118000885097,506,12,56,2.025,2.025,1000000.0,67.04315627812305,-8.44882996903972,-170.46347239912893,-79.5322302243444,50.21989528956678,1000000.0,1000000.0,506,506,2,-7.592878003292166,-0.3986373871588107,PLL96-rejected-board,range,envelope,60514,NTSC,30,3,1500000.0,contrast;waveform;detail_floor;sync;h_jitter_us;v_jitter_us;h_width_rmse_us;sync_error_ire;white_error_ire,False,0.29972760497977746,76.42306042702882,18.145748301294056,40.072339776043236,15.947618430431818
8.916164093634597,90.87478567554177,True,6.80832231979697,506,12,0,2.025,2.025,1000000.0,12.359955653395946,10.483064920462406,-8.236458926429407,-50.890245723737166,108.30933458177276,1000000.0,1000000.0,506,506,2,10.701567440219462,0.4220462469009653,PLL96-IQ-corrected,range,envelope,60514,NTSC,30,3,1500000.0,waveform;sync;h_jitter_us;v_jitter_us;h_width_rmse_us,False,0.2671005565227146,-103.68679627642467,18.203830660453477,36.04098513540503,18.092375912122918
22.010843833972494,96.61914879852793,True,0.0,0,0,2,0.025,0.025,0.020311312294251805,1.2343143310768112,1.4931639715770764,-1.6967045573545034,-45.64029507040521,111.31034914248494,0.025,0.025,506,0,2,29.34499971914616,0.935516486206875,floating-PLL-IQ40,range,envelope,60514,NTSC,30,3,1500000.0,,True,0.5882232461301146,4.940960861448497,4.568055501217622,10.392937289739896,6.086068776533395
4.942221472720813,44.90075475203202,True,88.80322247544157,506,12,0,2.025,2.025,1000000.0,43.39685369124029,21.89803200793995,-30.014814383339335,-2.8786012406073525,79.6443510975088,1000000.0,1000000.0,506,506,2,5.137821749740498,0.601084426559818,HC50,range,envelope,60514,NTSC,30,3,1500000.0,contrast;waveform;sync;h_jitter_us;v_jitter_us;h_width_rmse_us;sync_error_ire;black_error_ire;white_error_ire,False,0.43341124028800637,81.10904846209414,7.872843925482924,16.24706330056508,26.148779288655604
11.850540722453589,92.98623673459718,True,4.110131349592224,0,0,2,0.125,0.05,0.05412801397828302,3.2211075105280087,10.495979666056138,-6.613544010560005,-48.751084066688534,101.40558148200009,0.125,0.05,506,0,2,15.133358473412684,0.5414718049320947,PLL96-board-fixed,range,envelope,60514,NTSC,30,3,1500000.0,,True,0.4968555526535803,-73.51933134521252,15.534671997051564,45.58994903384093,16.105188983916154
11.766809681084263,88.5232736929402,True,5.493471657328994,0,0,2,0.35,0.35,0.1978359952780787,4.534054012365555,10.018929351076281,-8.859487004739648,-49.570785743895186,96.21196384839271,0.35,0.35,506,0,2,15.714234211152958,0.4341275269744778,RNG-e8b8a23c51cf,range,envelope,60514,NTSC,30,3,1500000.0,,True,0.3620507362007255,-71.0184089423484,136.70874179160987,99.96953869077745,16.3598587875314
