stage,model,weak_sinad,weak_clicks,weak_contrast,strong_ok,max_strong_sinad_loss,max_strong_click_increase,max_strong_contrast_error_increase
final,HC50,-0.14697355204806226,135.5334260876706,79.17377001055762,False,0.6863229288247901,0.5206933619994625,0.25700853002750534
final,OVP56,2.4336318324205823,109.43647074412495,67.67605200151017,True,0.0,0.0,0.0
final,OVP56-video-1.0-blend-0.25,2.448705753354671,109.26080672011706,67.588929841766,True,0.09342400359223646,0.01679656006449992,0.12980001333576752
final,VLP56,2.102878038962354,107.30529054316341,72.6671860585829,True,0.07306458126745241,0.0,0.36094859122499656
final,theory-027163-slope,2.765236190558906,77.92239149422198,83.25480709202546,True,-0.01577058325658598,0.0,0.9104676593823342
final,theory-050690-ml,3.4099714089879742,80.24603227925587,87.08314498473253,True,-0.11835741256422594,0.0,0.9615145884559411
final,theory-052978-pll,5.476794478169207,38.02379605990026,84.0525558016638,False,1.2885391488313083,46.82880945982264,10.85058571897941
final,theory-057946-correlation,3.6763516230714157,80.17243068619547,84.56790799568078,False,1.6009749417135133,0.0,2.4131722473631214
final,theory-060797-hybrid,3.377187261520921,88.61515161694885,75.7761079966055,False,1.2451778639673865,0.43671056167696853,3.132639208697114
final,theory-062400-delay,4.30813188626143,68.11016770432082,83.43011993968814,False,1.1100293590309462,0.0,1.958868934464121
final,theory-093118-cross,2.017108064197157,119.32369584042519,76.7479578707226,False,0.5686532315719681,0.0,1.4108401800334605
final,theory-098482-kalman,2.3505045453668716,100.45544339186,78.10169462417778,False,0.23498734052903636,0.0,1.0741568796547938
echo_fade,HC50,-2.729900502715404,225.79475723371854,60.35851308705239,False,4.795784219840144,22.255442085460896,12.790443279755195
echo_fade,OVP56,0.2750450974227103,173.4984341873451,52.172312745600856,True,0.0,0.0,0.0
echo_fade,OVP56-video-1.0-blend-0.25,0.29152029876194174,173.13940771596646,52.11589120448428,True,0.007058280187177246,0.06718624025799436,0.08183465756769692
echo_fade,VLP56,-0.4400086701069411,184.204141658455,55.236278202334084,False,0.27386003084592314,0.537489922063962,-0.8643906528921974
echo_fade,theory-027163-slope,-0.7809448529025447,171.23019872196838,64.75184274021102,True,-0.021673998891991175,-0.03359312012899758,-0.2974225217682971
echo_fade,theory-050690-ml,-0.5354094335686346,176.81155566006748,69.58823757925225,True,0.139552586853938,-0.016796560064498797,0.16788974829802328
echo_fade,theory-052978-pll,3.04118011319244,79.53521118874853,74.07994025166693,False,1.7395696437198822,10.044342918570276,2.4307764250484354
echo_fade,theory-057946-correlation,-0.1292112086158322,174.1523336020783,59.83886286451075,False,1.0260439736578366,7.995162590701424,1.72856236938334
echo_fade,theory-060797-hybrid,0.25716651797359535,174.2204529845621,60.741975715601825,False,0.5186075193546031,1.7468422467078744,1.444531955482958
echo_fade,theory-062400-delay,0.2782483417820846,173.01786594105528,62.18360806748082,False,0.6046833551286852,9.87637731792529,0.8049657384967333
echo_fade,theory-093118-cross,-0.8425762612328405,208.15486988264806,61.72573528613503,False,-0.405624788919674,0.5878796022574576,-0.5484656655613378
echo_fade,theory-098482-kalman,-0.9755580402168095,199.7745528382454,61.023142339205556,True,-0.21236951721988095,0.05038968019349638,-0.5815028471698582
high_cnr,HC50,,,,False,0.4141939376048871,0.01679656006449879,0.352191577567325
high_cnr,OVP56,,,,True,0.0,0.0,0.0
high_cnr,OVP56-video-1.0-blend-0.25,,,,True,0.1451550776834729,0.0,0.06723724139452258
high_cnr,VLP56,,,,True,0.1884385723078239,0.0,0.24112439975461086
high_cnr,theory-027163-slope,,,,False,1.1630374505120376,0.0,0.582013305641027
high_cnr,theory-050690-ml,,,,False,1.0778391639976785,0.0,0.5902282735477229
high_cnr,theory-052978-pll,,,,False,2.46715327594738,45.65305025530771,11.385044332595115
high_cnr,theory-057946-correlation,,,,False,3.180471767475332,0.0,2.1280568218925993
high_cnr,theory-060797-hybrid,,,,False,2.255015183980813,0.45350712174146735,1.66032548300457
high_cnr,theory-062400-delay,,,,False,2.555011503406895,0.0,1.6686786012255652
high_cnr,theory-093118-cross,,,,False,1.7589543575836082,0.0,1.0882639083334738
high_cnr,theory-098482-kalman,,,,False,1.2737945703260838,0.0,0.6828892189541165
