input_cnr_db,model,mean_output_sinad_db,mean_errors_per1000,mean_contrast_percent,cases
0,PLL96,0.4194355990894546,115.69190629759025,74.84586442949517,36
0,OVP56,-0.43038042860546943,204.3166226223536,50.19923950481359,36
0,VLP56,-1.2019143878933054,211.76683015318463,54.64404961908201,36
0,HC50,-4.086129956046039,267.6079272298367,62.739825281647455,36
2,PLL96,3.6894374277959807,52.02081280420437,80.61883289270787,36
2,OVP56,1.3553130339095423,130.3548366627848,63.257423992852914,36
2,VLP56,0.8148715209384026,128.93552733733466,68.71292777336731,36
2,HC50,-1.8265329149477982,162.86924437875123,75.9571615799728,36
4,PLL96,6.168880077252036,21.30550329959091,82.73857602055679,36
4,OVP56,3.3598031247827915,70.89967974558812,73.65989483708546,36
4,VLP56,3.1813415393655267,63.8773179252889,79.21001246745341,36
4,HC50,1.0608154360740016,78.96436143211206,85.16985955341849,36
6,PLL96,7.614081688496621,8.908708829764997,83.58119121089851,36
6,OVP56,5.341213361735768,33.8338708232554,81.1045378685148,36
6,VLP56,5.511715922725896,26.214297978440683,85.66420550066631,36
6,HC50,4.269638427852467,29.807828690017622,90.32127367186143,36
14,PLL96,8.733632643646057,2.648257636835976,84.90275531870354,36
14,OVP56,10.556837406193667,5.603519065961958,89.86445942034808,36
14,VLP56,10.868812267185218,3.252000656932127,91.55356162965629,36
14,HC50,11.184429382938815,0.9788661948699574,93.75376152037614,36
18,PLL96,8.825777610461438,2.2633364686912123,85.61809037454994,36
18,OVP56,11.877552815531786,4.214070291737586,90.47960979043378,36
18,VLP56,12.206762733149196,2.400508375884619,91.85820379533537,36
18,HC50,12.76477804262015,0.441376272805996,93.88690457773026,36
30,PLL96,8.885130201163989,2.093971154707516,86.27903838668281,36
30,OVP56,13.011103818518222,3.4773545044641527,90.69045824203421,36
30,VLP56,13.408744199565634,1.9325375496431663,91.98775952881155,36
30,HC50,14.10652172550687,0.262679536564245,93.9000104532384,36
