model,kind,rms,cnr,sinad,clicks,contrast_percent,fitted_sinad,origin_permille,rail_permille
HC50,bars,0.75,-2,-4.634458339822356,390.0552898983861,28.732481555451315,0.1886443574208183,889.4824666268181,0.0
HC50,bars,0.75,0,-3.6631234026456423,304.34349472006375,37.43755168266424,0.36555256347326326,896.2567244471011,0.0
HC50,bars,0.75,2,-2.139320081536501,208.0344690177326,48.551190245294514,0.7712375392461889,907.8875273958956,0.0
HC50,bars,0.75,4,-0.4361368958856846,129.7320183303447,59.390469288634485,1.4747958793166482,924.5118549511853,0.0
HC50,bars,0.75,6,1.4092581440889367,73.29647340107591,68.7067393589431,2.5180202119451653,944.8844391313011,0.0
HC50,bars,0.75,8,3.2129920079600063,40.25951384737996,75.92704148360706,3.8034791505235632,964.8087268380156,0.0
HC50,bars,0.75,10,4.6732203632556155,22.72614066547121,80.15833531688611,4.981838155377143,981.6073919107392,0.0
HC50,bars,0.75,12,5.938033184727281,13.100219167164775,82.7491463768134,6.078730615703151,992.777445706316,0.0
HC50,bars,0.75,14,7.100548325817294,7.359533771667664,84.686989654349,7.148690398618219,998.4309623430963,0.0
HC50,bars,0.75,18,8.27685100868805,3.436939629408249,86.15177012971867,8.280697675855476,1000.0,0.0
HC50,bars,1.5,-2,-3.8765378971647753,357.0183303446902,41.08276506890227,0.3849865024709487,401.8604303646145,0.0
HC50,bars,1.5,0,-2.641014761676503,265.5907551305041,55.3509395195452,0.8091983624421143,381.5874676230324,0.0
HC50,bars,1.5,2,-0.6914382746146167,168.58437935843793,70.07603725872053,1.6937153186781184,351.0908547519427,0.0
HC50,bars,1.5,4,1.9950920554707292,85.78651125722256,82.04742326121496,3.3152582476314785,310.58228730822873,0.0
HC50,bars,1.5,6,5.012034531447379,35.0418410041841,88.9356409829429,5.596198156570691,260.74666268180914,0.0
HC50,bars,1.5,8,7.731185754666668,11.867403865311815,91.71895875033113,7.939796974762252,206.82655907551305,0.0
HC50,bars,1.5,10,9.64036465301051,3.959952181709504,93.12130962356359,9.70908387970018,154.3634190077705,0.0
HC50,bars,1.5,12,10.793769440607017,1.3448894202032278,93.76526999596142,10.818904968695678,106.34588563458856,0.0
HC50,bars,1.5,14,11.602087287737445,0.4358437935843793,94.15689213867931,11.61013872442394,66.14863518629208,0.0
HC50,bars,1.5,18,12.339867103489608,0.04981071926678621,94.52255617580757,12.340939416392283,23.548017533373184,0.0
HC50,bars,3.0,-2,-4.48544126302563,390.39151225343693,50.91993612622844,0.4536489036417704,118.78611277146842,0.7969715082685794
HC50,bars,3.0,0,-2.7811489227268944,284.6433552500498,67.57570637791575,1.028973152431842,103.75572823271568,0.3984857541342897
HC50,bars,3.0,2,-0.3356142699490321,167.3017533373182,82.38761443342565,2.2028859472308446,81.10430364614466,0.13697947798366208
HC50,bars,3.0,4,3.0425749614942696,75.8741781231321,94.07454773202699,4.477140535456631,54.1816098824467,0.0
HC50,bars,3.0,6,6.55696978826107,22.31520223152022,98.2633975175088,7.306059916221081,28.46682606096832,0.0
HC50,bars,3.0,8,9.651175033191326,3.698445905558876,99.06443324804287,10.028321759283761,10.161386730424388,0.0
HC50,bars,3.0,10,11.653388602312765,0.24905359633393107,98.89138515139983,11.85744603718878,2.092050209205021,0.0
HC50,bars,3.0,12,13.302713229231815,0.0,98.80287060349677,13.414205720349491,0.1618848376170552,0.0
HC50,bars,3.0,14,14.676620818183958,0.0,98.70976896717364,14.733803499855496,0.012452679816696552,0.0
HC50,bars,3.0,18,16.637767452032676,0.0,98.53197143096018,16.647698151192852,0.0,0.0
HC50,bars,5.0,-2,-4.521943285775965,397.5144451085874,53.877141263731,0.4887560766126202,43.086272165770076,87.26838015540943
HC50,bars,5.0,0,-2.8782656059204506,289.89838613269575,69.90376533342403,1.0562350116429422,36.93464833632198,80.02092050209205
HC50,bars,5.0,2,-0.254837134004522,170.551902769476,85.75494196485441,2.3478823221252303,28.25513050408448,68.02898983861327
HC50,bars,5.0,4,3.235295965572695,74.67872086072923,95.89004600815595,4.696097852974392,16.686590954373383,52.41332934847579
HC50,bars,5.0,6,6.8324667569524555,19.824666268180913,100.10855164745232,7.658776096058173,6.363319386331939,35.72673839410241
HC50,bars,5.0,8,9.991032895003043,2.6897788404064555,101.04367238509809,10.495545612416043,1.3199840605698345,19.83711894799761
HC50,bars,5.0,10,12.093136883994172,0.17433751743375173,100.85252354713623,12.431030848206511,0.08716875871687586,8.629707112970712
HC50,bars,5.0,12,13.955885433906381,0.0,100.5518037596894,14.178924258421853,0.0,2.116955568838414
HC50,bars,5.0,14,15.692037220223172,0.0,100.29757239969553,15.83604327377909,0.0,0.34867503486750345
HC50,bars,5.0,18,18.555381362254717,0.0,99.85519522418583,18.60436174902873,0.0,0.0
HC50,multitone,0.75,-2,-7.560951255492949,346.24676230324764,44.17386630167118,0.18440472437991848,891.0515042837219,0.0
HC50,multitone,0.75,0,-6.125173924877088,249.41472404861528,54.31756968560625,0.3540394663502289,897.4770870691373,0.0
HC50,multitone,0.75,2,-4.263294818490539,159.49392309224947,65.26931797728184,0.7104920309211394,908.9958158995815,0.0
HC50,multitone,0.75,4,-1.7572892792512762,82.88503685993226,73.58437825571643,1.426327002263827,926.0808926080894,0.0
HC50,multitone,0.75,6,1.0862055295553825,34.70561864913329,78.47496771738642,2.6619340983202555,945.5070731221358,0.0
HC50,multitone,0.75,8,3.507385252571883,11.904761904761903,81.2216574384981,4.162676479490815,965.0328750747161,0.0
HC50,multitone,0.75,10,5.1444891352864515,3.6237298266586975,82.2468885688856,5.398314121662881,981.3458856345886,0.0
HC50,multitone,0.75,12,5.905331127948755,1.1580992229527793,82.31438840307601,6.027332426038206,992.777445706316,0.0
HC50,multitone,0.75,14,6.407922651665916,0.42339111376768285,82.14045227272975,6.463184551957606,998.2939828651125,0.0
HC50,multitone,0.75,18,7.029512640456654,0.28641163578402073,82.13071148221276,7.0396643441154225,999.9875473201834,0.0
HC50,multitone,1.5,-2,-6.97961348156995,329.9586571030086,49.468084685929085,0.24136575266541724,406.0445307830245,0.0
HC50,multitone,1.5,0,-5.640744363709559,240.63558477784417,65.97285785697312,0.5299606475251922,385.36062960749155,0.0
HC50,multitone,1.5,2,-3.6085311884066003,149.20800956365812,79.41278291675057,1.0958831785811147,355.0632596134688,0.0
HC50,multitone,1.5,4,-0.4128228601720685,66.47240486152619,85.88975096995598,2.2708253064249315,314.46752341103803,0.0
HC50,multitone,1.5,6,2.749937468137368,22.228033472803347,87.70297972759344,3.97245592507765,264.2085076708508,0.0
HC50,multitone,1.5,8,5.06813548279206,6.201434548714883,87.13853188722287,5.539312259350742,210.25104602510456,0.0
HC50,multitone,1.5,10,6.474466595568379,1.2950787009364415,87.34146829962735,6.673658007996118,156.0694361426579,0.0
HC50,multitone,1.5,12,7.471027179881883,0.3611277146842,88.22788643941743,7.568898983618587,108.48774656306038,0.0
HC50,multitone,1.5,14,8.249659813782536,0.07471607890017933,88.66707872687032,8.291524031533529,68.75124526798167,0.0
HC50,multitone,1.5,18,9.16811332670316,0.012452679816696552,89.31334109186203,9.17631395724271,23.934050607690775,0.0
HC50,multitone,3.0,-2,-7.822676544052531,377.0671448495716,57.07953945645398,0.25596504420230887,118.11366806136681,0.7596134688184897
HC50,multitone,3.0,0,-5.995047768055881,264.65680414425185,73.92990703771918,0.5921320429464995,104.52779438135087,0.3735803945008966
HC50,multitone,3.0,2,-3.578949418482804,158.88374178123132,85.42684266746308,1.2386051608567539,83.23371189479975,0.13697947798366208
HC50,multitone,3.0,4,-0.46991343763770427,70.8682008368201,94.24248325596317,2.558233573629646,55.763100219167164,0.024905359633393104
HC50,multitone,3.0,6,3.0640913345250813,19.886929667264393,96.84397795593225,4.629494559204015,29.263797569236903,0.0
HC50,multitone,3.0,8,5.930090977316747,3.1878860330743173,96.88103929003557,6.713566788880342,11.26967523411038,0.0
HC50,multitone,3.0,10,7.933109641265297,0.28641163578402073,96.75136401562541,8.360641797638268,2.6150627615062763,0.0
HC50,multitone,3.0,12,9.557569093315516,0.024905359633393104,96.77174488159606,9.795515272126702,0.19924287706714483,0.0
HC50,multitone,3.0,14,10.981407856494409,0.0,96.6965332034115,11.101017679956039,0.024905359633393104,0.0
HC50,multitone,3.0,18,12.994071457423109,0.0,96.71770782594054,13.020973302724725,0.0,0.0
HC50,multitone,5.0,-2,-8.040558648598665,391.49980075712296,57.21077104401349,0.24062565920669407,43.746264196054994,85.67443713887228
HC50,multitone,5.0,0,-6.1990204433128655,276.9475991233314,75.85051583439991,0.5913505772255244,37.91841004184101,79.16168559473999
HC50,multitone,5.0,2,-3.6797127830125063,163.55349671249255,88.4690131983275,1.2796967441677112,28.21777246463439,67.04522813309426
HC50,multitone,5.0,4,-0.5832990330776134,72.28780633592349,95.00685446234824,2.5378217436221977,17.346582984658298,51.81560071727436
HC50,multitone,5.0,6,3.1446633503454997,19.625423391113767,98.23271005969958,4.760651028080662,7.210101613867304,35.465232117951786
HC50,multitone,5.0,8,6.145773086391003,2.8765690376569033,99.0165086016259,7.022771957442866,1.780733213787607,19.83711894799761
HC50,multitone,5.0,10,8.308476040626633,0.2864116357840207,98.84163893755533,8.822051286133938,0.14943215780035862,8.480274955170353
HC50,multitone,5.0,12,10.223717823929588,0.0,98.6436574699864,10.517457899132475,0.012452679816696552,2.3286511257222555
HC50,multitone,5.0,14,11.879757259624975,0.0,98.50229959151868,12.043987876001353,0.0,0.42339111376768285
HC50,multitone,5.0,18,14.673300845027692,0.0,98.33848386146995,14.712467608399534,0.0,0.0
HC50,random,0.75,-2,-5.900926821446704,395.970312811317,32.432285576497,0.16225621777988408,892.0726240286909,0.0
HC50,random,0.75,0,-4.68607152014732,302.6250249053597,43.38840277771585,0.3465947128276219,898.971408647141,0.0
HC50,random,0.75,2,-3.0689877711888003,206.40316796174537,54.57151776869673,0.7150743181388477,910.1912731619846,0.0
HC50,random,0.75,4,-0.9752707202557062,121.65022912930863,64.57218367985287,1.4248432327319067,926.4793783622235,0.0
HC50,random,0.75,6,1.1183147770703996,66.19844590555887,71.64619100072731,2.4504136355025,945.1708507670851,0.0
HC50,random,0.75,8,2.8727317807290884,36.411635784020724,76.25908279827185,3.577678090201822,965.120043833433,0.0
HC50,random,0.75,10,4.488688162732175,19.72504482964734,79.57754336498196,4.8095062888734175,981.6696553098227,0.0
HC50,random,0.75,12,5.727269136951278,11.331938633193863,81.77500827581689,5.866356489744518,992.6404662283325,0.0
HC50,random,0.75,14,6.70369357827972,7.073122135883643,83.06109767231075,6.750467412464542,997.9702131898785,0.0
HC50,random,0.75,18,7.693215747180012,3.0882645945407448,84.08538634507026,7.696844919292734,999.9875473201834,0.0
HC50,random,1.5,-2,-5.221674921747944,369.37138872285317,42.31284987046796,0.28293190479056235,406.2686790197251,0.0
HC50,random,1.5,0,-3.7822639551862776,272.4521817095039,58.60928320715805,0.6685151559442063,385.9957162781431,0.0
HC50,random,1.5,2,-1.6890218531077468,172.08358238692963,71.95523559945974,1.409734935562203,354.2787407850169,0.0
HC50,random,1.5,4,1.228236553819168,87.16875871687587,81.8795201608345,2.900352300945079,313.9445108587368,0.0
HC50,random,1.5,6,4.19044754746205,35.228631201434546,87.41631639327267,4.916587553853851,265.20472205618654,0.0
HC50,random,1.5,8,6.529633603838829,13.087766487348077,89.50816390406096,6.806433769640832,212.18121139669256,0.0
HC50,random,1.5,10,8.106967011000291,4.794281729428174,90.76019012416869,8.222302957651033,157.57621040047817,0.0
HC50,random,1.5,12,9.08680602009719,1.7931858936043037,91.61212960020664,9.145745556555005,109.60848774656307,0.0
HC50,random,1.5,14,9.890891343545123,0.6848973899183104,92.1204081207794,9.916800695068213,69.87198645148436,0.0
HC50,random,1.5,18,10.936201852772646,0.06226339908348275,92.82867918920363,10.941014718931923,24.631400677425784,0.0
HC50,random,3.0,-2,-5.762294916090493,399.5442319187089,50.07414362432335,0.325188691683232,118.5121538155011,0.8965929468021518
HC50,random,3.0,0,-4.012939814218519,291.34289699143255,68.38513789354134,0.7979512075147692,104.67722653915122,0.4607491532177725
HC50,random,3.0,2,-1.539360233651035,176.21787208607293,82.49281088598622,1.7493748085050849,84.2050209205021,0.062263399083482766
HC50,random,3.0,4,1.6781994777506766,82.87258418011555,93.08052230010685,3.594929068399756,55.11556086869894,0.0
HC50,random,3.0,6,5.014141972234755,26.28760709304642,97.20247662727003,6.026958725274009,29.126818091253238,0.0
HC50,random,3.0,8,8.010734397353009,4.595038852361028,98.0880410350228,8.514058584238924,10.896094839609484,0.0
HC50,random,3.0,10,9.940039953717525,0.6350866706515242,97.94005716764957,10.213701572409077,2.627515441322973,0.0
HC50,random,3.0,12,11.40947640292965,0.04981071926678621,97.68247015094987,11.554491826124961,0.34867503486750345,0.0
HC50,random,3.0,14,12.640814327517313,0.0,97.54508354850306,12.713383511325027,0.0,0.0
HC50,random,3.0,18,14.42769455323368,0.0,97.38917072681414,14.44050589637485,0.0,0.0
HC50,random,5.0,-2,-5.92966203626754,412.2335126519227,52.20162622687081,0.3341552796725935,44.032675831839015,84.8525602709703
HC50,random,5.0,0,-4.209451228002578,300.3088264594541,68.73531168514482,0.7667842199264013,38.15501095835824,77.60510061765292
HC50,random,5.0,2,-1.6212549997286896,181.87138872285314,83.68589940925216,1.7537357154887248,27.968718868300456,66.67164773859334
HC50,random,5.0,4,1.8101483153650226,81.54014743972903,94.8593315735958,3.754561642201874,16.6118748754732,51.67862123929069
HC50,random,5.0,6,5.210901065261553,24.78083283522614,98.8285834271769,6.27912313559315,7.085574815700338,35.141462442717675
HC50,random,5.0,8,8.071206732077732,4.632396891811118,99.70440462716168,8.681010195554727,1.7931858936043037,19.725044829647338
HC50,random,5.0,10,10.34156098198009,0.27395895596732417,99.55003485524007,10.691592271003747,0.1867901972504483,8.480274955170353
HC50,random,5.0,12,12.005145623871252,0.0,99.15300412260247,12.20640078423621,0.0,2.4905359633393105
HC50,random,5.0,14,13.497013124886308,0.0,98.95412762541237,13.610356210202633,0.0,0.34867503486750345
HC50,random,5.0,18,15.71960199138538,0.0,98.65036690410192,15.748619002681087,0.0,0.0
OVP56,bars,0.75,-2,-0.45062798479313454,314.0565849770871,31.611379739344073,0.6320205850992019,889.4824666268181,0.0
OVP56,bars,0.75,0,0.6324327254045682,252.75204223948995,42.24185599805372,1.263340682165443,896.2567244471011,0.0
OVP56,bars,0.75,2,1.9181514639431638,189.87846184498903,52.98100153497651,2.2198319343337207,907.8875273958956,0.0
OVP56,bars,0.75,4,3.2726499660824566,137.51494321578002,61.9542009116853,3.3822992414917668,924.5118549511853,0.0
OVP56,bars,0.75,6,4.433442479283085,99.83313409045627,68.89488248849796,4.47447499897445,944.8844391313011,0.0
OVP56,bars,0.75,8,5.206211064988238,75.56286112771467,73.00180987436731,5.225303000325092,964.8087268380156,0.0
OVP56,bars,0.75,10,5.722164626348402,59.610978282526396,75.18763499353982,5.730584324490352,981.6073919107392,0.0
OVP56,bars,0.75,12,6.048149795193879,50.15939430165372,76.38196166481757,6.0520213541527035,992.777445706316,0.0
OVP56,bars,0.75,14,6.3055896142360055,43.098724845586766,77.32721978773587,6.307545564130755,998.4309623430963,0.0
OVP56,bars,0.75,18,6.608490822325527,34.83014544730026,78.42208745970487,6.608833032823238,1000.0,0.0
OVP56,bars,1.5,-2,-0.473506718093817,300.00996214385333,37.864292198250155,0.7997738470308109,401.8604303646145,0.0
OVP56,bars,1.5,0,0.8179998357487138,226.66367802351067,51.392394337239445,1.6182392956389886,381.5874676230324,0.0
OVP56,bars,1.5,2,2.4685452373961296,150.2042239489938,64.6936038539053,2.9175047712268913,351.0908547519427,0.0
OVP56,bars,1.5,4,4.481135956258222,83.17144849571628,74.72456395151934,4.660383900191196,310.58228730822873,0.0
OVP56,bars,1.5,6,6.620913878234625,36.698047419804745,82.13542427645623,6.677788611347165,260.74666268180914,0.0
OVP56,bars,1.5,8,8.480177900380072,12.788902171747361,86.80125685033563,8.499056853121495,206.82655907551305,0.0
OVP56,bars,1.5,10,10.040587966278855,3.3248655110579795,89.86382085321024,10.051091961080006,154.3634190077705,0.0
OVP56,bars,1.5,12,11.216515462123786,0.921498306435545,91.91655805461612,11.222994846165756,106.34588563458856,0.0
OVP56,bars,1.5,14,12.099267312522066,0.07471607890017931,93.19467314400015,12.103211928239949,66.14863518629208,0.0
OVP56,bars,1.5,18,12.682829923214888,0.0,94.23528795964192,12.684059532916729,23.548017533373184,0.0
OVP56,bars,3.0,-2,-0.6838983866876546,296.26170551902766,41.72819650883479,0.8413874006281589,118.78611277146842,0.7969715082685794
OVP56,bars,3.0,0,0.742982970689495,216.7887029288703,56.502308930721405,1.7424703245925468,103.75572823271568,0.3984857541342897
OVP56,bars,3.0,2,2.7870119660776673,131.30105598724845,69.53382927569545,3.265749948681742,81.10430364614466,0.13697947798366208
OVP56,bars,3.0,4,5.231908927294081,62.275851763299464,81.03031611828975,5.436591860890386,54.1816098824467,0.0
OVP56,bars,3.0,6,7.767661817016747,19.20203227734609,88.39499166704387,7.846926605466455,28.46682606096832,0.0
OVP56,bars,3.0,8,9.956333363860775,3.723351265192269,92.13751417480186,9.9815558955232,10.161386730424388,0.0
OVP56,bars,3.0,10,11.731396658500032,0.42339111376768274,94.47896435273492,11.74173512277946,2.092050209205021,0.0
OVP56,bars,3.0,12,13.337838224192472,0.08716875871687586,96.20203034802095,13.34533656337563,0.1618848376170552,0.0
OVP56,bars,3.0,14,14.657040632623023,0.0,97.1798745242436,14.662175253194368,0.012452679816696552,0.0
OVP56,bars,3.0,18,16.628048664391077,0.0,98.18264928087108,16.630734831428217,0.0,0.0
OVP56,bars,5.0,-2,-0.9461125397147386,303.96991432556285,42.928430059930086,0.8101869492708146,43.086272165770076,87.26838015540943
OVP56,bars,5.0,0,0.6033060438512358,216.56455469216974,57.481872059438935,1.7210937479391992,36.93464833632198,80.02092050209205
OVP56,bars,5.0,2,2.7169819230263936,129.3708906156605,72.08551418441202,3.3181451188269437,28.25513050408448,68.02898983861327
OVP56,bars,5.0,4,5.346431141871093,57.593644152221565,81.84519972994542,5.569895455635694,16.686590954373383,52.41332934847579
OVP56,bars,5.0,6,7.954979205841002,16.997907949790797,90.27336005600377,8.078970575040577,6.363319386331939,35.72673839410241
OVP56,bars,5.0,8,10.17398154878182,2.3660091651723447,94.84461305934492,10.267758686005008,1.3199840605698345,19.83711894799761
OVP56,bars,5.0,10,12.053576462110529,0.33622235505080694,97.31096984440457,12.141470996147282,0.08716875871687586,8.629707112970712
OVP56,bars,5.0,12,13.680635916393271,0.03735803945008966,98.48184986542684,13.763555181424179,0.0,2.116955568838414
OVP56,bars,5.0,14,15.125791902837953,0.0,99.11322372895155,15.207339431291492,0.0,0.34867503486750345
OVP56,bars,5.0,18,17.341302304987487,0.0,99.45227293389242,17.409298024422828,0.0,0.0
OVP56,multitone,0.75,-2,-2.3957722973847955,203.80055788005583,26.894111880098745,0.25739506076423113,891.0515042837219,0.0
OVP56,multitone,0.75,0,-1.5075297913154146,159.25732217573224,35.64133088259221,0.5224388164318982,897.4770870691373,0.0
OVP56,multitone,0.75,2,-0.45342913745040075,119.22195656505279,45.02186412536605,0.9752474512695354,908.9958158995815,0.0
OVP56,multitone,0.75,4,0.6382302293806371,82.87258418011557,52.73693374658751,1.567589227182631,926.0808926080894,0.0
OVP56,multitone,0.75,6,1.5596738829240504,56.6845985256027,57.22987445925363,2.138151251291123,945.5070731221358,0.0
OVP56,multitone,0.75,8,2.2461270902039616,40.91950587766487,59.382881372240405,2.5966120787647546,965.0328750747161,0.0
OVP56,multitone,0.75,10,2.7160267944227847,29.575114564654314,59.560421683626565,2.9118493848182356,981.3458856345886,0.0
OVP56,multitone,0.75,12,3.039960065463079,23.22424785813907,59.30397624685844,3.1446947510821293,992.777445706316,0.0
OVP56,multitone,0.75,14,3.2926562768286805,18.766188483761706,58.77664413079243,3.338764746667928,998.2939828651125,0.0
OVP56,multitone,0.75,18,3.6244287573798677,13.648137079099422,58.81623716915622,3.6327827326763114,999.9875473201834,0.0
OVP56,multitone,1.5,-2,-2.5902946566857725,212.4676230324766,32.332919642169415,0.33055900819930034,406.0445307830245,0.0
OVP56,multitone,1.5,0,-1.8341611938566746,174.03865311815102,47.36816358292605,0.7286939787595547,385.36062960749155,0.0
OVP56,multitone,1.5,2,-0.3970139960810583,116.42010360629608,60.573808981703,1.439620947629389,355.0632596134688,0.0
OVP56,multitone,1.5,4,1.447985762635524,59.99701135684399,71.49176541768838,2.5664816092864156,314.46752341103803,0.0
OVP56,multitone,1.5,6,3.3104095756341025,24.457063159992032,77.71035799377088,3.8896633616750145,264.2085076708508,0.0
OVP56,multitone,1.5,8,5.019218411161726,8.330842797369995,81.23643505599507,5.268991418478774,210.25104602510456,0.0
OVP56,multitone,1.5,10,6.453272362269367,2.6897788404064555,83.96927995237569,6.557587067657607,156.0694361426579,0.0
OVP56,multitone,1.5,12,7.62451458879164,0.921498306435545,86.53393102229937,7.676951999245024,108.48774656306038,0.0
OVP56,multitone,1.5,14,8.574235500042079,0.12452679816696553,87.88620711446356,8.593500189225951,68.75124526798167,0.0
OVP56,multitone,1.5,18,9.519304160528923,0.0,89.27020577476715,9.522109768548146,23.934050607690775,0.0
OVP56,multitone,3.0,-2,-3.2416730776576217,242.82725642558276,39.45130934499609,0.3810998605034392,118.11366806136681,0.7596134688184897
OVP56,multitone,3.0,0,-2.133828026092326,181.80912532376968,53.60418474621798,0.8076348580133565,104.52779438135087,0.3735803945008966
OVP56,multitone,3.0,2,-0.30660123401069034,107.46662681809124,66.15473895117009,1.6351919294620505,83.23371189479975,0.13697947798366208
OVP56,multitone,3.0,4,1.8056678775758865,50.44580593743774,79.04986417372508,3.0422951417507598,55.763100219167164,0.024905359633393104
OVP56,multitone,3.0,6,4.007676106874006,16.026598924088464,86.23604824969014,4.725031738269743,29.263797569236903,0.0
OVP56,multitone,3.0,8,6.053518681649481,3.0135485156405655,90.40229986681204,6.465434684739151,11.26967523411038,0.0
OVP56,multitone,3.0,10,7.913359831518508,0.34867503486750345,92.78969792893446,8.140181266321614,2.6150627615062763,0.0
OVP56,multitone,3.0,12,9.46998448477567,0.037358039450089656,94.56216903162999,9.608012214527001,0.19924287706714483,0.0
OVP56,multitone,3.0,14,10.842086928523884,0.0,95.55481349405812,10.920595677320273,0.024905359633393104,0.0
OVP56,multitone,3.0,18,12.856178314761351,0.0,96.42040570699606,12.878361096100543,0.0,0.0
OVP56,multitone,5.0,-2,-3.8266235466725473,266.9356445507073,42.053853064693705,0.36254560589595725,43.746264196054994,85.67443713887228
OVP56,multitone,5.0,0,-2.345248483513432,187.2011356843993,55.97863178341719,0.8215509300031977,37.91841004184101,79.16168559473999
OVP56,multitone,5.0,2,-0.5535681920703244,113.48127116955568,69.65600667925457,1.6616894544164795,28.21777246463439,67.04522813309426
OVP56,multitone,5.0,4,1.7600379017818775,50.221657700737204,80.07009124719383,3.059213105050824,17.346582984658298,51.81560071727436
OVP56,multitone,5.0,6,4.046340106372411,14.84359434150229,88.96107449367433,4.878813072214872,7.210101613867304,35.465232117951786
OVP56,multitone,5.0,8,6.188057425421583,2.3037457660888623,94.05320196635938,6.759694513403534,1.780733213787607,19.83711894799761
OVP56,multitone,5.0,10,8.051769563583173,0.17433751743375173,96.34993420087547,8.449420491305338,0.14943215780035862,8.480274955170353
OVP56,multitone,5.0,12,9.770051905412858,0.0,97.61076385991085,10.04913851634824,0.012452679816696552,2.3286511257222555
OVP56,multitone,5.0,14,11.238438250778293,0.0,98.3100840731281,11.440610313168982,0.0,0.42339111376768285
OVP56,multitone,5.0,18,13.69209948738297,0.0,98.54144220440948,13.782788241494726,0.0,0.0
OVP56,random,0.75,-2,-1.1850377579404248,280.13548515640565,27.255671653230195,0.3944586609286902,892.0726240286909,0.0
OVP56,random,0.75,0,-0.19005009709405404,224.70860729228932,37.85507874398788,0.8563854515564603,898.971408647141,0.0
OVP56,random,0.75,2,1.0297113923433396,166.05648535564853,48.458447976443274,1.6104430974614772,910.1912731619846,0.0
OVP56,random,0.75,4,2.3424882882202382,116.86840007969715,58.043104478461665,2.6189631548796513,926.4793783622235,0.0
OVP56,random,0.75,6,3.383350848030119,81.2910938433951,64.26296385336892,3.5168240107543256,945.1708507670851,0.0
OVP56,random,0.75,8,4.109118356471909,57.99212990635584,67.58860300760726,4.172283791838652,965.120043833433,0.0
OVP56,random,0.75,10,4.556800038709227,44.51833034469018,69.2308977866489,4.5883609025400425,981.6696553098227,0.0
OVP56,random,0.75,12,4.797245402862573,37.158796573022514,70.1401330338722,4.817263597569037,992.6404662283325,0.0
OVP56,random,0.75,14,5.030431778431651,30.857740585774057,70.7314337062454,5.039571081435338,997.9702131898785,0.0
OVP56,random,0.75,18,5.292702295882411,23.747260410440322,71.402766788922,5.29469528519854,999.9875473201834,0.0
OVP56,random,1.5,-2,-1.2596167755087375,277.53287507471606,33.083205557437886,0.5160690982153695,406.2686790197251,0.0
OVP56,random,1.5,0,-0.18599635878773849,218.0090655509065,48.56369640506838,1.160782972671704,385.9957162781431,0.0
OVP56,random,1.5,2,1.3012963567719769,148.8966925682407,62.1358432728908,2.17571771769684,354.2787407850169,0.0
OVP56,random,1.5,4,3.3092483982298866,81.41562064156206,73.49630429760863,3.74323091153772,313.9445108587368,0.0
OVP56,random,1.5,6,5.256942912784239,36.747858139071525,80.56306185371284,5.43786411169835,265.20472205618654,0.0
OVP56,random,1.5,8,7.047179357763631,13.623231719466029,85.21753322428405,7.109732750117948,212.18121139669256,0.0
OVP56,random,1.5,10,8.429275210915998,4.333532576210399,88.09919934312114,8.450234880840613,157.57621040047817,0.0
OVP56,random,1.5,12,9.549494848013742,1.1331938633193863,90.21822314781019,9.557743076235077,109.60848774656307,0.0
OVP56,random,1.5,14,10.428184551754109,0.2988643156007173,91.71870208233999,10.432171976613832,69.87198645148436,0.0
OVP56,random,1.5,18,11.303268942936766,0.0,92.80640144378457,11.30443816750173,24.631400677425784,0.0
OVP56,random,3.0,-2,-1.7523261461764184,291.11874875473205,37.974768677851564,0.5377077638532541,118.5121538155011,0.8965929468021518
OVP56,random,3.0,0,-0.3835967565689331,216.16606893803547,54.133653944246156,1.256202102049391,104.67722653915122,0.4607491532177725
OVP56,random,3.0,2,1.5431468892056721,131.8240685395497,66.84505522511593,2.45104259440397,84.2050209205021,0.062263399083482766
OVP56,random,3.0,4,3.851864623573878,63.15999203028491,79.13501713678023,4.316403247653525,55.11556086869894,0.0
OVP56,random,3.0,6,6.192519507118544,21.89181111775254,86.81177862547736,6.416070320724638,29.126818091253238,0.0
OVP56,random,3.0,8,8.30620117961237,4.458059374377366,91.13419888288938,8.413997091882335,10.896094839609484,0.0
OVP56,random,3.0,10,9.998177749278812,0.7596134688184897,93.45747142593922,10.05359147972383,2.627515441322973,0.0
OVP56,random,3.0,12,11.411983742721418,0.09962143853357242,94.93722997695498,11.4431078675888,0.34867503486750345,0.0
OVP56,random,3.0,14,12.577126684533852,0.012452679816696552,95.94607581186845,12.595711660617615,0.0,0.0
OVP56,random,3.0,18,14.316361911826114,0.0,96.8178210186561,14.32009528391655,0.0,0.0
OVP56,random,5.0,-2,-2.083487723819363,299.53676031081886,39.45013488061685,0.5181028860781244,44.032675831839015,84.8525602709703
OVP56,random,5.0,0,-0.579329690862238,217.95925483163975,55.00665757417181,1.2233046840314874,38.15501095835824,77.60510061765292
OVP56,random,5.0,2,1.3884091722819594,133.04443116158598,68.85979203341856,2.448262012338144,27.968718868300456,66.67164773859334
OVP56,random,5.0,4,3.908060518786956,60.30832835226141,80.39244159389769,4.408901968914084,16.6118748754732,51.67862123929069
OVP56,random,5.0,6,6.2721684248295935,20.11107790396493,89.27510369648,6.583150524558424,7.085574815700338,35.141462442717675
OVP56,random,5.0,8,8.400266126529855,4.321079896393704,93.9736674916259,8.614600259900682,1.7931858936043037,19.725044829647338
OVP56,random,5.0,10,10.210380200994509,0.3735803945008966,96.32295799342863,10.369121590081713,0.1867901972504483,8.480274955170353
OVP56,random,5.0,12,11.655107138434365,0.03735803945008966,97.47967191008642,11.779091123347657,0.0,2.4905359633393105
OVP56,random,5.0,14,12.930288180397534,0.0,98.11281826213457,13.02772601171568,0.0,0.34867503486750345
OVP56,random,5.0,18,14.805138727920472,0.0,98.34855786943,14.852726906235338,0.0,0.0
VLP56,bars,0.75,-2,-1.1732135485436694,309.32456664674237,36.08841003880233,0.5872202765869291,889.4824666268181,0.0
VLP56,bars,0.75,0,0.19332449185430475,232.98963937039252,48.38261984355814,1.2707141081729716,896.2567244471011,0.0
VLP56,bars,0.75,2,1.8849633156633496,159.61844989041643,59.76214656519323,2.395443135475366,907.8875273958956,0.0
VLP56,bars,0.75,4,3.64797779971485,104.11685594739988,68.46255952709072,3.823448910294067,924.5118549511853,0.0
VLP56,bars,0.75,6,5.149324031499087,69.88443913130105,74.70219377051393,5.20054393100827,944.8844391313011,0.0
VLP56,bars,0.75,8,6.026295200327851,52.35106594939231,77.82687137148287,6.043801041967154,964.8087268380156,0.0
VLP56,bars,0.75,10,6.565154939224452,42.027794381350866,79.44046878384704,6.570743190418301,981.6073919107392,0.0
VLP56,bars,0.75,12,6.84850062607345,36.88483761705519,80.18737602879708,6.850408523011588,992.777445706316,0.0
VLP56,bars,0.75,14,7.051167416116319,33.709404263797566,80.79960875366895,7.051981797110187,998.4309623430963,0.0
VLP56,bars,0.75,18,7.262575946933528,29.886431560071728,81.41031286051229,7.262721560436425,1000.0,0.0
VLP56,bars,1.5,-2,-1.23095719792088,302.3137079099422,38.57712530726646,0.6540838728621028,401.8604303646145,0.0
VLP56,bars,1.5,0,-0.0887341739290829,229.35345686391713,55.42662970881489,1.409983753795031,381.5874676230324,0.0
VLP56,bars,1.5,2,1.7868627667449655,145.21069934249851,70.17364558075639,2.7301806055967703,351.0908547519427,0.0
VLP56,bars,1.5,4,4.192392446926319,74.97758517632995,80.3731266907517,4.636440405094748,310.58228730822873,0.0
VLP56,bars,1.5,6,6.6690568315059435,30.334728033472803,86.9571477594061,6.846083402117592,260.74666268180914,0.0
VLP56,bars,1.5,8,8.663134742168436,9.601016138673042,90.38907798357651,8.72910566567551,206.82655907551305,0.0
VLP56,bars,1.5,10,10.196300748994744,2.2912930862721654,92.2973041761288,10.219052415761121,154.3634190077705,0.0
VLP56,bars,1.5,12,11.344949116708072,0.5479179119346483,93.42766283908816,11.350662042028965,106.34588563458856,0.0
VLP56,bars,1.5,14,12.208687354741249,0.024905359633393104,94.08784752418306,12.209003773267254,66.14863518629208,0.0
VLP56,bars,1.5,18,12.760617426095594,0.0,94.60408107958006,12.760845263616616,23.548017533373184,0.0
VLP56,bars,3.0,-2,-1.7089750930785836,316.2482566248256,44.19801501106329,0.7117169609466932,118.78611277146842,0.7969715082685794
VLP56,bars,3.0,0,-0.16121160383524,225.03237696752342,58.8190143619114,1.5031476260991432,103.75572823271568,0.3984857541342897
VLP56,bars,3.0,2,2.0006597712843646,133.9410241083881,73.34249818187676,2.966976131430444,81.10430364614466,0.13697947798366208
VLP56,bars,3.0,4,4.836507405521082,60.35813907152819,85.12503812923421,5.2986226011869695,54.1816098824467,0.0
VLP56,bars,3.0,6,7.636184644839861,18.068838414026697,91.87466843948141,7.861024293831808,28.46682606096832,0.0
VLP56,bars,3.0,8,10.027302985088026,3.150527993624228,94.93496081638439,10.136634697670527,10.161386730424388,0.0
VLP56,bars,3.0,10,11.862732125498532,0.13697947798366208,96.48471141698856,11.924950253110785,2.092050209205021,0.0
VLP56,bars,3.0,12,13.468742232633355,0.012452679816696552,97.36339016234122,13.503640802536326,0.1618848376170552,0.0
VLP56,bars,3.0,14,14.808161093054672,0.0,97.84753059445764,14.826342874876396,0.012452679816696552,0.0
VLP56,bars,3.0,18,16.8200563299578,0.0,98.39299293462763,16.82489695223045,0.0,0.0
VLP56,bars,5.0,-2,-1.7854829691994922,319.66029089460056,45.06717335643268,0.7165862611054404,43.086272165770076,87.26838015540943
VLP56,bars,5.0,0,-0.1967256321761973,224.75841801155607,59.97215814213204,1.532540986958441,36.93464833632198,80.02092050209205
VLP56,bars,5.0,2,2.1078650059512625,130.45427375971312,74.87763336402764,3.0894357874777394,28.25513050408448,68.02898983861327
VLP56,bars,5.0,4,4.964461000891878,56.19894401275155,85.92313722579773,5.435957804823739,16.686590954373383,52.41332934847579
VLP56,bars,5.0,6,7.870436221297642,15.453775652520422,92.82531125036496,8.10766657556092,6.363319386331939,35.72673839410241
VLP56,bars,5.0,8,10.32892736736328,1.9675234110380557,96.22034142487497,10.471453898584985,1.3199840605698345,19.83711894799761
VLP56,bars,5.0,10,12.260148014973282,0.08716875871687586,97.82096142000597,12.364837049190813,0.08716875871687586,8.629707112970712
VLP56,bars,5.0,12,13.95011140570115,0.0,98.54973364842549,14.029958697229645,0.0,2.116955568838414
VLP56,bars,5.0,14,15.473061292012664,0.0,98.97027107978094,15.541199791714268,0.0,0.34867503486750345
VLP56,bars,5.0,18,17.821361631769253,0.0,99.14266918536698,17.87411653250542,0.0,0.0
VLP56,multitone,0.75,-2,-3.3281735806401014,237.3231719466029,31.73705059429221,0.25576640984295723,891.0515042837219,0.0
VLP56,multitone,0.75,0,-2.1208232343741753,173.01753337318192,41.424432775194866,0.5471497211136709,897.4770870691373,0.0
VLP56,multitone,0.75,2,-0.6839749548635369,115.14993026499303,51.68486953583354,1.092633346709687,908.9958158995815,0.0
VLP56,multitone,0.75,4,0.8391837270477623,68.67652918908148,60.41176247124694,1.8945430949135222,926.0808926080894,0.0
VLP56,multitone,0.75,6,2.085522184003413,40.72026300059773,65.43531822515496,2.690587385107143,945.5070731221358,0.0
VLP56,multitone,0.75,8,2.9693644800938563,25.478182904961148,68.01261701432463,3.324003217546071,965.0328750747161,0.0
VLP56,multitone,0.75,10,3.5511922783768486,16.748854353456863,68.47174236375804,3.749272719440088,981.3458856345886,0.0
VLP56,multitone,0.75,12,3.95326401286867,12.141362821279138,68.41083802723966,4.059871122315978,992.777445706316,0.0
VLP56,multitone,0.75,14,4.2636131614531045,9.35196254233911,68.06246647855615,4.3122600025033675,998.2939828651125,0.0
VLP56,multitone,0.75,18,4.67527969300854,6.388224745965331,68.10637186627143,4.68419272287136,999.9875473201834,0.0
VLP56,multitone,1.5,-2,-3.4705454932734483,238.0703327356047,35.13438131710212,0.2979740870462423,406.0445307830245,0.0
VLP56,multitone,1.5,0,-2.8621358247999686,198.09723052400878,53.236894077527296,0.6801666719134403,385.36062960749155,0.0
VLP56,multitone,1.5,2,-1.1841119160218432,129.18410041841005,67.906072751111,1.416964909532633,355.0632596134688,0.0
VLP56,multitone,1.5,4,1.0450791873273282,63.683004582586165,78.51792277788894,2.6374651511460714,314.46752341103803,0.0
VLP56,multitone,1.5,6,3.2387258970734742,23.58537557282327,83.46184247184021,4.079796362624489,264.2085076708508,0.0
VLP56,multitone,1.5,8,5.050307929725722,6.53765690376569,85.37648599186666,5.447961948556158,210.25104602510456,0.0
VLP56,multitone,1.5,10,6.508119582168476,1.5067742578202832,86.79225413979213,6.688645508229364,156.0694361426579,0.0
VLP56,multitone,1.5,12,7.661304157239645,0.24905359633393107,88.3164982773946,7.75160673892555,108.48774656306038,0.0
VLP56,multitone,1.5,14,8.591529521873873,0.024905359633393104,88.96026424432665,8.6255108258743,68.75124526798167,0.0
VLP56,multitone,1.5,18,9.5409869104612,0.0,89.72819715297402,9.545892634126432,23.934050607690775,0.0
VLP56,multitone,3.0,-2,-4.632256681000044,288.2670850767085,43.107651987541,0.32208031921232244,118.11366806136681,0.7596134688184897
VLP56,multitone,3.0,0,-3.1350991929475858,205.40695357640962,59.05597456213366,0.7560546221856508,104.52779438135087,0.3735803945008966
VLP56,multitone,3.0,2,-1.198504357995937,123.02002390914527,72.20128117496701,1.539300136367325,83.23371189479975,0.13697947798366208
VLP56,multitone,3.0,4,1.2534516552904253,56.18649133293485,84.26947899627164,2.9715369722187313,55.763100219167164,0.024905359633393104
VLP56,multitone,3.0,6,3.830607669015766,16.599422195656505,90.34241148070203,4.796589773206912,29.263797569236903,0.0
VLP56,multitone,3.0,8,6.036633136914972,2.5777047220561866,93.14316519853757,6.582874136061698,11.26967523411038,0.0
VLP56,multitone,3.0,10,7.913830939996416,0.22414823670053796,94.59460274286663,8.222239672091034,2.6150627615062763,0.0
VLP56,multitone,3.0,12,9.44915808861379,0.0,95.41720440978311,9.62541746350918,0.19924287706714483,0.0
VLP56,multitone,3.0,14,10.821911603931634,0.0,95.84891475345025,10.912383777318285,0.024905359633393104,0.0
VLP56,multitone,3.0,18,12.739288017433324,0.0,96.2722658734478,12.760662504194599,0.0,0.0
VLP56,multitone,5.0,-2,-4.872101235955637,299.574118350269,45.43670761748652,0.33007980517815444,43.746264196054994,85.67443713887228
VLP56,multitone,5.0,0,-3.2930477596845527,210.41293086272165,60.95641309173342,0.7665616526155774,37.91841004184101,79.16168559473999
VLP56,multitone,5.0,2,-1.2371303713642396,124.35246064953178,75.40516257045829,1.6228844449275561,28.21777246463439,67.04522813309426
VLP56,multitone,5.0,4,1.2897148847770092,54.007272365012945,84.8631696539072,3.015689342001778,17.346582984658298,51.81560071727436
VLP56,multitone,5.0,6,3.9248608867035046,15.105100617652917,91.69321027314736,4.930358601788519,7.210101613867304,35.465232117951786
VLP56,multitone,5.0,8,6.239055143357439,2.1045028890217172,95.4573441184687,6.879539163403954,1.780733213787607,19.83711894799761
VLP56,multitone,5.0,10,8.13963317002687,0.17433751743375173,97.08796453325174,8.572208651063848,0.14943215780035862,8.480274955170353
VLP56,multitone,5.0,12,9.867835601597518,0.0,97.87280014067947,10.160006024557259,0.012452679816696552,2.3286511257222555
VLP56,multitone,5.0,14,11.32774685945067,0.0,98.23514405839457,11.530127927222486,0.0,0.42339111376768285
VLP56,multitone,5.0,18,13.838768836250459,0.0,98.31243870040902,13.93204199740363,0.0,0.0
VLP56,random,0.75,-2,-2.021283892656594,296.69754931261207,31.502815907962873,0.3687562147505902,892.0726240286909,0.0
VLP56,random,0.75,0,-0.7396229824177628,223.6501295078701,43.697435389352364,0.8633991335343612,898.971408647141,0.0
VLP56,random,0.75,2,0.8396160722051613,152.4083482765491,55.04358633761993,1.7235202717679048,910.1912731619846,0.0
VLP56,random,0.75,4,2.57204655821162,96.70751145646544,64.93202289442183,2.9673802546840613,926.4793783622235,0.0
VLP56,random,0.75,6,3.9431046488255213,60.594739988045426,70.91269410700264,4.1123583180329035,945.1708507670851,0.0
VLP56,random,0.75,8,4.849549423261462,40.48366208408049,73.86324213339198,4.922273754939819,965.120043833433,0.0
VLP56,random,0.75,10,5.343101796857888,30.733213787607088,75.10931703434663,5.378828006118854,981.6696553098227,0.0
VLP56,random,0.75,12,5.5951033751599555,25.71478382147838,75.74490307092175,5.6174801410714155,992.6404662283325,0.0
VLP56,random,0.75,14,5.831347403308452,22.016337915919507,76.12127921243666,5.84212418969567,997.9702131898785,0.0
VLP56,random,0.75,18,6.109387192410213,17.097529388324364,76.50586559511667,6.111710250724092,999.9875473201834,0.0
VLP56,random,1.5,-2,-2.1333409780774732,292.7500498107193,34.33320280089827,0.42034228450326955,406.2686790197251,0.0
VLP56,random,1.5,0,-1.1479733254813214,230.17533373181905,53.004805998149,1.024049415744469,385.9957162781431,0.0
VLP56,random,1.5,2,0.5756405575310483,150.77704722056185,67.94176973735487,2.054414484944835,354.2787407850169,0.0
VLP56,random,1.5,4,2.9596821072430815,79.18659095437339,79.5470358309328,3.7514044084623692,313.9445108587368,0.0
VLP56,random,1.5,6,5.166313192038786,33.52261406654711,85.71470316886534,5.555305651562615,265.20472205618654,0.0
VLP56,random,1.5,8,7.136462831500076,11.38174935246065,88.99472627958436,7.30202246473974,212.18121139669256,0.0
VLP56,random,1.5,10,8.517776364874406,3.262602111974497,90.69094065857156,8.592350532561667,157.57621040047817,0.0
VLP56,random,1.5,12,9.61302508310085,0.8094241880852758,91.83818699816321,9.646334658257684,109.60848774656307,0.0
VLP56,random,1.5,14,10.479374777044404,0.1867901972504483,92.64883682482134,10.493561135703088,69.87198645148436,0.0
VLP56,random,1.5,18,11.35414355871732,0.0,93.19629200814971,11.35663682701671,24.631400677425784,0.0
VLP56,random,3.0,-2,-2.8879369580772885,321.5904562661885,40.31906842200561,0.44968642753239285,118.5121538155011,0.8965929468021518
VLP56,random,3.0,0,-1.3252707927630873,231.61984459055589,57.03113464081675,1.0947965530464803,104.67722653915122,0.4607491532177725
VLP56,random,3.0,2,0.7057526635171124,142.73261605897588,71.03574704617724,2.222023357895784,84.2050209205021,0.062263399083482766
VLP56,random,3.0,4,3.308426808492533,66.54712094042638,83.35364859911215,4.134155356221359,55.11556086869894,0.0
VLP56,random,3.0,6,5.892864813221377,22.775951384737994,90.21243541733656,6.32185337649096,29.126818091253238,0.0
VLP56,random,3.0,8,8.272962370756307,4.196553098226738,93.82886744578822,8.495698518753636,10.896094839609484,0.0
VLP56,random,3.0,10,10.060997095883932,0.6350866706515242,95.33337646620447,10.181386712607464,2.627515441322973,0.0
VLP56,random,3.0,12,11.463208705095639,0.06226339908348275,96.08846231358523,11.528141378013531,0.34867503486750345,0.0
VLP56,random,3.0,14,12.63636714460354,0.012452679816696552,96.52305870945408,12.668409696779747,0.0,0.0
VLP56,random,3.0,18,14.38044883691375,0.0,96.97465424407028,14.385477638160642,0.0,0.0
VLP56,random,5.0,-2,-2.9563509490044892,323.22175732217573,42.38557115281133,0.4756011155542316,44.032675831839015,84.8525602709703
VLP56,random,5.0,0,-1.4118792841613026,231.85644550707312,58.06107281904582,1.0994844911352593,38.15501095835824,77.60510061765292
VLP56,random,5.0,2,0.7148704250659853,139.3952978681012,72.5100998945411,2.2789370120635417,27.968718868300456,66.67164773859334
VLP56,random,5.0,4,3.432026835981464,62.13887228531579,84.36482943002126,4.262758847364984,16.6118748754732,51.67862123929069
VLP56,random,5.0,6,6.143137893904246,19.61297071129707,91.68856018025235,6.5937982667060995,7.085574815700338,35.141462442717675
VLP56,random,5.0,8,8.42942686890544,3.8354253835425385,95.19410334655292,8.701999673130672,1.7931858936043037,19.725044829647338
VLP56,random,5.0,10,10.356852618319822,0.21169555688384137,96.83491123880451,10.532457251355327,0.1867901972504483,8.480274955170353
VLP56,random,5.0,12,11.842152496393952,0.0,97.45720628139993,11.957595417458014,0.0,2.4905359633393105
VLP56,random,5.0,14,13.146262455866301,0.0,97.83835949041308,13.226029867960813,0.0,0.34867503486750345
VLP56,random,5.0,18,15.04449275307963,0.0,97.98917302014131,15.081670030175802,0.0,0.0
