sinad,contrast,polarity_ok,large_errors,h_missing,v_missing,v_trains,h_jitter_us,v_jitter_us,h_width_rmse_us,sync_error_ire,black_error_ire,white_error_ire,raw_min,raw_max,h_jitter_matched_us,v_jitter_matched_us,h_expected,max_h_gap,expected_v_trains,luma_sinad,detail_corr,model,profile,stage,seed,standard,cnr,rms,cfo_hz,quality_failures,usable,burst_gain,burst_phase_deg,burst_phase_jitter_deg,burst_amplitude_jitter_pct,burst_rmse_ire,recovery_missing,recovery_valid_lines,recovery_max_lock_us
5.565488590398074,83.5943168559176,True,47.23902132998745,559,7,0,2.025,2.025,3.542008057363982,13.823453877291945,4.660878539163543,-11.885460966197739,-85.96704116396265,148.11079204428023,1.8875,0.45,610,70,2,10.959979887001516,0.2883418949902741,OVP56,range,carrier_outage,40531,PAL,6,3,1000000.0,,False,,,,,,34,0,
6.311115945096114,89.15723623023703,True,37.04516938519448,34,3,0,2.025,2.025,2.062599429421525,6.613117212260633,3.248240929879487,-8.73495540986576,-69.51438358632905,131.91508402242602,1.075,0.7149999999999999,610,15,2,11.484177218791267,0.2913502221799375,RANGE32,range,carrier_outage,40531,PAL,6,3,1000000.0,,False,,,,,,0,11,
-6.721438975621037,-79.63854773219158,False,616.4686323713927,603,8,50,2.025,2.025,3.3628484949518613,86.38398383608458,23.078498244941965,-152.82536449595628,-76.49425838275054,137.49644082462032,1.89,1000000.0,610,277,2,-6.736463045596485,-0.24293047247415894,PLL96-rejected-board,range,carrier_outage,40531,PAL,6,3,1000000.0,,False,,,,,,40,0,
5.075712350679349,89.39043509311479,True,41.686951066499375,471,6,0,2.025,2.025,3.472012975309773,15.433106137649151,1.2947246657920215,-6.002135347276801,-77.13216094765225,137.1692972392695,1.8824999999999996,0.47625,610,26,2,6.687889116724848,0.24628317219534976,PLL96-IQ-corrected,range,carrier_outage,40531,PAL,6,3,1000000.0,,False,,,,,,31,0,
7.1637693114878225,91.24361821121825,True,28.363864491844414,58,0,0,2.025,0.7224999999999999,2.749909007058497,4.6565402098489255,2.5824384557563826,-6.0604357385728,-76.97351289868601,133.56230656410798,1.5,0.7224999999999999,610,8,2,9.059995033563304,0.497520555202616,floating-PLL-IQ40,range,carrier_outage,40531,PAL,6,3,1000000.0,,False,,,,,,3,5,
3.199328824930698,42.04409457313107,True,119.8582183186951,610,8,0,2.025,2.025,1000000.0,49.73771988754052,27.046899922915255,-28.804361115217535,-85.88614125919123,135.12094124089117,1000000.0,1000000.0,610,610,2,4.025765085548538,0.1886895363305701,HC50,range,carrier_outage,40531,PAL,6,3,1000000.0,,False,,,,,,40,0,
5.179542073229429,90.9872699330938,True,44.462986198243414,39,1,0,2.025,1.8149999999999997,2.3231912535778294,3.2951970296332695,-0.9974292668937046,-13.577515979216093,-83.87937647550342,129.29229475113425,1.3625,1.2449999999999997,610,15,2,8.404944703734971,0.22656721930360835,PLL96-board-fixed,range,carrier_outage,40531,PAL,6,3,1000000.0,,False,,,,,,0,9,
6.433524560601938,88.36615552581827,True,36.91844416562108,25,0,2,1.175,0.6049999999999999,1.2147746088996718,3.402416219298729,0.6144571489040597,-16.008581806805367,-73.15569228817947,131.69607185503077,0.6949999999999988,0.6049999999999999,610,9,2,8.096495160565768,0.2767219467700467,RNG-f96c6225fc10,range,carrier_outage,40531,PAL,6,3,1000000.0,,False,,,,,,0,26,
7.5932239660899645,89.20914216218402,True,26.34190715181932,218,0,0,2.025,1.3412499999999994,3.0573217362553766,8.256318589506254,3.749321309764629,-7.485552709953902,-81.64095228161082,142.940114303936,1.775,1.3412499999999994,610,15,2,11.962195922317084,0.39531887947328814,OVP56,range,carrier_outage,40531,PAL,10,3,1000000.0,,False,,,,,,13,0,
8.064345063788132,90.75907754592623,True,26.370765370138017,30,0,2,0.9299999999999955,0.075,0.4345181635820977,4.709714496143854,3.8058990530785315,-5.771745897160047,-68.40457434149592,131.1902632026696,0.125,0.075,610,15,2,12.023617337223806,0.3908176821901614,RANGE32,range,carrier_outage,40531,PAL,10,3,1000000.0,,False,,,,,,0,36,320.10000000000036
-6.641315162191072,-78.08729232353235,False,612.887703889586,605,8,53,2.025,2.025,3.630185945650718,84.13972864016709,24.140317004438046,-151.50017008719425,-75.31263134386667,136.7882232445881,1.9300000000000002,1000000.0,610,282,2,-6.666612355228589,-0.2717199972692278,PLL96-rejected-board,range,carrier_outage,40531,PAL,10,3,1000000.0,,False,,,,,,40,0,
5.269870948615373,90.36154369331621,True,39.24090338770389,530,6,0,2.025,2.025,3.568492766561255,17.861688245598426,0.9843348712865801,-5.475644579109691,-76.3068536533015,136.14223033563889,1.7049999999999996,0.6675,610,23,2,6.63545578758156,0.2740706920505665,PLL96-IQ-corrected,range,carrier_outage,40531,PAL,10,3,1000000.0,,False,,,,,,35,0,
8.517013167067358,90.67811336703978,True,26.1831869510665,24,0,2,0.9662499999999966,0.04124999999999999,1.2970315939218287,5.065375974897177,3.6849597486683634,-5.727849448113864,-70.2665916176094,130.91217186369283,0.625,0.04124999999999999,610,8,2,9.631517367156677,0.6387341534583368,floating-PLL-IQ40,range,carrier_outage,40531,PAL,10,3,1000000.0,,False,,,,,,0,29,640.1000000000004
3.4715728511638315,42.09549783754394,True,109.56148055207026,610,8,0,2.025,2.025,1000000.0,49.86318160677175,27.01475161250639,-28.23534122745388,-85.6371368902238,130.7745616124289,1000000.0,1000000.0,610,610,2,4.026897063706555,0.23667700411668804,HC50,range,carrier_outage,40531,PAL,10,3,1000000.0,,False,,,,,,40,0,
6.071049862997532,93.54965402550434,True,36.041405269761604,34,0,0,2.025,0.3024999999999998,2.1044827526615655,4.414370213935374,-0.6676259344758593,-9.53979172633503,-83.05362104118446,128.95949862492193,1.125,0.3024999999999998,610,15,2,8.862114345157273,0.2695484929707282,PLL96-board-fixed,range,carrier_outage,40531,PAL,10,3,1000000.0,,False,,,,,,2,13,
6.769294589896694,88.93736056809009,True,35.14303638644919,27,0,2,0.6537499999999852,0.3024999999999998,0.4611481215959336,4.5181780093805255,-1.1397406444593534,-14.58063562917698,-73.95038080879345,134.81335828220915,0.2,0.3024999999999998,610,8,2,8.067090942635375,0.3374925512468331,RNG-f96c6225fc10,range,carrier_outage,40531,PAL,10,3,1000000.0,,False,,,,,,0,38,512.1000000000004
9.23617355959966,92.83796236499876,True,24.856963613550818,30,0,2,0.05,0.05,0.02012889499682244,3.867212297262538,3.388464833002318,-4.0322693566280945,-58.319119184777186,129.55703803981223,0.05,0.05,610,15,2,12.243443786645539,0.5166694201731555,OVP56,range,carrier_outage,40531,PAL,30,3,1000000.0,,False,0.8056534554330759,-59.63287539178611,22.28069673927805,31.728343425663766,16.99176196365295,0,40,8.099999999998545
9.227283069071584,90.98676337441309,True,25.340025094102888,30,0,2,0.075,0.05,0.037999546276783085,4.393193921431079,3.5338337375071402,-6.293952318081145,-64.75284722694947,133.36999020534915,0.05,0.05,610,15,2,12.128907935153176,0.4897005436979444,RANGE32,range,carrier_outage,40531,PAL,30,3,1000000.0,,False,0.7798122219518375,-60.85828463901597,24.072884242835176,29.79457627850345,15.922420405483027,0,40,8.099999999998545
-6.6619319926751395,-78.34809426111183,False,616.0740276035132,607,8,55,2.025,2.025,2.981121153749598,84.62293561055985,23.725366416973262,-151.39680797941458,-76.45942713194063,138.3973036841179,1.4025,1000000.0,610,290,2,-6.689248050573338,-0.2865281144984075,PLL96-rejected-board,range,carrier_outage,40531,PAL,30,3,1000000.0,,False,0.3266837462705644,66.34406970824895,33.75401644816109,33.42566495426884,32.63153331030059,40,0,
5.0319507562965216,93.99546974655544,True,39.710163111668756,604,8,0,2.025,2.025,3.4621765793596757,16.640720284308927,1.2410748954581121,-4.71947957408821,-77.45616379347658,138.08463919795966,1.54375,1000000.0,610,278,2,6.186359878279006,0.29789293830487584,PLL96-IQ-corrected,range,carrier_outage,40531,PAL,30,3,1000000.0,,False,0.37496570729130707,-111.51729229476598,34.06178649372809,35.7336910697776,23.547182620682545,40,0,
10.511728405998896,91.63131419119249,True,23.41969887076537,30,0,2,0.025,0.025,0.02012889499682244,4.459847531586571,3.0421734795782305,-4.730584822121947,-68.5704351265363,128.30985281934338,0.025,0.025,610,15,2,10.968205004196598,0.8329159298510094,floating-PLL-IQ40,range,carrier_outage,40531,PAL,30,3,1000000.0,,False,0.4779737227795516,13.751053853371245,11.463512765699893,22.036469693693714,11.444387905535521,0,40,8.099999999998545
3.5704395282265984,42.14433054447406,True,109.11606022584692,610,8,0,2.025,2.025,1000000.0,49.36611783859775,26.75463846761404,-28.246669877942626,-86.39763917692258,102.71495413913519,1000000.0,1000000.0,610,610,2,4.004679144143878,0.2700406787042123,HC50,range,carrier_outage,40531,PAL,30,3,1000000.0,,False,0.40650725267535204,99.302778359404,19.50711926475386,29.899824233983253,31.314454539329088,40,0,
6.271530023864827,92.01356507134982,True,35.484316185696365,28,0,2,0.475,0.075,0.23663593043720801,8.649893415232404,0.8780683434926836,-6.292415759215979,-81.87523426064368,130.2130578826152,0.3937499999999915,0.075,610,15,2,8.840094741982865,0.28524637344838577,PLL96-board-fixed,range,carrier_outage,40531,PAL,30,3,1000000.0,,False,0.44145398596089214,-99.3663540981563,34.18609284578834,33.28743415385375,20.97519365892773,0,40,8.099999999998545
6.969903361692103,90.55860482237061,True,33.63927227101631,27,0,2,0.175,0.11624999999999999,0.26649687275912737,4.21610170189146,-2.513314891736442,-13.53600659032662,-75.37169540795924,136.25422730622614,0.125,0.11624999999999999,610,14,2,8.136824046087566,0.371692753214246,RNG-f96c6225fc10,range,carrier_outage,40531,PAL,30,3,1000000.0,,False,0.23657998052578447,-69.32871193327247,42.97586650602026,69.89575343655952,19.443214185012263,0,40,8.099999999998545
5.345824734393345,82.58090202658047,True,51.84440356808473,456,10,0,2.025,2.025,3.479322850785768,14.352348648536275,5.081515194952889,-12.797220716379249,-82.17872045319469,144.1360867966342,1.98875,1.1112499999999998,506,39,2,10.359198371214095,0.2946144515280847,OVP56,range,carrier_outage,40531,NTSC,6,3,1000000.0,,False,,,,,,35,0,
6.090538823268337,88.17659543887152,True,41.77642571357179,31,0,0,2.025,0.5324999999999994,2.029600686679136,6.819642813444401,3.5602627481054663,-9.72377793315591,-73.40117162181619,134.52742026295843,0.9649999999999977,0.5324999999999994,506,15,2,10.861401143605562,0.29601592829441964,RANGE32,range,carrier_outage,40531,NTSC,6,3,1000000.0,,False,,,,,,0,13,
-6.6101701390695755,-78.0051408718158,False,615.5578368712123,498,12,39,2.025,2.025,3.22432163408057,85.72945641534588,22.711793899278174,-150.79473535813932,-76.7080334861025,137.23728393920632,1.2599999999999998,1000000.0,506,275,2,-6.625767264278526,-0.22683336693147121,PLL96-rejected-board,range,carrier_outage,40531,NTSC,6,3,1000000.0,,False,,,,,,40,0,
4.657845677203122,88.0328292102439,True,48.42669500582538,393,9,0,2.025,2.025,3.4779759015383385,15.38650570143175,1.7374244666954597,-6.941249553445166,-76.4708670675156,137.80348323491387,1.7549999999999994,1.8849999999999998,506,19,2,6.17125917760653,0.22713751271847638,PLL96-IQ-corrected,range,carrier_outage,40531,NTSC,6,3,1000000.0,,False,,,,,,28,0,
6.729309610704723,89.91921465360511,True,34.24482263439776,60,0,0,2.025,1.0687499999999994,2.741324728450853,5.489920916276903,3.3193807673583113,-6.965643840732301,-75.11826919966397,135.24424605236362,1.475,1.0687499999999992,506,14,2,8.408642833408503,0.49771414547547954,floating-PLL-IQ40,range,carrier_outage,40531,NTSC,6,3,1000000.0,,False,,,,,,2,3,
3.060542195460543,41.45383704080961,True,128.5836642411799,506,12,0,2.025,2.025,1000000.0,49.83533830955706,26.970980007999213,-29.56471335463891,-87.52872437748533,141.39672033529112,1000000.0,1000000.0,506,506,2,3.8932680789099967,0.19177227164312563,HC50,range,carrier_outage,40531,NTSC,6,3,1000000.0,,False,,,,,,40,0,
4.85297432535803,89.83238126648988,True,50.329352404061815,40,1,0,2.025,1.4749999999999992,2.3059132211039084,4.012366218092834,-0.6298546714640423,-14.264376799959223,-83.02262157963943,130.5864588232644,1.2625,0.9,506,16,2,7.926775710416747,0.21579849057139905,PLL96-board-fixed,range,carrier_outage,40531,NTSC,6,3,1000000.0,,False,,,,,,3,7,
5.9539743095913575,87.3747189573016,True,43.907883685013864,27,0,2,2.025,0.4887499999999997,1.1305534467832128,3.957424782928793,0.5331972419974783,-16.237195195430232,-67.74256849034887,134.08484348185078,0.7274999999999991,0.4887499999999997,506,14,2,7.433970204046546,0.26868211111255474,RNG-f96c6225fc10,range,carrier_outage,40531,NTSC,6,3,1000000.0,,False,,,,,,0,28,392.5
7.221577769932024,88.16077616371597,True,31.263641481543925,160,3,0,2.025,2.025,3.0754261535617404,8.808019716692476,4.186473051833853,-8.449126783268824,-78.81593979117808,143.78146360305757,1.8,1.48,506,15,2,11.259470524709636,0.39756001617600223,OVP56,range,carrier_outage,40531,NTSC,10,3,1000000.0,,False,,,,,,8,0,
7.6477124163889245,89.68689121375029,True,31.475884118530736,30,0,2,2.025,0.13374999999999995,0.4303497331905096,5.178140017934461,4.114290070344253,-6.8717486716026555,-69.16222281423684,129.52266052887683,0.1,0.13374999999999995,506,15,2,11.333770228999512,0.39009434886696825,RANGE32,range,carrier_outage,40531,NTSC,10,3,1000000.0,,False,,,,,,0,39,71.69999999999982
-6.533424939817818,-76.89359686571738,False,613.0455463667372,501,12,41,2.025,2.025,3.499732132606723,83.04512166320009,24.018852952008622,-150.37620772542897,-76.31158669109772,135.57956418260255,0.865,1000000.0,506,389,2,-6.557566805485938,-0.25348639882663154,PLL96-rejected-board,range,carrier_outage,40531,NTSC,10,3,1000000.0,,False,,,,,,40,0,
4.787908836068021,88.8957435059963,True,45.98891521433496,459,11,0,2.025,2.025,3.5653697847667445,18.064908223991566,1.5942822191388355,-6.856040615981669,-74.82366293704614,137.76437156214163,1.7349999999999999,2.0,506,61,2,6.059610896890937,0.2550864595425504,PLL96-IQ-corrected,range,carrier_outage,40531,NTSC,10,3,1000000.0,,False,,,,,,36,0,
8.043236983388825,89.6152859734289,True,31.65200034922193,29,0,1,2.025,0.33124999999999954,1.1130479711870114,5.742655291652126,3.781980299277823,-6.206601094234079,-71.36798027984847,130.588473522287,0.5,0.33124999999999954,506,15,2,9.031610938551971,0.63899365200604,floating-PLL-IQ40,range,carrier_outage,40531,NTSC,10,3,1000000.0,,False,,,,,,0,27,580.1000000000004
3.298287000050405,41.46215710012642,True,119.4256202452381,506,12,0,2.025,2.025,1000000.0,49.92116294053308,26.941862678480916,-29.196221123962243,-89.03214575089346,129.57815949319064,1000000.0,1000000.0,506,506,2,3.881999682215458,0.23191656399000735,HC50,range,carrier_outage,40531,NTSC,10,3,1000000.0,,False,,,,,,40,0,
5.665632408623498,92.3650982038028,True,41.99167888441657,38,0,1,2.025,0.5549999999999997,2.220738921358746,4.88219478794774,-0.205145390158578,-10.285331198067496,-81.50064816114227,129.30613557362759,1.125,0.5549999999999997,506,15,2,8.432247318783496,0.2545829645554963,PLL96-board-fixed,range,carrier_outage,40531,NTSC,10,3,1000000.0,,False,,,,,,0,11,
6.304365602898803,88.2514339606121,True,40.846170751459354,28,0,2,2.025,0.175,0.4607984928860175,4.4422812192149985,-0.6305877198098466,-15.688878026148132,-69.2442873597371,131.5701715278166,0.225,0.175,506,14,2,7.49474471821838,0.3266875825679067,RNG-f96c6225fc10,range,carrier_outage,40531,NTSC,10,3,1000000.0,,False,,,,,,0,38,71.69999999999982
8.659577348106115,91.79784456491063,True,29.734290281695653,30,0,2,2.025,0.05,0.019647631199834394,4.445702457919056,3.867819815591239,-5.0234935652291215,-56.67197698678711,130.02584459548757,0.05,0.05,506,15,2,11.466789404777721,0.5113838473153289,OVP56,range,carrier_outage,40531,NTSC,30,3,1000000.0,,False,0.873677888461031,-47.77880073551696,34.74940637541375,27.028561077100786,18.411012311829335,0,40,11.200000000000728
8.66516767671994,89.90958733865791,True,30.234038902118513,30,0,2,2.025,0.061249999999999985,0.037130532861625286,4.844762502407112,3.7574160475002385,-7.452957570164218,-65.39356261599472,127.3461865201698,0.05,0.061249999999999985,506,15,2,11.42700778638477,0.4820860064921248,RANGE32,range,carrier_outage,40531,NTSC,30,3,1000000.0,,False,0.8432494915868302,-48.606166997457215,16.603390923498,22.8997555686356,16.329818752375747,0,40,11.200000000000728
-6.557586848973323,-77.24940467672329,False,616.7831241514058,503,12,42,2.025,2.025,3.3072206357201708,84.13949573535973,23.67374086706797,-150.35651697850142,-77.12602704058277,137.83956657941326,0.6475,1000000.0,506,275,2,-6.583779962537889,-0.265799160158142,PLL96-rejected-board,range,carrier_outage,40531,NTSC,30,3,1000000.0,,False,0.42857049695923743,85.16386739206972,48.73882570195703,44.68670783453393,33.75492267103778,40,0,
4.7766467468545,92.99174712731684,True,45.56969837461277,505,12,0,2.025,2.025,3.625,17.014150051542032,1.769297671809837,-4.323863977763443,-76.90216324384798,138.73356208106918,0.6,1000000.0,506,396,2,5.928487398017746,0.2779873570784637,PLL96-IQ-corrected,range,carrier_outage,40531,NTSC,30,3,1000000.0,,False,0.49418575571431156,-93.50580397028057,49.45272739790324,38.90652511099913,26.076875745549394,40,0,
9.73200969993127,90.4249948406694,True,27.687879891741204,28,0,2,2.025,0.025,0.17428875189654927,5.194582916570626,3.199476947719567,-5.93899118834571,-67.12701591808214,128.31083539877233,0.025,0.025,506,14,2,10.112955611233945,0.8276107935269397,floating-PLL-IQ40,range,carrier_outage,40531,NTSC,30,3,1000000.0,,False,0.5806046404663084,4.967319280538668,34.22417981406726,54.0494193595373,12.889507838727969,0,40,11.200000000000728
3.38234653019498,41.488603199752525,True,119.09671942125496,506,12,0,2.025,2.025,1000000.0,49.40530366499156,26.57211806238757,-29.270864688069828,-88.63564384820384,100.15030455792194,1000000.0,1000000.0,506,506,2,3.850892759510904,0.2600162897625599,HC50,range,carrier_outage,40531,NTSC,30,3,1000000.0,,False,0.4361337034987951,80.78000267281311,16.370488824329186,24.85986742821597,31.571989137473953,40,0,
5.8183141772737565,90.81983558677399,True,41.66277806043345,30,0,2,2.025,0.23249999999999976,0.09494857077616795,8.923660185303692,1.257059656519567,-7.435617811217102,-81.79729059487593,130.00918397711973,0.25,0.23249999999999976,506,15,2,8.320442794968953,0.27162009094130957,PLL96-board-fixed,range,carrier_outage,40531,NTSC,30,3,1000000.0,,False,0.6018446515537035,-89.03384521087817,49.555322824239965,22.660332529120446,23.53588060295567,0,40,11.200000000000728
6.358161887956701,89.47371258736226,True,41.29022449550979,28,0,2,2.025,0.14749999999999996,0.24288785142159916,4.053219736163378,-2.2291769507481254,-14.860910656923412,-69.99882783772468,132.41701410954641,0.125,0.14749999999999996,506,12,2,7.396079776794738,0.3541429143059188,RNG-f96c6225fc10,range,carrier_outage,40531,NTSC,30,3,1000000.0,,False,0.23530604625816737,-63.989555626450645,55.16574671030071,124.19448959042194,22.271433350671558,0,40,11.200000000000728
