sinad,contrast,polarity_ok,large_errors,h_missing,v_missing,v_trains,h_jitter_us,v_jitter_us,h_width_rmse_us,sync_error_ire,black_error_ire,white_error_ire,raw_min,raw_max,h_jitter_matched_us,v_jitter_matched_us,h_expected,max_h_gap,expected_v_trains,false_sync_pulses,false_sync_per_line,luma_sinad,detail_corr,model,profile,stage,seed,standard,cnr,rms,cfo_hz,quality_failures,usable,image_pattern,burst_gain,burst_phase_deg,burst_phase_jitter_deg,burst_amplitude_jitter_pct,burst_rmse_ire,recovery_missing,recovery_valid_lines,recovery_max_lock_us
5.602216864933655,83.67883758604371,True,47.05834378920953,563,8,0,2.025,2.025,3.470151983304772,13.882194201557015,4.619156808364274,-11.817671476559807,-83.639083808969,145.3132928751136,1.7349999999999999,1000000.0,610,47,2,47,0.07704918032786885,10.96885728600628,0.2897611978809532,OVP56,safe_range,carrier_outage,90531,PAL,6,3,1000000.0,,False,bars,,,,,,37,0,
4.9988549910663105,86.75405131721526,True,48.426599749058965,485,7,0,2.025,2.025,3.4232747479569907,9.637614779908477,2.8982558290829705,-10.852091280213035,-95.07319951578617,155.38354858187066,1.9,0.45,610,31,2,93,0.15245901639344261,10.843038097032494,0.2755078313717949,VLP56,safe_range,carrier_outage,90531,PAL,6,3,1000000.0,,False,bars,,,,,,27,0,
6.363054358895934,89.29640096472971,True,36.819949811794224,36,0,1,2.025,0.15,1.9553272514540236,6.502013043550098,3.273794618012694,-8.512748137038844,-72.87075725807256,131.1246447458776,1.05,0.15,610,15,2,244,0.4,11.458431026941017,0.29196903544828046,RANGE32,safe_range,carrier_outage,90531,PAL,6,3,1000000.0,,False,bars,,,,,,0,13,
-6.70654230076547,-79.1808796591076,False,609.2321204516938,602,8,48,2.025,2.025,3.3098692383536843,85.84077884831052,22.653517691398267,-152.24377147903002,-76.3015325424837,136.6589162850578,1.8712499999999999,1000000.0,610,279,2,1687,2.765573770491803,-6.722545805862234,-0.24431657255051437,PLL96-rejected-board,safe_range,carrier_outage,90531,PAL,6,3,1000000.0,,False,bars,,,,,,40,0,
5.133764870904631,89.59515587163094,True,41.29548306148055,487,7,0,2.025,2.025,3.5016684466935337,15.775896265858021,0.9864057175334545,-5.932920062362044,-76.08080061817995,137.76263592381056,1.8724999999999998,1.1,610,25,2,240,0.39344262295081966,6.767487449428872,0.24810345567864833,PLL96-IQ-corrected,safe_range,carrier_outage,90531,PAL,6,3,1000000.0,,False,bars,,,,,,31,0,
7.374629951597278,91.28847329662874,True,27.50125470514429,54,1,0,2.025,1.6662499999999993,2.67039436603358,5.326937107463328,2.7448636708464806,-5.362499568856322,-73.38425524717944,134.76936697403548,1.55,0.8574999999999996,610,14,2,444,0.7278688524590164,9.40043069600338,0.4968140885681759,floating-PLL-IQ40,safe_range,carrier_outage,90531,PAL,6,3,1000000.0,,False,bars,,,,,,1,3,
3.2042634481341494,41.9863740130382,True,120.5483061480552,610,8,0,2.025,2.025,1000000.0,49.80077527704096,27.083336362248684,-28.7799247631102,-84.82315831357614,138.3257933518169,1000000.0,1000000.0,610,610,2,0,0.0,4.007897342409313,0.19267874681706967,HC50,safe_range,carrier_outage,90531,PAL,6,3,1000000.0,,False,bars,,,,,,40,0,
5.272288206871338,91.32937717084043,True,44.01317440401506,35,0,0,2.025,1.1549999999999998,2.3024323150132755,3.48182235121853,-1.2037398180430192,-13.210255177579588,-83.58173522253068,131.34022524839716,1.325,1.1549999999999998,610,15,2,347,0.5688524590163935,8.519367838149387,0.22986396567517905,PLL96-board-fixed,safe_range,carrier_outage,90531,PAL,6,3,1000000.0,,False,bars,,,,,,1,5,
6.363054358895934,89.29640096472971,True,36.819949811794224,36,0,1,2.025,0.15,1.9553272514540236,6.502013043550098,3.273794618012694,-8.512748137038844,-72.87075725807256,131.1246447458776,1.05,0.15,610,15,2,244,0.4,11.458431026941017,0.29196903544828046,RNG-49c57570d609,safe_range,carrier_outage,90531,PAL,6,3,1000000.0,,False,bars,,,,,,0,13,
7.650981098122162,89.24512189918178,True,26.336888331242157,185,3,0,2.025,2.025,3.126216939519901,8.249449138694711,3.7618117076118915,-7.486539005161566,-84.53668502303628,142.96782535892592,1.7449999999999988,1.6949999999999996,610,15,2,369,0.6049180327868853,11.990238818887127,0.3975820874566466,OVP56,safe_range,carrier_outage,90531,PAL,10,3,1000000.0,,False,bars,,,,,,9,0,
6.724028065744588,90.65830615812214,True,29.993726474278546,87,3,0,2.025,2.025,2.913962030156384,6.531112407497459,3.0909282967483276,-6.7116266962180395,-93.76988335227404,153.63977909050863,1.6,0.53,610,15,2,424,0.6950819672131148,11.592107716879372,0.3567151650963983,VLP56,safe_range,carrier_outage,90531,PAL,10,3,1000000.0,,False,bars,,,,,,6,0,
8.078618599557315,90.70795555713215,True,26.420326223337515,30,0,2,0.8599999999999909,0.12374999999999996,0.304184183088765,4.753394222088275,3.8482492631678813,-5.766368918969921,-68.11806139905296,130.31959058824074,0.125,0.12374999999999996,610,15,2,5,0.00819672131147541,11.969439069808477,0.39034431588576546,RANGE32,safe_range,carrier_outage,90531,PAL,10,3,1000000.0,,False,bars,,,,,,0,38,136.09999999999854
-6.628982196678664,-77.82341263462341,False,606.6951066499373,603,8,55,2.025,2.025,3.400905866719294,83.75920973066405,23.51460083426498,-151.14808646837693,-76.17043957773512,136.13570946555734,1.8824999999999998,1000000.0,610,276,2,1490,2.442622950819672,-6.653949104159711,-0.2716428478272282,PLL96-rejected-board,safe_range,carrier_outage,90531,PAL,10,3,1000000.0,,False,bars,,,,,,40,0,
5.25768329706605,90.61958804830647,True,39.616687578419075,541,7,0,2.025,2.025,3.594490550667866,18.57197358570188,0.23829243619094442,-5.463359613416841,-75.74071475150797,136.00056786625132,1.9649999999999999,1.55,610,31,2,159,0.260655737704918,6.600986445305352,0.277302499609101,PLL96-IQ-corrected,safe_range,carrier_outage,90531,PAL,10,3,1000000.0,,False,bars,,,,,,37,0,
8.583386372103071,90.86741588257388,True,26.695106649937262,26,0,2,1.0637499999999989,0.04124999999999999,1.0983296977683887,4.786675570659294,3.3335737341158995,-5.174272296818412,-71.6043242622468,129.98496214555496,0.525,0.04124999999999999,610,9,2,111,0.1819672131147541,9.70908658658798,0.6387064392641841,floating-PLL-IQ40,safe_range,carrier_outage,90531,PAL,10,3,1000000.0,,False,bars,,,,,,0,28,
3.464389257248965,42.03212405907738,True,109.87578419071518,610,8,0,2.025,2.025,1000000.0,49.916507160372426,27.076884496321348,-28.27788046120786,-85.7805579891415,131.09902393425773,1000000.0,1000000.0,610,610,2,0,0.0,4.007519023652821,0.23862322178799983,HC50,safe_range,carrier_outage,90531,PAL,10,3,1000000.0,,False,bars,,,,,,40,0,
6.2248444416170665,93.91944765288606,True,35.673149309912176,41,0,0,2.025,0.8349999999999997,2.1529996547099164,4.45368530411767,-0.7402335449687951,-9.323974634875336,-83.24432062033569,128.49508888676172,1.105000000000001,0.8349999999999997,610,15,2,303,0.4967213114754098,9.112009892301216,0.272628547340782,PLL96-board-fixed,safe_range,carrier_outage,90531,PAL,10,3,1000000.0,,False,bars,,,,,,1,12,
8.078618599557315,90.70795555713215,True,26.420326223337515,30,0,2,0.8599999999999909,0.12374999999999996,0.304184183088765,4.753394222088275,3.8482492631678813,-5.766368918969921,-68.11806139905296,130.31959058824074,0.125,0.12374999999999996,610,15,2,5,0.00819672131147541,11.969439069808477,0.39034431588576546,RNG-49c57570d609,safe_range,carrier_outage,90531,PAL,10,3,1000000.0,,False,bars,,,,,,0,38,136.09999999999854
9.262424419827774,92.8810685524328,True,24.897741530740277,30,0,2,0.05,0.04124999999999999,0.020368374742604587,3.86173788200183,3.3927333457879234,-4.017800621355863,-56.83799459663563,130.68147375393568,0.05,0.04124999999999999,610,15,2,0,0.0,12.26204585878346,0.5171884293710189,OVP56,safe_range,carrier_outage,90531,PAL,30,3,1000000.0,,False,bars,0.8054041693534911,-59.871314777862175,19.377479380043702,29.316971758147186,17.45138483655547,0,40,8.099999999998545
7.892083338886068,92.87162932235698,True,29.01003764115433,30,0,2,0.05,0.04124999999999999,0.017677669529663688,4.090423261417915,3.609262418277142,-3.8418719221332442,-96.34719681360677,155.72078428485543,0.05,0.04124999999999999,610,15,2,0,0.0,11.707040303146679,0.42850049612716307,VLP56,safe_range,carrier_outage,90531,PAL,30,3,1000000.0,,False,bars,0.8025876439005281,-60.05651076042593,19.284053751901794,27.455313097795386,19.61706482015911,0,40,8.099999999998545
9.21199397052784,90.93067852551003,True,25.51129234629862,30,0,2,0.075,0.06624999999999999,0.038646273853485805,4.414256032346697,3.509175656001003,-6.3035193822601086,-64.28069140347289,133.18874611129354,0.05,0.06624999999999999,610,15,2,0,0.0,12.035206954682586,0.49063633759034464,RANGE32,safe_range,carrier_outage,90531,PAL,30,3,1000000.0,,False,bars,0.7829465691553866,-60.597368244896145,18.520836671796793,27.98817477807578,16.18062786206806,0,40,8.099999999998545
-6.655598654960979,-78.2288980485889,False,609.2584692597239,608,8,55,2.025,2.025,2.7364438601951986,84.45400050145533,23.218634462680384,-150.80657203254293,-76.6136540469317,137.84796747376072,0.04875,1000000.0,610,491,2,1503,2.463934426229508,-6.682904754276365,-0.28915643697210425,PLL96-rejected-board,safe_range,carrier_outage,90531,PAL,30,3,1000000.0,,False,bars,0.32759468184290025,65.23660748185208,31.0221091414889,34.004013353102415,32.70913773089797,40,0,
5.0258359544778255,94.41150987671172,True,40.158720200752825,607,8,0,2.025,2.025,3.402113313809521,17.19605901158122,0.3625885012684674,-4.666461206017306,-76.63203436964554,137.94445290101618,1.8724999999999998,1000000.0,610,291,2,70,0.11475409836065574,6.154385244352364,0.2984443772240478,PLL96-IQ-corrected,safe_range,carrier_outage,90531,PAL,30,3,1000000.0,,False,bars,0.37590167955105475,-112.84769533621098,30.111741056222442,35.602227538087654,24.722520470598447,40,0,
10.311697427249682,91.47336465425705,True,23.308657465495607,30,0,2,0.025,0.025,0.019197251958512726,4.319795540849698,2.6328210014442197,-5.056583814665468,-67.64624768170323,122.14262093140921,0.025,0.025,610,15,2,14,0.022950819672131147,10.736781440459504,0.8331401425739717,floating-PLL-IQ40,safe_range,carrier_outage,90531,PAL,30,3,1000000.0,,False,bars,0.4855791339884562,13.194642615438593,9.628597139924334,19.416924357042383,11.462615101124392,0,40,8.099999999998545
3.5548607426246197,42.05641220825487,True,109.22961104140528,610,8,0,2.025,2.025,1000000.0,49.4429646101377,26.81488511663253,-28.25727667508934,-84.96131417297944,101.77171666419135,1000000.0,1000000.0,610,610,2,0,0.0,3.9805099648247566,0.27181634326258003,HC50,safe_range,carrier_outage,90531,PAL,30,3,1000000.0,,False,bars,0.40715657372034053,99.15343895183231,17.703098173222077,28.332344486250747,31.338373600184433,40,0,
6.444756516016596,92.51768131657661,True,35.03638644918444,30,0,2,0.525,0.075,0.09928624587872006,8.442531513393918,0.6137275294928912,-6.1562909125235645,-81.10715302912755,129.92783101187302,0.25,0.075,610,15,2,8,0.013114754098360656,9.100994797370735,0.28826744798249243,PLL96-board-fixed,safe_range,carrier_outage,90531,PAL,30,3,1000000.0,,False,bars,0.4438148094919288,-99.6749989255748,32.293319677237605,30.79057442494396,21.549678565333725,0,40,8.099999999998545
9.21199397052784,90.93067852551003,True,25.51129234629862,30,0,2,0.075,0.06624999999999999,0.038646273853485805,4.414256032346697,3.509175656001003,-6.3035193822601086,-64.28069140347289,133.18874611129354,0.05,0.06624999999999999,610,15,2,0,0.0,12.035206954682586,0.49063633759034464,RNG-49c57570d609,safe_range,carrier_outage,90531,PAL,30,3,1000000.0,,False,bars,0.7829465691553866,-60.597368244896145,18.520836671796793,27.98817477807578,16.18062786206806,0,40,8.099999999998545
5.372596092076392,82.69861072017883,True,51.653987301568186,464,10,0,2.025,2.025,3.511407854272645,14.26794166979858,4.981911991191453,-12.772360092458776,-81.60676581736604,147.62489295424697,1.95,1.425,506,62,2,39,0.07707509881422925,10.484531922311753,0.29412528338539246,OVP56,safe_range,carrier_outage,90531,NTSC,6,3,1000000.0,,False,bars,,,,,,36,0,
4.705307081563063,85.7645683074038,True,53.728997763173346,406,10,0,2.025,2.025,3.4221794955846483,9.892233056105539,3.2461757237525646,-11.9211949884807,-95.04737518652524,155.1474088069213,1.8024999999999998,1.72,506,23,2,104,0.20553359683794467,10.319525038887306,0.2757536167926855,VLP56,safe_range,carrier_outage,90531,NTSC,6,3,1000000.0,,False,bars,,,,,,31,0,
6.063163680578349,88.13903590306306,True,41.94576824308255,35,0,0,2.025,0.88625,2.01648592827682,6.915440954900543,3.540114455771759,-9.762530187336504,-72.14441658578731,129.1360232334084,0.9625,0.8862500000000001,506,15,2,253,0.5,10.88230216507688,0.2923184981090023,RANGE32,safe_range,carrier_outage,90531,NTSC,6,3,1000000.0,,False,bars,,,,,,0,16,
-6.596725713514704,-78.25153785023629,False,609.1228207498036,495,12,42,2.025,2.025,2.982943939375084,86.08865727942869,22.80110384884813,-151.10541673157684,-77.01526790203226,137.18348894488824,1.775,1000000.0,506,277,2,1392,2.7509881422924902,-6.610945581059133,-0.2318948877165307,PLL96-rejected-board,safe_range,carrier_outage,90531,NTSC,6,3,1000000.0,,False,bars,,,,,,40,0,
4.662027936963259,88.18955293021287,True,48.5124952207775,396,11,0,2.025,2.025,3.464112276418933,15.888754272658652,1.6989225739688791,-6.723856031215539,-77.60953420791677,136.20418997773515,1.88875,0.65,506,17,2,218,0.4308300395256917,6.183689225934817,0.23130370124405206,PLL96-IQ-corrected,safe_range,carrier_outage,90531,NTSC,6,3,1000000.0,,False,bars,,,,,,32,0,
6.991307064463221,90.45992185209651,True,32.30829673025918,50,1,0,2.025,1.4474999999999991,2.752981338476525,5.28582965060616,2.629782518647181,-6.659562454054579,-75.61930690745055,133.4862363801963,1.55625,0.8875,506,11,2,456,0.9011857707509882,8.817938221627754,0.49747439163905194,floating-PLL-IQ40,safe_range,carrier_outage,90531,NTSC,6,3,1000000.0,,False,bars,,,,,,1,4,
3.0492546446145403,41.48044431555434,True,128.8365490852493,506,12,0,2.025,2.025,1000000.0,49.79817983409286,26.885313205357935,-29.53652421180333,-88.73736401568488,141.02768298754492,1000000.0,1000000.0,506,506,2,0,0.0,3.8828960267914745,0.19069901759048904,HC50,safe_range,carrier_outage,90531,NTSC,6,3,1000000.0,,False,bars,,,,,,40,0,
4.883448429302392,90.17715249981586,True,50.33537347177775,43,0,0,2.025,0.9787499999999999,2.2468624632419543,3.493499010251457,-0.8863706343474722,-14.228315914751763,-84.18023603044311,129.93500156348048,1.3724999999999994,0.9787499999999998,506,16,2,318,0.6284584980237155,8.013344130119298,0.21941560143804115,PLL96-board-fixed,safe_range,carrier_outage,90531,NTSC,6,3,1000000.0,,False,bars,,,,,,1,4,
6.063163680578349,88.13903590306306,True,41.94576824308255,35,0,0,2.025,0.88625,2.01648592827682,6.915440954900543,3.540114455771759,-9.762530187336504,-72.14441658578731,129.1360232334084,0.9625,0.8862500000000001,506,15,2,253,0.5,10.88230216507688,0.2923184981090023,RNG-49c57570d609,safe_range,carrier_outage,90531,NTSC,6,3,1000000.0,,False,bars,,,,,,0,16,
7.270731226764854,88.36387033433559,True,31.016025071725966,169,2,0,2.025,2.025,3.1249768545136924,8.654788155948733,4.027292954140669,-8.369914518205906,-81.33192393284838,142.04097954204656,1.7,1.2499999999999996,506,16,2,367,0.7252964426877471,11.404627147703552,0.39707991997988157,OVP56,safe_range,carrier_outage,90531,NTSC,10,3,1000000.0,,False,bars,,,,,,10,0,
6.276734624360629,89.80371517646182,True,35.280446281539106,107,2,0,2.025,2.025,2.8912887158837135,6.801655450769916,3.38198193369637,-7.620085293875322,-95.5130026525498,154.25777994130624,1.6,0.9024999999999999,506,16,2,412,0.8142292490118577,11.026154341158348,0.35123749734345555,VLP56,safe_range,carrier_outage,90531,NTSC,10,3,1000000.0,,False,bars,,,,,,2,0,
7.648315225477177,89.80796274526739,True,31.265146748472908,30,0,2,2.025,0.13374999999999995,0.46841409533219897,4.964775317038518,3.994724739971781,-6.8226605079471065,-65.99099163497594,129.57139521933675,0.1,0.13374999999999995,506,15,2,13,0.025691699604743084,11.369452068207192,0.38617457145761513,RANGE32,safe_range,carrier_outage,90531,NTSC,10,3,1000000.0,,False,bars,,,,,,0,39,138.29999999999927
-6.519492362853281,-76.95712115931494,False,605.9406864619303,500,12,45,2.025,2.025,3.368063860241766,84.23665241268247,24.03490813082567,-149.5813238832996,-76.0280821021167,136.80061608526654,1.8125,1000000.0,506,281,2,1222,2.4150197628458496,-6.542112614496163,-0.2523809431602318,PLL96-rejected-board,safe_range,carrier_outage,90531,NTSC,10,3,1000000.0,,False,bars,,,,,,40,0,
4.795981278850743,89.19899979093371,True,45.85720435804881,454,12,0,2.025,2.025,3.566209270036225,18.385588362686626,0.7153150718287792,-6.194962232333577,-76.01455138978324,137.3369976206236,1.95,1000000.0,506,47,2,155,0.30632411067193677,6.070144510731109,0.2615028746086917,PLL96-IQ-corrected,safe_range,carrier_outage,90531,NTSC,10,3,1000000.0,,False,bars,,,,,,35,0,
8.068069856259298,89.84970079673623,True,30.4492920729633,28,0,2,2.025,0.061249999999999985,1.144228399274862,5.681708285656639,3.103525522267414,-6.209220834777361,-71.42655021553473,132.43473689051433,0.5037499999999995,0.061249999999999985,506,15,2,121,0.2391304347826087,9.064943236891834,0.6381903010947542,floating-PLL-IQ40,safe_range,carrier_outage,90531,NTSC,10,3,1000000.0,,False,bars,,,,,,0,28,
3.298014994948382,41.51647980696199,True,119.43615711374098,506,12,0,2.025,2.025,1000000.0,49.947320278520216,26.808218025353796,-29.007988997073333,-88.28357393615988,131.9117417096657,1000000.0,1000000.0,506,506,2,0,0.0,3.8756347721244793,0.2341270727731422,HC50,safe_range,carrier_outage,90531,NTSC,10,3,1000000.0,,False,bars,,,,,,40,0,
5.708362417798282,92.81649383600629,True,41.760620410817445,39,0,0,2.025,0.6337499999999999,2.2387474391631903,4.533290280689457,-0.4740380796634916,-10.158455807741275,-82.02616540044527,128.4499527584593,1.225,0.6337499999999999,506,15,2,316,0.6245059288537549,8.508081250880679,0.25723321560039963,PLL96-board-fixed,safe_range,carrier_outage,90531,NTSC,10,3,1000000.0,,False,bars,,,,,,0,10,
7.648315225477177,89.80796274526739,True,31.265146748472908,30,0,2,2.025,0.13374999999999995,0.46841409533219897,4.964775317038518,3.994724739971781,-6.8226605079471065,-65.99099163497594,129.57139521933675,0.1,0.13374999999999995,506,15,2,13,0.025691699604743084,11.369452068207192,0.38617457145761513,RNG-49c57570d609,safe_range,carrier_outage,90531,NTSC,10,3,1000000.0,,False,bars,,,,,,0,39,138.29999999999927
8.734021240643873,91.98261560885096,True,29.52731607896028,30,0,2,2.025,0.05,0.02001181373778075,4.288567195712936,3.781711020355556,-4.94161578909598,-56.33119107137725,130.59645396489543,0.05,0.05,506,15,2,0,0.0,11.636611060509246,0.5098692127089275,OVP56,safe_range,carrier_outage,90531,NTSC,30,3,1000000.0,,False,bars,0.8792576239026685,-48.09610632434422,26.142825577096758,26.03532527828932,18.226371356818074,0,40,11.200000000000728
7.305062944653371,91.98649472556251,True,34.40889672965707,30,0,2,2.025,0.05,0.016042223697993695,4.507656720637677,4.031474423531907,-4.719965831525535,-96.39218668300353,154.69505108917417,0.05,0.05,506,15,2,0,0.0,11.09139639303699,0.4169966217255574,VLP56,safe_range,carrier_outage,90531,NTSC,30,3,1000000.0,,False,bars,0.8755057627421357,-47.86774056482073,41.83366269950967,25.351431854288997,20.673613246316403,0,40,11.200000000000728
8.650168466432042,89.96376793977286,True,30.238554702905468,30,0,2,2.025,0.05,0.03829685574122066,4.792782387006734,3.7661320950536137,-7.353880249134137,-65.15165627479986,133.24508718029585,0.05,0.05,506,15,2,0,0.0,11.425782502098157,0.478555713445079,RANGE32,safe_range,carrier_outage,90531,NTSC,30,3,1000000.0,,False,bars,0.8472533592478175,-49.13546072452009,13.331832645425104,25.776558873325847,16.47294940546295,0,40,11.200000000000728
-6.528795930677434,-76.64090271890319,False,609.033257367529,504,12,44,2.025,2.025,3.3023665756544958,83.80737495527265,23.61055819380132,-149.36558135067455,-77.16804400864375,138.61640056158552,1.35,1000000.0,506,395,2,1235,2.440711462450593,-6.553853516663962,-0.2694390234795767,PLL96-rejected-board,safe_range,carrier_outage,90531,NTSC,30,3,1000000.0,,False,bars,0.4435562286702927,84.29442696578123,46.166197613746334,40.2338817234777,34.09178322258529,40,0,
4.567855833265887,92.5841934724235,True,46.58951671899978,501,12,0,2.025,2.025,2.980247472945829,17.311675598702287,1.0820882441570099,-5.925986415154657,-76.91945971292964,136.297559307011,1.92,1000000.0,506,292,2,84,0.16600790513833993,5.650216025117435,0.28003518199142036,PLL96-IQ-corrected,safe_range,carrier_outage,90531,NTSC,30,3,1000000.0,,False,bars,0.506837748004966,-94.85730602975264,46.02611270512288,36.51785780152329,25.647370006768565,40,0,
9.884156431166046,90.58282636967157,True,27.87679089132876,29,0,2,2.025,0.025,0.1648167777582366,4.886814100040694,2.894498240539272,-5.77030494876684,-67.77405533564512,125.7981689875571,0.025,0.025,506,15,2,13,0.025691699604743084,10.289032811679439,0.8261284724277256,floating-PLL-IQ40,safe_range,carrier_outage,90531,NTSC,30,3,1000000.0,,False,bars,0.5860530912047369,5.35120448316586,44.510737841041625,52.25160470044247,12.162743717539108,0,40,11.200000000000728
3.3739121653405055,41.43917216443523,True,119.21111970785779,506,12,0,2.025,2.025,1000000.0,49.480788122613944,26.560559565112484,-29.192951471020645,-85.44157427365704,100.90628082762821,1000000.0,1000000.0,506,506,2,0,0.0,3.831762252923957,0.2621041863472921,HC50,safe_range,carrier_outage,90531,NTSC,30,3,1000000.0,,False,bars,0.44090273213707165,80.67161041900438,17.148345985237818,23.035376227448616,31.570272208333304,40,0,
5.854903982133334,91.09996802101176,True,41.30753506519311,30,0,2,2.025,0.075,0.0893927929341702,8.92441617708295,1.072394886957417,-7.128355938694877,-80.9693278459363,129.1979662695789,0.25,0.075,506,15,2,16,0.03162055335968379,8.447340072287478,0.2692253660382061,PLL96-board-fixed,safe_range,carrier_outage,90531,NTSC,30,3,1000000.0,,False,bars,0.6025536983123587,-89.25963988119342,43.71602562536854,25.657409414551108,23.206143315240208,0,40,11.200000000000728
8.650168466432042,89.96376793977286,True,30.238554702905468,30,0,2,2.025,0.05,0.03829685574122066,4.792782387006734,3.7661320950536137,-7.353880249134137,-65.15165627479986,133.24508718029585,0.05,0.05,506,15,2,0,0.0,11.425782502098157,0.478555713445079,RNG-49c57570d609,safe_range,carrier_outage,90531,NTSC,30,3,1000000.0,,False,bars,0.8472533592478175,-49.13546072452009,13.331832645425104,25.776558873325847,16.47294940546295,0,40,11.200000000000728
