sinad,contrast,polarity_ok,large_errors,h_missing,v_missing,v_trains,h_jitter_us,v_jitter_us,h_width_rmse_us,sync_error_ire,black_error_ire,white_error_ire,raw_min,raw_max,h_jitter_matched_us,v_jitter_matched_us,h_expected,max_h_gap,expected_v_trains,detail_corr,model,seed,standard,cnr,stage,rms,cfo_hz,quality_failures,usable
9.447571253202742,91.61232764563903,True,5.405269761606023,402,5,0,2.025,2.025,3.350363696531835,7.2981315384019325,2.0259666129005205,-6.569243903596658,-75.80303337905482,134.2018736589321,1.8912499999999994,1.1175,610,10,2,0.42416938770688556,OVP56,23401,PAL,8,strategy_final,3,1000000.0,,False
9.548201943164011,93.98704516864854,True,4.640526976160602,236,4,0,2.025,2.025,3.247828614406269,4.635633697180447,1.2678152837272743,-5.148654959326753,-76.00247164294711,144.45143560541575,1.825,1.16125,610,6,2,0.43102255923474825,VLP56,23401,PAL,8,strategy_final,3,1000000.0,,False
-6.70713369327503,-83.39704696789914,False,604.8870765370137,610,8,62,2.025,2.025,1000000.0,85.529936173745,22.860269801994217,-156.62062390615048,-71.1613327471392,126.74017264182706,1000000.0,1000000.0,610,610,2,-0.32763063044233426,PLL96-rejected-board,23401,PAL,8,strategy_final,3,1000000.0,,False
9.439369324547332,94.63471045343013,True,6.125470514429109,526,7,0,2.025,2.025,3.558782521553444,14.018369000797104,-0.8915416631301333,-2.550710754132387,-70.97932374150896,127.97718201450078,1.8424999999999998,0.05,610,35,2,0.32712970184298645,PLL96-IQ-corrected,23401,PAL,8,strategy_final,3,1000000.0,,False
13.748796673921127,95.76570935576726,True,0.023212045169385194,2,0,0,0.9387499999999989,0.95,2.0435485475315778,2.3619856294104675,1.7558890789154866,-1.7358160451148654,-69.15289108626402,130.15961950464447,0.9,0.95,610,1,2,0.6434297239918327,floating-PLL-IQ40,23401,PAL,8,strategy_final,3,1000000.0,,False
4.142040850161246,44.49634409347234,True,91.91028858218318,610,8,0,2.025,2.025,1000000.0,49.20226915282429,27.186266658716846,-25.837406212531466,-55.56780975776178,113.22816598592834,1000000.0,1000000.0,610,610,2,0.3371562302352285,HC50,23401,PAL,8,strategy_final,3,1000000.0,,False
10.478280619894985,97.91819970873279,True,5.25909661229611,6,0,0,1.175,1.015,2.131993507547611,0.5079303888529121,-2.371018942346542,-7.370466241637047,-72.466116372986,116.69809386531279,1.15,1.015,610,1,2,0.38326864128796145,PLL96-board-fixed,23401,PAL,8,strategy_final,3,1000000.0,,False
2.59932173981471,68.0757997219362,True,107.24968632371393,290,5,0,2.025,2.025,3.2854669331390327,3.7654589213270175,1.45557176359728,-43.461953400214135,-77.4965232631574,142.57425369413875,1.9,1.3225,610,9,2,0.2198977604636221,exhaustive-balanced-23361,23401,PAL,8,strategy_final,3,1000000.0,,False
9.966971835055137,94.65675252276797,True,4.0025094102885825,0,0,1,0.48874999999999885,0.15,1.2190126345853387,2.389057274688853,2.0939128741163353,-4.226491333391544,-63.50348616981382,120.62137344659382,0.48874999999999885,0.15,610,0,2,0.4266071202449477,random-23361,23401,PAL,8,strategy_final,3,1000000.0,,False
10.065209376360816,93.90248196649003,True,3.0658720200752825,169,3,0,2.025,2.025,3.1893161537145653,3.8135565272905976,1.6473108238119318,-5.672961462459643,-69.64947865825856,127.7619890908054,1.775,1.6949999999999996,610,4,2,0.4352799465199994,guided-23361,23401,PAL,8,strategy_final,3,1000000.0,,False
8.993479294734337,94.74918347114874,True,7.253450439146801,376,4,0,2.025,2.025,3.505715723649414,3.0062399664455097,1.8355813385172346,-4.660935784812554,-68.44651255289601,125.82212230571452,1.90875,1.7862499999999994,610,8,2,0.4128462543311603,exhaustive-balanced-23362,23401,PAL,8,strategy_final,3,1000000.0,,False
9.091329508454903,90.66843673162779,True,5.644291091593476,534,6,0,2.025,2.025,3.4784451400166225,8.93215605869765,1.9495201491745902,-7.667910553571611,-72.50577210026569,132.6019087134613,1.84375,0.885,610,39,2,0.4291644577670133,random-23362,23401,PAL,8,strategy_final,3,1000000.0,,False
10.399114096609825,95.20869975528402,True,3.1210790464240903,0,0,2,0.3,0.09874999999999996,0.8153672611110917,2.5418901783306014,1.9899553587536358,-3.420566393800422,-58.611432867288784,121.31296151578482,0.3,0.09874999999999996,610,0,2,0.4542529933918086,guided-23362,23401,PAL,8,strategy_final,3,1000000.0,,False
15.903796516868907,97.59698365000752,True,0.3268506900878294,0,0,2,0.05,0.025,0.0210386061995483,0.11368012523065657,1.0740284713207968,-1.251048721694208,-56.35006416402374,124.1218467811116,0.05,0.025,610,0,2,0.7256802610853661,OVP56,23401,PAL,30,strategy_final,3,1000000.0,,True
16.122687438083055,97.5823447210155,True,0.33877038895859474,0,0,2,0.05,0.05,0.01750292715566152,0.25417266645618947,1.2385400738767032,-1.1469595610995078,-56.2593091118787,124.08702362556201,0.05,0.05,610,0,2,0.7347116675572934,VLP56,23401,PAL,30,strategy_final,3,1000000.0,,True
-6.705053935815738,-83.11154967106056,False,607.7954830614806,610,8,62,2.025,2.025,1000000.0,84.96060945264496,22.675698508356504,-156.30209213260437,-67.30313937542834,68.33165398379927,1000000.0,1000000.0,610,610,2,-0.3641005248918745,PLL96-rejected-board,23401,PAL,30,strategy_final,3,1000000.0,contrast;strong_detail;sync;h_jitter_us;v_jitter_us;h_width_rmse_us;sync_error_ire;black_error_ire;white_error_ire;fine_detail,False
8.888157713131132,99.24794736882227,True,6.32810539523212,610,8,0,2.025,2.025,1000000.0,13.875827329436813,-1.1043528756115213,-1.5583829941527658,-41.81843760940862,107.14228464325276,1000000.0,1000000.0,610,610,2,0.36991167420385224,PLL96-IQ-corrected,23401,PAL,30,strategy_final,3,1000000.0,strong_detail;sync;h_jitter_us;v_jitter_us;h_width_rmse_us;sync_error_ire;fine_detail,False
21.66690886907288,96.4470751472814,True,0.0,0,0,2,0.025,0.025,0.019364916731037084,1.593616123185965,1.7083803426045454,-1.0119178488501956,-45.78155907761045,112.21130624462305,0.025,0.025,610,0,2,0.9274326062813044,floating-PLL-IQ40,23401,PAL,30,strategy_final,3,1000000.0,,True
4.380119551941891,44.52530200621108,True,88.75721455457968,610,8,0,2.025,2.025,1000000.0,48.91976837755705,27.130684141534562,-25.566644560320906,1.8662534479383766,84.47744909871167,1000000.0,1000000.0,610,610,2,0.5756549992877634,HC50,23401,PAL,30,strategy_final,3,1000000.0,contrast;strong_detail;sync;h_jitter_us;v_jitter_us;h_width_rmse_us;sync_error_ire;black_error_ire;white_error_ire;fine_detail,False
11.854215973165127,97.01776452047555,True,3.5972396486825593,0,0,2,0.25,0.075,0.09150942798332894,5.695720264526268,-0.6537111195433306,-2.64396504282879,-57.345062849233955,111.47245049502993,0.25,0.075,610,0,2,0.4834600362099587,PLL96-board-fixed,23401,PAL,30,strategy_final,3,1000000.0,strong_detail;sync_error_ire;fine_detail,True
8.464892502177792,90.05273405443556,True,10.168130489335006,0,0,2,0.075,0.05,0.2837504964970019,-1.4352634365341412,1.0102085522855673,-18.57532045479788,-68.02731985624942,127.22678396025776,0.075,0.05,610,0,2,0.4646416339404288,exhaustive-balanced-23361,23401,PAL,30,strategy_final,3,1000000.0,strong_detail;h_width_rmse_us;white_error_ire;fine_detail,False
13.019383041229649,95.92445102515735,True,0.7559598494353826,0,0,2,0.075,0.05,0.041166395654071306,0.8673537986829403,2.0244505022361134,-2.5996874169730573,-47.05565429228794,108.29776858460693,0.075,0.05,610,0,2,0.570546749221806,random-23361,23401,PAL,30,strategy_final,3,1000000.0,strong_detail;fine_detail,True
15.455699752960781,97.22109495274526,True,0.526348808030113,0,0,2,0.05,0.05,0.02625926846520803,0.4402680727841989,0.8484555506417689,-3.171447203543356,-50.52508626495787,122.55899581361223,0.05,0.05,610,0,2,0.6964809194161127,guided-23361,23401,PAL,30,strategy_final,3,1000000.0,,True
12.085035219862093,96.38381551851266,True,0.45545796737766625,605,8,0,2.025,2.025,3.6600887967370412,2.2493737543372814,1.8470017216669306,-2.5080374117969564,-54.751227643688665,114.02650047181697,0.019999999999999997,1000000.0,610,297,2,0.5555235309003801,exhaustive-balanced-23362,23401,PAL,30,strategy_final,3,1000000.0,strong_detail;sync;h_jitter_us;v_jitter_us;h_width_rmse_us;fine_detail,False
14.771767584391942,97.86550412802839,True,0.2547051442910916,0,0,2,0.05,0.04124999999999999,0.031231551931749625,1.8400305500496175,-0.1997879043728969,-3.395337497720118,-52.86361786122524,125.17845259281307,0.05,0.04124999999999999,610,0,2,0.6953876673323826,random-23362,23401,PAL,30,strategy_final,3,1000000.0,strong_detail;fine_detail,True
14.980617125901574,97.16493245796184,True,0.43036386449184444,0,0,2,0.075,0.06624999999999999,0.044721359549995794,0.9267704846525301,1.4104819316345818,-1.6627071403685167,-45.4131792128034,106.67239697696346,0.075,0.06624999999999999,610,0,2,0.6778270118831387,guided-23362,23401,PAL,30,strategy_final,3,1000000.0,fine_detail,True
9.515470413368169,91.49358646969085,True,5.60561404353834,348,10,0,2.025,2.025,3.3834218644233873,7.463305853423612,1.9900719054524656,-6.64875117649298,-74.10803205345576,136.29377529824347,1.9,1.3875,506,12,2,0.4418687744011985,OVP56,23401,NTSC,8,strategy_final,3,1000000.0,,False
9.636743288806121,93.89195856326774,True,4.6836380495353245,237,6,0,2.025,2.025,3.2596974282009787,4.7518514424874745,1.2607227839779485,-5.237695656087162,-73.53897364880702,136.08872214068435,1.825,1.175,506,6,2,0.4485538647396639,VLP56,23401,NTSC,8,strategy_final,3,1000000.0,,False
-6.60116770876124,-83.0357252077164,False,601.5355227942572,506,12,47,2.025,2.025,1000000.0,85.39915971240872,22.82331652187652,-156.54241941253542,-72.19378716711043,126.53758149181748,1000000.0,1000000.0,506,506,2,-0.32006843750633174,PLL96-rejected-board,23401,NTSC,8,strategy_final,3,1000000.0,,False
9.401549811452732,94.12182158207513,True,6.339431671418293,413,9,0,2.025,2.025,3.5528233510042204,13.944358987444058,-0.918052668710227,-2.7077952780935943,-70.47952735254923,127.67956009260037,1.85,0.4375,506,45,2,0.3131423666188644,PLL96-IQ-corrected,23401,NTSC,8,strategy_final,3,1000000.0,,False
13.84135451080083,95.62949638995424,True,0.03236323897316711,5,0,0,1.0,0.85,2.0593153451132156,2.4231769040540296,1.7393202888814714,-1.8730330643234916,-65.31721119643232,127.06766656587361,0.975,0.85,506,1,2,0.655412704420965,floating-PLL-IQ40,23401,NTSC,8,strategy_final,3,1000000.0,,False
4.099651020924946,44.44494237558377,True,97.62182877889735,506,12,0,2.025,2.025,1000000.0,49.19593068531959,27.131245125518102,-25.893117551146535,-58.001320709002314,106.90180411684754,1000000.0,1000000.0,506,506,2,0.35108075690734286,HC50,23401,NTSC,8,strategy_final,3,1000000.0,,False
10.458127557531249,97.60019621628821,True,5.504761159296378,5,1,0,1.24375,1.5574999999999994,2.1726643342636334,0.5974339953925325,-2.3704877696684092,-7.496457391608232,-78.982542235339,114.68177453017783,1.125,0.75,506,1,2,0.3802187505158296,PLL96-board-fixed,23401,NTSC,8,strategy_final,3,1000000.0,,False
2.70932079758658,68.36504486291896,True,105.09246854744751,262,5,0,2.025,2.025,3.315217722123536,3.8899543601960427,1.4858335206026547,-43.81211481308123,-78.24067970805817,142.4581216400864,1.85,1.8399999999999999,506,7,2,0.23155255670509592,exhaustive-balanced-23361,23401,NTSC,8,strategy_final,3,1000000.0,,False
10.063971941178858,94.57531611743023,True,3.9957310629894,1,0,2,0.74375,0.16499999999999987,1.3189639273248372,2.37070107390172,2.083166866121431,-4.313283236912527,-60.26521681274197,124.50757529411463,0.725,0.16499999999999987,506,1,2,0.44002668936025957,random-23361,23401,NTSC,8,strategy_final,3,1000000.0,,False
10.12906995367839,93.84874392071733,True,3.094076172527674,179,3,0,2.025,2.025,3.214112313899571,3.798276591261175,1.6045021654661404,-5.773007726054281,-70.62689226860924,130.76262106619623,1.8174999999999997,1.095,506,7,2,0.44956199645985656,guided-23361,23401,NTSC,8,strategy_final,3,1000000.0,,False
9.067609357806326,94.63064899739294,True,7.036370259538124,308,9,0,2.025,2.025,3.5491609657221885,3.113177493713953,1.834521003699087,-4.749181587290175,-70.4686237512817,123.19713912120683,1.7612499999999982,1.19,506,9,2,0.4253195453529636,exhaustive-balanced-23362,23401,NTSC,8,strategy_final,3,1000000.0,,False
9.152056864747639,90.58432608097841,True,5.851725186427309,458,12,0,2.025,2.025,3.471363504926174,8.948259149920789,1.9691986147122293,-7.743399842563199,-72.55683593232236,133.52300877961932,1.7412500000000002,1000000.0,506,38,2,0.4448739678063611,random-23362,23401,NTSC,8,strategy_final,3,1000000.0,,False
10.499212268709826,95.14093289181092,True,3.047412897729154,0,0,2,0.31875,0.075,0.8723930673908527,2.496051819940396,1.9691035674965038,-3.524736403364317,-58.77695939540257,117.92944279590769,0.31875,0.075,506,0,2,0.469192886275013,guided-23362,23401,NTSC,8,strategy_final,3,1000000.0,,False
16.075014383913633,97.50872346159969,True,0.3386850590215163,0,0,2,0.05,0.036249999999999984,0.01994310088043664,0.16521457731653433,1.0771592157419745,-1.4115652118857733,-54.80056417208199,124.28649655991698,0.05,0.036249999999999984,506,0,2,0.7461571390102205,OVP56,23401,NTSC,30,strategy_final,3,1000000.0,,True
16.29742454095808,97.48692801572336,True,0.36126406295628405,0,0,2,0.05,0.036249999999999984,0.017677669529663688,0.30069114726456103,1.2407444529900897,-1.317167228625694,-53.44197183848581,123.88519458739871,0.05,0.036249999999999984,506,0,2,0.7547630532273862,VLP56,23401,NTSC,30,strategy_final,3,1000000.0,,True
-6.598063359567686,-82.7556796424482,False,605.3506218257684,506,12,52,2.025,2.025,1000000.0,84.91591770644072,22.567513715144866,-156.21536055718187,-67.93918112608594,66.85436181625231,1000000.0,1000000.0,506,506,2,-0.3505279908867698,PLL96-rejected-board,23401,NTSC,30,strategy_final,3,1000000.0,contrast;strong_detail;sync;h_jitter_us;v_jitter_us;h_width_rmse_us;sync_error_ire;black_error_ire;white_error_ire;fine_detail,False
8.886781516821294,98.7448946867129,True,6.432005587550841,506,12,0,2.025,2.025,1000000.0,13.826498231432419,-1.117354228864945,-1.7137219868679403,-41.75277472192741,106.96722036774169,1000000.0,1000000.0,506,506,2,0.35701943326263735,PLL96-IQ-corrected,23401,NTSC,30,strategy_final,3,1000000.0,strong_detail;sync;h_jitter_us;v_jitter_us;h_width_rmse_us;sync_error_ire;fine_detail,False
21.911396101294326,96.2953352911227,True,0.0,0,0,2,0.025,0.025,0.019662417754100305,1.6588769479602994,1.697964408447268,-1.169427958112322,-45.61899042385811,111.67708917760719,0.025,0.025,506,0,2,0.9365534053934128,floating-PLL-IQ40,23401,NTSC,30,strategy_final,3,1000000.0,,True
4.331072334238931,44.46137620000376,True,94.78139008390359,506,12,0,2.025,2.025,1000000.0,48.92250260363915,27.078966145695063,-25.67702850289509,3.291959939433738,84.33923968232959,1000000.0,1000000.0,506,506,2,0.5925394316327116,HC50,23401,NTSC,30,strategy_final,3,1000000.0,contrast;strong_detail;sync;h_jitter_us;v_jitter_us;h_width_rmse_us;sync_error_ire;black_error_ire;white_error_ire;fine_detail,False
11.854536865225448,96.78403524955881,True,3.670593406328744,0,0,2,0.25,0.075,0.10286772465017177,5.6987590036543825,-0.6417011748669282,-2.806251992281531,-57.47291790271123,111.29038788653536,0.25,0.075,506,0,2,0.4846398088266749,PLL96-board-fixed,23401,NTSC,30,strategy_final,3,1000000.0,strong_detail;sync_error_ire;fine_detail,True
8.591838025621815,90.27569021420278,True,10.399136578889536,0,0,2,0.075,0.05,0.28547036630712774,-1.3312886469287362,0.9792710266900685,-18.625003810018143,-67.7834164556439,127.0328381199915,0.075,0.05,506,0,2,0.4870821062533301,exhaustive-balanced-23361,23401,NTSC,30,strategy_final,3,1000000.0,strong_detail;h_width_rmse_us;white_error_ire;fine_detail,False
13.067774972767843,95.78005543299057,True,0.7925230381103482,0,0,2,0.075,0.08624999999999998,0.04034804117770118,0.9107320186146918,2.035117163432263,-2.764163213996248,-48.80370306902945,108.12103297335473,0.075,0.08624999999999998,506,0,2,0.5829510733217868,random-23361,23401,NTSC,30,strategy_final,3,1000000.0,strong_detail;fine_detail,True
15.555416459204576,97.09272248555143,True,0.5968383373423609,0,0,2,0.05,0.05,0.025850168767271958,0.5061906894680639,0.8644785942830931,-3.348759062235772,-50.95986166747713,122.71807673170808,0.05,0.05,506,0,2,0.7131136602389169,guided-23361,23401,NTSC,30,strategy_final,3,1000000.0,fine_detail,True
12.146275163763544,96.24863082512763,True,0.4711485487721538,504,12,0,2.025,2.025,3.7,2.3193925155475537,1.8382934104998514,-2.6758956030638386,-54.66466477376882,114.40384476924432,0.0,1000000.0,506,241,2,0.570565277130887,exhaustive-balanced-23362,23401,NTSC,30,strategy_final,3,1000000.0,strong_detail;sync;h_jitter_us;v_jitter_us;h_width_rmse_us;fine_detail,False
14.943865052071327,97.73460152129654,True,0.26718487989475176,0,0,2,0.05,0.05,0.030839697737198062,1.9003555361404707,-0.20030368923891925,-3.5613711658788656,-52.50546000441604,124.98446996573564,0.05,0.05,506,0,2,0.7152315478600664,random-23362,23401,NTSC,30,strategy_final,3,1000000.0,strong_detail;fine_detail,True
15.06453376068089,97.02086258922633,True,0.4560958794823086,0,0,2,0.075,0.075,0.043215609828004556,0.9736228641431117,1.4256499854569793,-1.8493766133456435,-45.935602407005405,106.48044297967935,0.075,0.075,506,0,2,0.6935976120125753,guided-23362,23401,NTSC,30,strategy_final,3,1000000.0,strong_detail;fine_detail,True
3.6181461080216692,70.3645212535046,True,99.45796737766625,607,8,0,2.025,2.025,3.658580097979725,30.489922273685615,4.335001602899275,-15.741504649032258,-85.10177829578937,141.28203434169504,0.975,1000000.0,610,187,2,0.2131754743713944,OVP56,23402,PAL,8,strategy_channel,3,1000000.0,,False
2.948225669708618,74.66833166795331,True,98.3456712672522,594,6,0,2.025,2.025,3.4692285705902974,22.52347517391228,2.3915742557549104,-14.70243572262825,-92.66154042613371,152.25267703082935,1.4625,0.40499999999999997,610,140,2,0.19757358283945592,VLP56,23402,PAL,8,strategy_channel,3,1000000.0,,False
-6.68827898519937,-79.88121805450133,False,608.4830614805521,610,8,22,2.025,2.025,1000000.0,88.95117041745056,20.922305340890983,-155.0233590077214,-77.23076528720142,135.7908029555738,1000000.0,1000000.0,610,610,2,-0.18716375326284262,PLL96-rejected-board,23402,PAL,8,strategy_channel,3,1000000.0,,False
5.540906698496687,87.36972026770277,True,44.94730238393978,367,4,0,2.025,2.025,3.325679097704009,12.797709301595347,-0.531416819092797,-6.871143691016268,-75.75061179399493,135.97470448205783,1.9224999999999994,1.5274999999999994,610,11,2,0.18321663806779803,PLL96-IQ-corrected,23402,PAL,8,strategy_channel,3,1000000.0,,False
9.463992841287025,92.98884265983975,True,10.418444165621079,238,2,0,2.025,2.025,3.101657443666122,3.8758859474345817,1.2585733222919806,-5.242667216157011,-75.19757645381164,134.60362395988074,1.75,1.63125,610,6,2,0.4131894102405476,floating-PLL-IQ40,23402,PAL,8,strategy_channel,3,1000000.0,,False
2.2912987501312547,36.72747069805767,True,138.66185696361356,610,8,0,2.025,2.025,1000000.0,50.964346240760335,26.341605709530082,-32.169185593894035,-85.09153901425327,128.8728058854724,1000000.0,1000000.0,610,610,2,0.11927729259007187,HC50,23402,PAL,8,strategy_channel,3,1000000.0,,False
3.4623392345388826,81.02636660275142,True,74.28481806775409,289,3,0,2.025,2.025,2.9691324765916733,13.59429202239034,-1.8435859835207014,-15.697102425629243,-82.43063879048992,127.8551169465853,1.75,1.64,610,6,2,0.15994615474705226,PLL96-board-fixed,23402,PAL,8,strategy_channel,3,1000000.0,,False
-1.23483934720199,38.6823168470301,True,271.7961104140527,541,8,0,2.025,2.025,3.4350244709378748,10.426878944626162,0.2973564893212173,-61.008001497737524,-86.00659171282447,144.6170205159825,1.925,1000000.0,610,36,2,0.10022329573716787,exhaustive-balanced-23361,23402,PAL,8,strategy_channel,3,1000000.0,,False
3.8299807847486242,77.49190281234134,True,70.26913425345043,324,5,0,2.025,2.025,2.8405110560320934,24.027071309015028,2.131556400733212,-13.547246493624225,-76.07404259646248,129.93748074387165,1.75,0.0475,610,6,2,0.2161225230548452,random-23361,23402,PAL,8,strategy_channel,3,1000000.0,,False
4.192294986361323,77.74809626884502,True,70.84002509410288,553,8,0,2.025,2.025,3.3955756817550564,22.173329848639792,2.241734224164817,-13.026214734301021,-82.08412395241145,137.09447889742506,1.8299999999999996,1000000.0,610,41,2,0.22385216775090716,guided-23361,23402,PAL,8,strategy_channel,3,1000000.0,,False
3.686292104527244,77.22443115299652,True,81.83437892095358,549,7,0,2.025,2.025,3.4886555022120995,23.74659370108965,1.7139979144062463,-15.22659355630072,-76.71947640903986,131.5502862187575,1.775,1.25,610,27,2,0.21786005477617537,exhaustive-balanced-23362,23402,PAL,8,strategy_channel,3,1000000.0,,False
3.5011627572040256,73.44553506397438,True,90.57089084065245,606,8,0,2.025,2.025,3.5532115754624014,27.05814091709903,3.648629537436978,-14.624177611800446,-87.86563275677722,146.39659661676146,1.6562499999999996,1000000.0,610,210,2,0.22332153104469865,random-23362,23402,PAL,8,strategy_channel,3,1000000.0,,False
3.939502406320848,78.16690716592959,True,70.57214554579674,311,5,0,2.025,2.025,2.683134725749294,22.286454089754518,1.692975096018606,-13.1283585733832,-72.82469579123067,130.95118809790506,1.75,0.4774999999999999,610,4,2,0.2235053232055989,guided-23362,23402,PAL,8,strategy_channel,3,1000000.0,,False
12.04491522345734,93.45740433977414,True,2.2358845671267256,239,2,1,2.025,2.025,1.9103425589988756,6.425135222469809,1.1526221936126984,-3.3685128272167852,-72.20797386889267,124.4014952286656,1.2,0.04375,610,3,2,0.5577400505581492,OVP56,23402,PAL,30,strategy_channel,3,1000000.0,,False
12.497213570161264,95.47707922225362,True,2.129861982434128,102,1,2,2.025,1.7712499999999995,2.0692870315395195,2.745085059594618,1.0326087415955023,-2.89893566763368,-72.30030162459545,126.23598455656577,1.1824999999999988,0.9249999999999992,610,2,2,0.5680615903651176,VLP56,23402,PAL,30,strategy_channel,3,1000000.0,h_width_rmse_us,False
-6.7110990428255395,-82.20270333181764,False,614.361982434128,610,8,64,2.025,2.025,1000000.0,84.6613419310954,21.47662142644855,-156.0039248828505,-69.4193487505254,85.92563028359655,1000000.0,1000000.0,610,610,2,-0.3468337357982493,PLL96-rejected-board,23402,PAL,30,strategy_channel,3,1000000.0,polarity;strong_sinad;h_missing;v_missing;vertical_trains;h_width_rmse_us;sync_error_ire;black_error_ire;white_error_ire;fine_detail,False
9.519571919424056,94.67541088145117,True,5.9611041405269765,262,4,0,2.025,2.025,3.4749498673304293,13.321120918907814,-0.8444178109952957,-2.9215063534631383,-56.941046453681395,118.76890633946644,0.15,1.2899999999999996,610,7,2,0.3461715910269048,PLL96-IQ-corrected,23402,PAL,30,strategy_channel,3,1000000.0,strong_sinad;h_missing;v_missing;vertical_trains;h_width_rmse_us;sync_error_ire;fine_detail,False
17.107278502979636,95.33018120951847,True,0.9360100376411543,0,0,2,0.05,0.04124999999999999,0.04029857826072857,1.269827641179618,1.494332330215245,-2.7882329937826573,-66.51628946537859,126.54964814796097,0.05,0.04124999999999999,610,0,2,0.7926096176479365,floating-PLL-IQ40,23402,PAL,30,strategy_channel,3,1000000.0,,True
4.385401095384041,44.477705816876885,True,87.78544542032623,610,8,0,2.025,2.025,1000000.0,48.42405354909947,26.6860311784952,-26.380507683083785,-26.05277277548049,101.15944177723674,1000000.0,1000000.0,610,610,2,0.44957170588433,HC50,23402,PAL,30,strategy_channel,3,1000000.0,strong_sinad;h_missing;v_missing;vertical_trains;h_width_rmse_us;sync_error_ire;black_error_ire;white_error_ire;fine_detail,False
11.386116194908576,97.12313037164903,True,4.0595984943538275,0,0,2,0.075,0.075,0.1367322080612738,1.3611333508355465,-0.5593219555722286,-4.2186511505085305,-65.54396263294643,111.08305808204389,0.075,0.075,610,0,2,0.4439116209483098,PLL96-board-fixed,23402,PAL,30,strategy_channel,3,1000000.0,strong_sinad;fine_detail,True
2.856704277830155,74.90152453602505,True,92.6969887076537,129,3,2,2.025,2.025,2.4204556945399287,0.47381830209291365,-0.9177657231501941,-16.836054050465805,-71.78414500884864,138.09423323715367,1.025,0.7499999999999998,610,2,2,0.27701633831559846,exhaustive-balanced-23361,23402,PAL,30,strategy_channel,3,1000000.0,strong_sinad;v_missing;h_width_rmse_us;white_error_ire;fine_detail,False
12.428646958188232,95.16250943894343,True,1.2176913425345044,0,0,2,0.075,0.09124999999999998,0.18988510330991315,1.040245725753268,1.9454257200443623,-3.742155080102036,-57.68352249425662,112.9517854097893,0.075,0.09124999999999998,610,0,2,0.5404281931380227,random-23361,23402,PAL,30,strategy_channel,3,1000000.0,,True
12.968483590772122,95.54172368758206,True,1.461104140526976,3,0,2,0.525,0.06624999999999999,1.1957528836736455,1.0338691765283412,0.4238040541220377,-4.888584379714332,-66.1402886086505,127.69875657581326,0.4274999999999949,0.06624999999999999,610,1,2,0.5797848549805805,guided-23361,23402,PAL,30,strategy_channel,3,1000000.0,,False
11.594172384001986,95.1391666565678,True,1.265370138017566,159,3,0,2.025,2.025,2.8662157328949363,1.461502458257203,1.5850546221782826,-4.300747792773858,-66.13836774008041,120.52982527175945,1.2875,0.09,610,3,2,0.5268976784766054,exhaustive-balanced-23362,23402,PAL,30,strategy_channel,3,1000000.0,strong_sinad;v_missing;vertical_trains;h_width_rmse_us;fine_detail,False
12.563366133414844,94.54094388673347,True,1.2271016311166876,192,1,0,2.025,1.5962499999999993,2.246572016508452,5.405002130435481,0.11093069922196143,-4.9482247968134345,-66.69657311013952,127.87838525006521,1.3787499999999995,0.6499999999999997,610,3,2,0.5981246205223387,random-23362,23402,PAL,30,strategy_channel,3,1000000.0,vertical_trains;h_width_rmse_us,False
13.396273307677692,95.81981987418776,True,1.0652446675031366,0,0,2,0.075,0.09124999999999998,0.03677579389208944,1.0921770561333581,1.3900120950520432,-3.0100190722345936,-55.78666199720766,115.42256749571709,0.075,0.09124999999999998,610,0,2,0.6001761454731942,guided-23362,23402,PAL,30,strategy_channel,3,1000000.0,,True
3.6104190328872905,71.14164968057642,True,101.38650136828764,502,12,0,2.025,2.025,3.625258611464843,29.518491143816906,3.7026911024887994,-15.460124559034414,-85.83863692865565,142.85815116929476,1.5574999999999997,1000000.0,506,165,2,0.22669651679084685,OVP56,23402,NTSC,8,strategy_channel,3,1000000.0,,False
2.9362244660153896,75.61031027955875,True,100.49237281247083,487,12,0,2.025,2.025,3.4890382855300883,21.310630849617223,1.7232868638046326,-14.405837367361999,-94.60605241747547,153.58501833238913,1.6824999999999992,1000000.0,506,63,2,0.21052887245604082,VLP56,23402,NTSC,8,strategy_channel,3,1000000.0,,False
-6.681122178732748,-80.9548494002327,False,609.3508686895447,506,12,23,2.025,2.025,1000000.0,89.03665626290378,20.489873731458445,-156.4172822704829,-77.85551507354768,136.19960652536665,1000000.0,1000000.0,506,506,2,-0.18904353223367418,PLL96-rejected-board,23402,NTSC,8,strategy_channel,3,1000000.0,,False
5.630763559012277,88.88078402810191,True,45.49067186084108,253,7,0,2.025,2.025,3.3416852302192694,10.393009321826085,-1.3109683972716528,-6.230774848953245,-77.57228997546696,136.5292773225245,1.7,1.5699999999999998,506,10,2,0.18389362317317484,PLL96-IQ-corrected,23402,NTSC,8,strategy_channel,3,1000000.0,,False
9.243886925970056,93.79899102744446,True,11.460349763823618,161,4,0,2.025,2.025,3.0110728623878726,2.4846777057751077,0.45846345481723494,-5.137240872240421,-77.17725601220144,133.19572301969396,1.8,1.9412500000000001,506,3,2,0.42392052115263346,floating-PLL-IQ40,23402,NTSC,8,strategy_channel,3,1000000.0,,False
2.2962313955867715,37.08112811217531,True,142.14762453825938,506,12,0,2.025,2.025,1000000.0,50.295541462759815,25.907230654109,-32.133714976515805,-85.26454288107752,125.84838749548206,1000000.0,1000000.0,506,506,2,0.12623617273860469,HC50,23402,NTSC,8,strategy_channel,3,1000000.0,,False
3.395138356273659,81.86662800577544,True,76.80172925064801,243,4,0,2.025,2.025,2.860089039800921,12.489843080375486,-2.6849564798353875,-15.730930758591855,-84.68718038756353,128.70173187260227,1.8,1.74875,506,6,2,0.15921891973532837,PLL96-board-fixed,23402,NTSC,8,strategy_channel,3,1000000.0,,False
-1.229476075229574,39.467501916588816,True,272.65878308200394,442,10,0,2.025,2.025,3.447754590853299,9.34660008462271,-0.4710531125954193,-61.64184375799838,-84.52779449068254,144.24871417942742,1.8712499999999999,1.2762499999999999,506,34,2,0.11253721832350383,exhaustive-balanced-23361,23402,NTSC,8,strategy_channel,3,1000000.0,,False
3.7355903332282443,77.9649118233473,True,73.67830037300514,264,8,0,2.025,2.025,2.828341291783917,23.117935788074522,1.5334514544496156,-13.776645915919474,-75.3217578995126,129.29373642890488,1.6487499999999997,0.9287499999999996,506,4,2,0.22072347025566805,random-23361,23402,NTSC,8,strategy_channel,3,1000000.0,,False
4.137111194476809,78.4585010711095,True,73.12135160928088,439,10,0,2.025,2.025,3.420534456799003,21.205265770283113,1.580087126208783,-12.859966060669315,-82.52828135758226,135.8105228016053,1.9099999999999997,1.98625,506,24,2,0.23522280005380672,guided-23361,23402,NTSC,8,strategy_channel,3,1000000.0,,False
3.630959747939203,77.87535327162747,True,85.0965026628172,433,9,0,2.025,2.025,3.4397156620302844,22.428553260184582,1.0225896003125303,-15.320126071004003,-76.12793144535158,130.83653602490688,1.875,1.8800000000000001,506,25,2,0.22441078189657818,exhaustive-balanced-23362,23402,NTSC,8,strategy_channel,3,1000000.0,,False
3.4694266117644625,74.21168637708611,True,92.9126011915693,502,12,0,2.025,2.025,3.6200612909176,26.08476800761865,2.985056590432893,-14.39014890635057,-93.43934766086906,145.0952173325085,1.6962499999999998,1000000.0,506,134,2,0.23322540452309526,random-23362,23402,NTSC,8,strategy_channel,3,1000000.0,,False
3.869960893766849,78.79852894673512,True,73.20865709116198,242,6,0,2.025,2.025,2.6960439417053386,21.15273055094648,1.0667980196226698,-13.193884497322475,-73.73127327282958,132.73856229363045,1.7,1.41875,506,4,2,0.23001051546145188,guided-23362,23402,NTSC,8,strategy_channel,3,1000000.0,,False
12.061078180057304,94.22605365908775,True,2.446811393064332,198,5,2,2.025,2.025,1.7979673768763682,5.617902085813336,0.5867832759891155,-3.0967045667609425,-71.58084540967138,124.7767575133062,1.4824999999999988,0.05,506,3,2,0.574211268266438,OVP56,23402,NTSC,30,strategy_channel,3,1000000.0,,False
12.499134689840186,96.32561770599595,True,2.3346690068549854,96,2,2,2.025,2.025,1.9065600007829193,1.8546988311637045,0.4740580785092924,-2.616572023618241,-72.04836431991322,129.8328750049168,1.3874999999999886,1.2299999999999993,506,3,2,0.5829363118017812,VLP56,23402,NTSC,30,strategy_channel,3,1000000.0,h_width_rmse_us,False
-6.675084808723013,-82.61892536098787,False,616.1298383042265,506,12,55,2.025,2.025,1000000.0,84.28089231611601,21.09866587605257,-157.06491715807707,-71.40450660130271,87.54766036981911,1000000.0,1000000.0,506,506,2,-0.3374037403010957,PLL96-rejected-board,23402,NTSC,30,strategy_channel,3,1000000.0,polarity;strong_sinad;h_missing;v_missing;vertical_trains;h_width_rmse_us;sync_error_ire;black_error_ire;white_error_ire;fine_detail,False
9.438118951085718,94.94957788606457,True,6.193420779306794,163,3,0,2.025,2.025,3.3257101545489456,12.52221261728443,-1.395604708860469,-2.6675638688514196,-62.81102326399551,118.82874888388511,0.8424999999999983,0.12999999999999998,506,5,2,0.3347057729229254,PLL96-IQ-corrected,23402,NTSC,30,strategy_channel,3,1000000.0,strong_sinad;vertical_trains;h_width_rmse_us;sync_error_ire;fine_detail,False
17.078481168165368,96.1111278566015,True,0.9385339302218463,0,0,2,0.05,0.025,0.03696088093332718,0.3379342860941962,0.9236947529141105,-2.535605256438562,-66.30149405116636,127.14005800681241,0.05,0.025,506,0,2,0.7939976414323486,floating-PLL-IQ40,23402,NTSC,30,strategy_channel,3,1000000.0,,True
4.4128396560236,44.86595442194696,True,92.96227500022579,506,12,0,2.025,2.025,1000000.0,47.932904936044224,26.33674101524241,-26.32384148205098,-18.19719776513633,101.41179904488013,1000000.0,1000000.0,506,506,2,0.45900903722833614,HC50,23402,NTSC,30,strategy_channel,3,1000000.0,strong_sinad;h_missing;v_missing;vertical_trains;h_width_rmse_us;sync_error_ire;black_error_ire;white_error_ire;fine_detail,False
11.312023990721007,97.84560235943476,True,4.057447007077765,0,0,2,0.075,0.075,0.17220021782728048,0.38316574037396406,-1.1339819237127782,-3.95835108617854,-66.83686836450448,111.45765697524214,0.075,0.075,506,0,2,0.44516138801406435,PLL96-board-fixed,23402,NTSC,30,strategy_channel,3,1000000.0,strong_sinad;fine_detail,True
2.832025625216898,75.47846288085309,True,94.43216815637918,48,0,2,2.025,1.58375,2.2718216437004966,-0.418225805358928,-1.4674614479247798,-16.457097757985817,-72.09697158208748,138.20880953206347,1.2324999999999988,1.5837499999999998,506,1,2,0.2921619022241691,exhaustive-balanced-23361,23402,NTSC,30,strategy_channel,3,1000000.0,strong_sinad;h_width_rmse_us;white_error_ire;fine_detail,False
12.409584821915733,95.99194430222971,True,1.3299033317578206,0,0,2,0.075,0.05,0.1566501792406459,0.08604315026052017,1.3847879725079737,-3.4797846201081293,-58.69382433703472,113.4023343866036,0.075,0.05,506,0,2,0.5464082144176337,random-23361,23402,NTSC,30,strategy_channel,3,1000000.0,,True
12.981609106619636,96.42838707593378,True,1.5587039049634672,1,0,2,0.075,0.3762499999999995,0.8021228023806641,0.12872569746770265,-0.13701274674266178,-4.634276048074292,-69.9232887707222,123.24866157508993,0.075,0.3762499999999995,506,1,2,0.5944713018740797,guided-23361,23402,NTSC,30,strategy_channel,3,1000000.0,,False
11.547707054102618,95.9661911400316,True,1.4254877817483376,125,4,0,2.025,2.025,2.840171037509838,0.5334299148425148,1.0195306245769573,-4.0440132408409415,-61.551822727002566,122.69836680501854,1.5,0.7499999999999998,506,3,2,0.5323916834701732,exhaustive-balanced-23362,23402,NTSC,30,strategy_channel,3,1000000.0,strong_sinad;vertical_trains;h_width_rmse_us;fine_detail,False
12.577963163084574,95.33470109620055,True,1.3178611963259446,151,3,1,2.025,2.025,2.195033606852357,4.515670024638061,-0.43738046081300885,-4.684320705272726,-68.57705052114855,126.8383764179309,1.55,1.1449999999999998,506,4,2,0.6108392415515586,random-23362,23402,NTSC,30,strategy_channel,3,1000000.0,vertical_trains;h_width_rmse_us,False
13.406608643735215,96.68835581103474,True,1.1583029018535858,0,0,2,0.075,0.05,0.03692744729379982,0.11633458530331188,0.8151441934981859,-2.726698625585325,-57.19806730329129,113.66778554032317,0.075,0.05,506,0,2,0.6102978865879866,guided-23362,23402,NTSC,30,strategy_channel,3,1000000.0,,True
15.7680015454732,97.10491713281621,True,0.3707653701380176,0,0,2,0.05,0.025,0.018855577076431415,0.6631453161047912,1.0430873183921665,-1.6667066407988398,-53.20875719194383,123.34978545259655,0.05,0.025,610,0,2,0.7171959365090633,OVP56,23403,PAL,30,strategy_offset,3,500000.0,,True
15.989401182426526,96.96651579012129,True,0.32936010037641156,0,0,2,0.05,0.04124999999999999,0.016477754502438217,0.7598115005065109,1.562898907003305,-1.4402564032183194,-51.435664802924464,120.05745870088673,0.05,0.04124999999999999,610,0,2,0.7264802038048674,VLP56,23403,PAL,30,strategy_offset,3,500000.0,,True
-6.364733148701039,-96.65316589815066,False,657.5069008782935,610,8,36,2.025,2.025,1000000.0,136.177232473553,39.212750792823726,-142.16324058696478,-56.59103408962678,108.42423685243558,1000000.0,1000000.0,610,610,2,-0.3781856330056542,PLL96-rejected-board,23403,PAL,30,strategy_offset,3,500000.0,contrast;strong_detail;sync;h_jitter_us;v_jitter_us;h_width_rmse_us;sync_error_ire;black_error_ire;white_error_ire;fine_detail,False
9.461004490297114,102.99716895679364,True,5.910915934755332,0,0,2,0.3,0.3,0.10281887624106485,2.25696197130897,2.2458114512663174,5.405675233022826,-52.73671235869573,114.03798903725219,0.3,0.3,610,0,2,0.37604009779441544,PLL96-IQ-corrected,23403,PAL,30,strategy_offset,3,500000.0,strong_detail;v_jitter_us;white_error_ire;fine_detail,True
21.514263114346473,95.8366533284912,True,0.0,0,0,2,0.025,0.025,0.018471289196755163,2.2276390246413937,2.2830132453944016,-0.7001903022141656,-44.757834154214514,112.9471264822533,0.025,0.025,610,0,2,0.9308999939798339,floating-PLL-IQ40,23403,PAL,30,strategy_offset,3,500000.0,,True
3.544787245517514,44.22073488820607,True,95.34755332496864,610,8,0,2.025,2.025,1000000.0,54.65722216023717,32.47424058879182,-20.994236075452385,10.053665558260263,90.17539253518989,1000000.0,1000000.0,610,610,2,0.5556440688667672,HC50,23403,PAL,30,strategy_offset,3,500000.0,contrast;strong_detail;sync;h_jitter_us;v_jitter_us;h_width_rmse_us;sync_error_ire;black_error_ire;white_error_ire;fine_detail,False
12.348541847019565,102.1821023953915,True,3.9698870765370136,0,0,2,0.075,0.06624999999999999,0.06701327248034221,-2.5737619118778743,-2.044441884674046,0.7719636320738092,-49.24404635873053,114.82992318561277,0.075,0.06624999999999999,610,0,2,0.523227795185548,PLL96-board-fixed,23403,PAL,30,strategy_offset,3,500000.0,strong_detail;fine_detail,True
10.174389816496078,96.54072898337277,True,3.245922208281054,0,0,2,0.075,0.04124999999999999,0.8119149848493687,1.3592630271649582,-0.7361389716995164,-8.114591737257895,-57.109709075929935,129.54688467403645,0.075,0.04124999999999999,610,0,2,0.5257513819799345,exhaustive-balanced-23361,23403,PAL,30,strategy_offset,3,500000.0,strong_detail;h_width_rmse_us;white_error_ire;fine_detail,False
13.680721896789096,94.85656322349745,True,0.3726474278544542,0,0,2,0.1,0.05,0.0643456980105043,2.0767522789831743,3.0549190480528456,-3.6246331208372515,-44.784209464452275,117.89394629954238,0.1,0.05,610,0,2,0.6042744692260107,random-23361,23403,PAL,30,strategy_offset,3,500000.0,strong_detail;fine_detail,True
15.632118589384156,96.51076280531827,True,0.6235884567126726,0,0,2,0.05,0.05,0.02203759827442451,2.701814425906362,1.3397297261510825,-2.236465276776846,-51.528616039960454,122.05915491428614,0.05,0.05,610,0,2,0.7011113624210993,guided-23361,23403,PAL,30,strategy_offset,3,500000.0,,True
12.703519648225246,96.16598625391073,True,0.34190715181932246,0,0,2,0.1,0.08249999999999998,0.034251361107332914,2.449072697616999,2.5208378710801216,-1.545839871444384,-47.62804525870394,126.12252178525411,0.1,0.08249999999999998,610,0,2,0.582668623601535,exhaustive-balanced-23362,23403,PAL,30,strategy_offset,3,500000.0,strong_detail;fine_detail,True
14.794591934862673,96.64328652058649,True,0.08531994981179422,0,0,2,0.05,0.04124999999999999,0.02679995718127238,4.430489738349371,1.8469128981894816,-1.6515016912079972,-52.8563794291793,124.69320637089358,0.05,0.04124999999999999,610,0,2,0.6960698561721163,random-23362,23403,PAL,30,strategy_offset,3,500000.0,,True
14.865130094646803,96.23962499515966,True,0.16499372647427854,0,0,2,0.075,0.075,0.06759177125200674,1.970063254012055,2.0253933905168875,-2.2463061553980723,-44.404080320493975,115.19063332993692,0.075,0.075,610,0,2,0.6724050752101653,guided-23362,23403,PAL,30,strategy_offset,3,500000.0,fine_detail,True
15.897137580522426,97.12706424286637,True,0.36502723027874534,0,0,2,0.05,0.05,0.0196938023195718,0.5695292505102612,0.9887541890093956,-1.8158024080401298,-52.94527442411718,123.08971714147505,0.05,0.05,506,0,2,0.7372709141717252,OVP56,23403,NTSC,30,strategy_offset,3,500000.0,,True
16.135337522277634,96.98117183744138,True,0.3416955928794853,0,0,2,0.05,0.05,0.017466795149835707,0.7139963439697067,1.5071605171166076,-1.5873343133524287,-51.31698564047852,120.7918343814505,0.05,0.05,506,0,2,0.7465356747648256,VLP56,23403,NTSC,30,strategy_offset,3,500000.0,,True
-6.310637158589442,-96.51663993768545,False,657.6940213808115,506,12,32,2.025,2.025,1000000.0,136.1328245861231,39.06624715124974,-142.14764479366625,-56.6093097431629,108.26906679576949,1000000.0,1000000.0,506,506,2,-0.3478949664458139,PLL96-rejected-board,23403,NTSC,30,strategy_offset,3,500000.0,contrast;strong_detail;sync;h_jitter_us;v_jitter_us;h_width_rmse_us;sync_error_ire;black_error_ire;white_error_ire;fine_detail,False
9.410897936403154,102.30027739208083,True,6.1286943013604605,0,0,2,0.3,0.26249999999999984,0.09809197506994408,2.1829026515531544,2.1857159257274312,5.231524518245869,-52.69869267439872,113.83650640719573,0.3,0.26249999999999984,506,0,2,0.3440787803699589,PLL96-IQ-corrected,23403,NTSC,30,strategy_offset,3,500000.0,strong_detail;v_jitter_us;white_error_ire;fine_detail,True
21.831339449440712,95.785512853595,True,0.0,0,0,2,0.025,0.025,0.0178514954367432,2.1996720134486427,2.2099349633114365,-0.8508938906884665,-45.948127996053216,112.02177890388883,0.025,0.025,506,0,2,0.940668835997783,floating-PLL-IQ40,23403,NTSC,30,strategy_offset,3,500000.0,,True
3.4949071569711037,44.197140415750496,True,101.41660670686734,506,12,0,2.025,2.025,1000000.0,54.59952558684699,32.376197954851975,-21.11100666025519,9.945442083275154,90.03926562225585,1000000.0,1000000.0,506,506,2,0.5736415195494624,HC50,23403,NTSC,30,strategy_offset,3,500000.0,contrast;strong_detail;sync;h_jitter_us;v_jitter_us;h_width_rmse_us;sync_error_ire;black_error_ire;white_error_ire;fine_detail,False
12.335072582004878,101.99926847618872,True,3.9949784295249073,0,0,2,0.075,0.061249999999999985,0.06817605377477047,-2.644152744563061,-2.0910555440489556,0.6047103037906325,-49.268368149786546,114.65746388140282,0.075,0.061249999999999985,506,0,2,0.5265654386644683,PLL96-board-fixed,23403,NTSC,30,strategy_offset,3,500000.0,strong_detail;fine_detail,True
10.290589419360604,96.67333106403011,True,2.961612682777037,0,0,2,0.075,0.5399999999999996,0.8922917323236401,1.2621063865931599,-0.7770798275458528,-8.046123263595259,-57.825028420347365,132.74581973444714,0.075,0.5399999999999995,506,0,2,0.5463487126828652,exhaustive-balanced-23361,23403,NTSC,30,strategy_offset,3,500000.0,strong_detail;v_jitter_us;h_width_rmse_us;white_error_ire;fine_detail,False
13.74753217080275,94.8373848378923,True,0.37706936571062144,0,0,2,0.1,0.08624999999999998,0.06319280053554907,2.01949830659901,2.9987370565319593,-3.765135877058113,-45.289125021217096,117.90237716099223,0.1,0.08624999999999998,506,0,2,0.6206048652828409,random-23361,23403,NTSC,30,strategy_offset,3,500000.0,strong_detail;fine_detail,True
15.733666447826419,96.4657569702903,True,0.6389858113539274,0,0,2,0.05,0.05,0.02169338071390485,2.6595751834616155,1.2869230388762536,-2.3809792319780834,-50.46741656648565,121.92686682424524,0.05,0.05,506,0,2,0.7195314258631198,guided-23361,23403,NTSC,30,strategy_offset,3,500000.0,,True
12.805580166916215,96.1147574825508,True,0.31836395548022534,0,0,2,0.1,0.11124999999999999,0.033728308795865365,2.3843903015833123,2.449964670356958,-1.6982995368373446,-47.445674338244714,126.49760781945561,0.1,0.11124999999999999,506,0,2,0.599716134138158,exhaustive-balanced-23362,23403,NTSC,30,strategy_offset,3,500000.0,strong_detail;fine_detail,True
14.938991689801624,96.5588627289262,True,0.09031601573907101,0,0,2,0.05,0.05,0.027245951942136314,4.396600093081481,1.800395464638599,-1.8071101270300252,-53.15368935076414,123.52782047990827,0.05,0.05,506,0,2,0.7152383263974652,random-23362,23403,NTSC,30,strategy_offset,3,500000.0,,True
14.972633794716527,96.2048481489377,True,0.19041626651654137,0,0,2,0.075,0.075,0.06754810904513259,1.8991772181301438,1.9638508742784597,-2.4026435797100083,-44.44650896087138,114.85438189965616,0.075,0.075,506,0,2,0.6907381982047928,guided-23362,23403,NTSC,30,strategy_offset,3,500000.0,fine_detail,True
16.629763207080227,97.93143860235986,True,0.32496863237139273,0,0,2,0.05,0.04124999999999999,0.021160007127582547,-0.23463824470203937,1.3358617464326212,-1.3213072366984064,-58.178258836440364,119.72400470620047,0.05,0.04124999999999999,610,0,2,0.7556988538144345,OVP56,23404,PAL,30,strategy_occupancy,5,1000000.0,,True
17.135066469274864,98.4965083293015,True,0.3117942283563363,0,0,2,0.025,0.04124999999999999,0.013041547730737896,-0.6831192040281103,1.1560815383714151,-0.8231353586295345,-53.83190790366134,117.6324610845846,0.025,0.04124999999999999,610,0,2,0.777139700960569,VLP56,23404,PAL,30,strategy_occupancy,5,1000000.0,,True
-6.7767314553582985,-82.93489151696573,False,616.740903387704,610,8,61,2.025,2.025,1000000.0,81.94434506091446,22.005428864097176,-157.65295939152213,-69.228746654121,68.36092712959132,1000000.0,1000000.0,610,610,2,-0.36951524233311306,PLL96-rejected-board,23404,PAL,30,strategy_occupancy,5,1000000.0,contrast;strong_detail;sync;h_jitter_us;v_jitter_us;h_width_rmse_us;sync_error_ire;black_error_ire;white_error_ire;fine_detail,False
8.914585195555905,98.88284217709561,True,6.443538268506901,245,2,0,2.025,2.025,3.3961874272625017,15.679631923749428,-1.6401993480932626,-1.2053467168848644,-43.010667705230794,107.59890938111411,1.8,1.0,610,8,2,0.3746548236273187,PLL96-IQ-corrected,23404,PAL,30,strategy_occupancy,5,1000000.0,strong_detail;sync;h_jitter_us;v_jitter_us;h_width_rmse_us;sync_error_ire;fine_detail,False
23.523183909864844,97.59636599077301,True,0.0,0,0,2,0.025,0.025,0.00927715332257109,0.3458927520318053,1.004313952833116,-0.5841765240657217,-46.4270722945817,111.63879746653024,0.025,0.025,610,0,2,0.9530256884258335,floating-PLL-IQ40,23404,PAL,30,strategy_occupancy,5,1000000.0,,True
4.51539794747537,44.75748525013602,True,88.47741530740277,610,8,0,2.025,2.025,1000000.0,48.30222881314631,26.536754826292974,-26.35882049603315,3.183743881096376,83.05522355588826,1000000.0,1000000.0,610,610,2,0.6249687239585051,HC50,23404,PAL,30,strategy_occupancy,5,1000000.0,contrast;strong_detail;sync;h_jitter_us;v_jitter_us;h_width_rmse_us;sync_error_ire;black_error_ire;white_error_ire;fine_detail,False
11.887871844166785,98.64308441638913,True,3.696988707653701,0,0,2,0.075,0.075,0.050681826535589725,3.656741544708624,-1.383694263580203,-2.2931198625922797,-58.96154881870159,111.98167243133062,0.075,0.075,610,0,2,0.48428945789858097,PLL96-board-fixed,23404,PAL,30,strategy_occupancy,5,1000000.0,strong_detail;fine_detail,True
8.82804834520369,93.99578494519417,True,11.73525721455458,0,0,2,0.075,0.06624999999999999,0.06807511521455847,-6.180236948495131,-3.6110848242531954,-22.99176796854375,-69.31191367542817,127.71563365216426,0.075,0.06624999999999999,610,0,2,0.5138060134705104,exhaustive-balanced-23361,23404,PAL,30,strategy_occupancy,5,1000000.0,strong_detail;sync_error_ire;white_error_ire;fine_detail,True
12.725172079789381,96.63876946497909,True,0.8607277289836889,0,0,2,0.1,0.26999999999999985,0.0711152378128649,0.5050613399686447,1.4453371571536482,-1.9865687526337672,-50.0931894796268,108.75617580558344,0.1,0.26999999999999985,610,0,2,0.5512122709408837,random-23361,23404,PAL,30,strategy_occupancy,5,1000000.0,strong_detail;v_jitter_us;fine_detail,True
15.52210525025922,98.31572110027211,True,0.71267252195734,0,0,2,0.05,0.04124999999999999,0.022724291905864766,-0.5362480293219426,0.34421765223147543,-2.4919027000826945,-52.72517404388186,122.0130342396225,0.05,0.04124999999999999,610,0,2,0.6970761960994031,guided-23361,23404,PAL,30,strategy_occupancy,5,1000000.0,strong_detail;fine_detail,True
12.244293079365665,96.12501224318993,True,0.4360100376411543,578,7,0,2.025,2.025,3.689917110349499,1.255603827831554,1.0837776270736856,-4.062161530670863,-53.129030818016766,114.70071802677509,0.05,0.0,610,77,2,0.5548995424475192,exhaustive-balanced-23362,23404,PAL,30,strategy_occupancy,5,1000000.0,strong_detail;sync;h_jitter_us;v_jitter_us;h_width_rmse_us;fine_detail,False
17.09784417400868,99.07848712117384,True,0.21079046424090336,0,0,2,0.025,0.04124999999999999,0.019417754255522675,1.0160200328246916,0.039371481259421734,-1.285871174386914,-57.82738961532551,121.87671634678415,0.025,0.04124999999999999,610,0,2,0.7868692594072214,random-23362,23404,PAL,30,strategy_occupancy,5,1000000.0,,True
14.626885952206678,98.16530461270969,True,0.5683814303638646,0,0,2,0.075,0.05,0.05043864963546487,0.20142901772927405,1.0497234062744119,-1.3006537664881344,-45.54777573524879,109.0107328032978,0.075,0.05,610,0,2,0.6578895187558355,guided-23362,23404,PAL,30,strategy_occupancy,5,1000000.0,strong_detail;fine_detail,True
16.81334173974361,97.89365352562467,True,0.32438502319616336,0,0,2,0.05,0.025,0.01994310088043664,-0.20606514034269802,1.3155217726499768,-1.4545366485131312,-58.12582175632649,120.39369402157521,0.05,0.025,506,0,2,0.7753751940211746,OVP56,23404,NTSC,30,strategy_occupancy,5,1000000.0,,True
17.330641662879415,98.46006127757278,True,0.32062185587370207,0,0,2,0.025,0.025,0.012622913477641825,-0.6687427467018678,1.1299387819326,-0.9682014168344792,-53.05013524406125,117.23073414870728,0.025,0.025,506,0,2,0.7959228779137844,VLP56,23404,NTSC,30,strategy_occupancy,5,1000000.0,,True
-6.6713176945297725,-82.55439143524248,False,614.5440395945413,506,12,51,2.025,2.025,1000000.0,81.89067394544067,21.899523619832916,-157.61611336210788,-69.14239278844472,61.1281028167856,1000000.0,1000000.0,506,506,2,-0.35803431507313044,PLL96-rejected-board,23404,NTSC,30,strategy_occupancy,5,1000000.0,contrast;strong_detail;sync;h_jitter_us;v_jitter_us;h_width_rmse_us;sync_error_ire;black_error_ire;white_error_ire;fine_detail,False
8.89882818490706,98.35766615451365,True,6.585542814307261,190,3,0,2.025,2.025,3.401869134401695,15.778224971947049,-1.6183185427213447,-1.340529926709061,-42.98820649309263,107.4553715643894,1.6625,0.9999999999999994,506,5,2,0.36369712011903627,PLL96-IQ-corrected,23404,NTSC,30,strategy_occupancy,5,1000000.0,strong_detail;sync;h_jitter_us;v_jitter_us;h_width_rmse_us;sync_error_ire;fine_detail,False
24.010342403595356,97.50587784211102,True,0.0,0,0,2,0.025,0.025,0.009430419201928972,0.36948737061434805,0.9809898226479239,-0.7185909414001929,-46.12955443047878,109.59913722102314,0.025,0.025,506,0,2,0.9620528855375224,floating-PLL-IQ40,23404,NTSC,30,strategy_occupancy,5,1000000.0,,True
4.470417023986282,44.72492110847957,True,94.31927313670533,506,12,0,2.025,2.025,1000000.0,48.289187021096915,26.48240586003455,-26.455590833200127,3.493769789455314,83.56954190919265,1000000.0,1000000.0,506,506,2,0.642185474159414,HC50,23404,NTSC,30,strategy_occupancy,5,1000000.0,contrast;strong_detail;sync;h_jitter_us;v_jitter_us;h_width_rmse_us;sync_error_ire;black_error_ire;white_error_ire;fine_detail,False
11.855116761051011,98.34982177893943,True,3.8226253661561804,0,0,2,0.075,0.075,0.04815006597871846,3.653961836026096,-1.4097274259043333,-2.4688149355527442,-58.87958323851925,111.82843337661023,0.075,0.075,506,0,2,0.4831801464140772,PLL96-board-fixed,23404,NTSC,30,strategy_occupancy,5,1000000.0,strong_detail;fine_detail,True
8.915619482757634,94.2427878324177,True,11.603350122077147,0,0,2,0.075,0.04749999999999996,0.07062328384707038,-6.165027804328617,-3.6432280240910253,-23.000950663868025,-69.33593771014985,126.65514677764355,0.075,0.047499999999999966,506,0,2,0.5342000373037504,exhaustive-balanced-23361,23404,NTSC,30,strategy_occupancy,5,1000000.0,strong_detail;sync_error_ire;white_error_ire;fine_detail,True
12.791844549622189,96.56984021439148,True,0.8587547829856669,0,0,2,0.1,0.18999999999999984,0.07398022115761513,0.4752241966654234,1.418711808354679,-2.1140099101607053,-49.91362137043009,108.64273195732997,0.1,0.18999999999999986,506,0,2,0.5663099482229211,random-23361,23404,NTSC,30,strategy_occupancy,5,1000000.0,strong_detail;fine_detail,True
15.64821567660501,98.25036502490326,True,0.7187649585901068,0,0,2,0.05,0.05,0.022830791911112886,-0.5107169299208226,0.32314121671557894,-2.6341765827716075,-52.09043477178405,121.79211197382503,0.05,0.05,506,0,2,0.7158697403244423,guided-23361,23404,NTSC,30,strategy_occupancy,5,1000000.0,strong_detail;fine_detail,True
12.331798131934262,96.05571826468228,True,0.39964836964538925,488,12,0,2.025,2.025,3.6780882715526735,1.2692089230859005,1.0739964650274658,-4.2022141242336986,-53.823355956487035,114.54935210373728,0.05,1000000.0,506,70,2,0.5719670616112918,exhaustive-balanced-23362,23404,NTSC,30,strategy_occupancy,5,1000000.0,strong_detail;sync;h_jitter_us;v_jitter_us;h_width_rmse_us;fine_detail,False
17.29256710234274,98.97867981914598,True,0.2122426369868169,0,0,2,0.025,0.025,0.01972513694928337,1.047338993854037,0.014947895644832145,-1.4303041176505955,-57.468270866219655,121.84240626680167,0.025,0.025,506,0,2,0.8028535329530269,random-23362,23404,NTSC,30,strategy_occupancy,5,1000000.0,,True
14.700168827207033,98.09416424918726,True,0.5938278034843919,0,0,2,0.05,0.05,0.0482141550074561,0.1816809653210002,1.0265711230772887,-1.435296204939372,-45.522512116115934,106.47262348120401,0.05,0.05,506,0,2,0.6732130012846209,guided-23362,23404,NTSC,30,strategy_occupancy,5,1000000.0,strong_detail;fine_detail,True
