strategy,start,evaluations,best_failures,best_missing,accumulated_evaluation_seconds
exhaustive-balanced,23361,1,86,118,0.051817100029438734
exhaustive-balanced,23361,2,61,127,0.09258719999343157
exhaustive-balanced,23361,3,61,127,0.131490399944596
exhaustive-balanced,23361,4,61,127,0.16878469986841083
exhaustive-balanced,23361,5,56,107,0.2098788998555392
exhaustive-balanced,23361,6,46,110,0.2490779998479411
exhaustive-balanced,23361,7,46,110,0.2903645997866988
exhaustive-balanced,23361,8,46,110,0.3271673998096958
exhaustive-balanced,23361,9,46,110,0.3733850998105481
exhaustive-balanced,23361,10,46,110,0.4109928997932002
exhaustive-balanced,23361,11,46,110,0.44486319983843714
exhaustive-balanced,23361,12,46,110,0.48408229975029826
exhaustive-balanced,23361,13,45,102,0.523486899677664
exhaustive-balanced,23361,14,45,102,0.5622505996143445
exhaustive-balanced,23361,15,45,102,0.6007318996125832
exhaustive-balanced,23361,16,45,102,0.6393231996335089
exhaustive-balanced,23361,17,45,102,0.6765731995692477
exhaustive-balanced,23361,18,45,102,0.712932699592784
exhaustive-balanced,23361,19,45,102,0.7449278996791691
exhaustive-balanced,23361,20,45,102,0.7776175996987149
exhaustive-balanced,23361,21,45,102,0.8102125996956602
exhaustive-balanced,23361,22,45,102,0.843166999751702
exhaustive-balanced,23361,23,45,102,0.8831633997615427
exhaustive-balanced,23361,24,45,102,0.9196392998564988
exhaustive-balanced,23361,25,45,102,0.9548308998346329
exhaustive-balanced,23361,26,45,102,0.9902646999107674
exhaustive-balanced,23361,27,45,102,1.0258753998205066
exhaustive-balanced,23361,28,45,102,1.0639346997486427
exhaustive-balanced,23361,29,45,102,1.0966314998222515
exhaustive-balanced,23361,30,45,102,1.1302275998750702
exhaustive-balanced,23361,31,45,102,1.166416599880904
exhaustive-balanced,23361,32,45,102,1.2021162998862565
exhaustive-balanced,23361,33,45,102,1.2348623998695984
exhaustive-balanced,23361,34,45,102,1.2672732998616993
exhaustive-balanced,23361,35,45,102,1.3018045998178422
exhaustive-balanced,23361,36,45,102,1.3360467997845262
exhaustive-balanced,23361,37,45,102,1.3697975998511538
exhaustive-balanced,23361,38,45,102,1.4041215998586267
exhaustive-balanced,23361,39,45,102,1.44186939985957
exhaustive-balanced,23361,40,45,102,1.4792547998949885
exhaustive-balanced,23361,41,45,102,1.5170155998785049
exhaustive-balanced,23361,42,45,102,1.553262599860318
exhaustive-balanced,23361,43,45,102,1.5903506998438388
exhaustive-balanced,23361,44,45,102,1.6273982998682186
exhaustive-balanced,23361,45,45,102,1.6644577998667955
exhaustive-balanced,23361,46,45,102,1.7019207999110222
exhaustive-balanced,23361,47,45,102,1.7399534998694435
exhaustive-balanced,23361,48,45,102,1.7775073997909203
exhaustive-balanced,23361,49,45,102,1.8138028997927904
exhaustive-balanced,23361,50,45,102,1.8511971997795627
exhaustive-balanced,23361,51,45,102,1.8833991998108104
exhaustive-balanced,23361,52,45,102,1.9158306997269392
exhaustive-balanced,23361,53,45,102,1.9474393997807056
exhaustive-balanced,23361,54,45,102,1.979809899814427
exhaustive-balanced,23361,55,45,102,2.0166593998437747
exhaustive-balanced,23361,56,45,102,2.0517023998545483
exhaustive-balanced,23361,57,45,102,2.087903899839148
exhaustive-balanced,23361,58,45,102,2.1236212998628616
exhaustive-balanced,23361,59,45,102,2.1563416997669265
exhaustive-balanced,23361,60,45,102,2.188236699788831
exhaustive-balanced,23361,61,45,102,2.224710099748336
exhaustive-balanced,23361,62,45,102,2.2621998997638
exhaustive-balanced,23361,63,45,102,2.3000137998024
exhaustive-balanced,23361,64,45,102,2.337504799827002
random,23361,1,86,118,0.051817100029438734
random,23361,2,61,127,0.09258719999343157
random,23361,3,61,127,0.131490399944596
random,23361,4,61,127,0.16878469986841083
random,23361,5,56,107,0.2098788998555392
random,23361,6,46,110,0.2490779998479411
random,23361,7,46,110,0.2903645997866988
random,23361,8,46,110,0.3271673998096958
random,23361,9,46,110,0.3733850998105481
random,23361,10,46,110,0.4109928997932002
random,23361,11,46,110,0.44486319983843714
random,23361,12,46,110,0.48408229975029826
random,23361,13,45,102,0.523486899677664
random,23361,14,45,102,0.5622505996143445
random,23361,15,45,102,0.6007318996125832
random,23361,16,45,102,0.6393231996335089
random,23361,17,45,102,0.6734684996772557
random,23361,18,45,102,0.7103987996233627
random,23361,19,45,102,0.7440440995851532
random,23361,20,45,102,0.7806120995664969
random,23361,21,45,102,0.8126711995573714
random,23361,22,45,102,0.8457940994994715
random,23361,23,45,102,0.8769013994606212
random,23361,24,45,102,0.9095130994683132
random,23361,25,31,71,0.9452364994212985
random,23361,26,31,71,0.9792982994113117
random,23361,27,31,71,1.0089511993573979
random,23361,28,31,71,1.0392644994426519
random,23361,29,31,71,1.075835499446839
random,23361,30,31,71,1.113254999392666
random,23361,31,31,71,1.1472350993426517
random,23361,32,31,71,1.1835742993280292
random,23361,33,31,71,1.2169592994032428
random,23361,34,31,71,1.2521270993165672
random,23361,35,31,71,1.2872943993424997
random,23361,36,31,71,1.327652299311012
random,23361,37,31,71,1.3616070993011817
random,23361,38,31,71,1.3964501993032172
random,23361,39,31,71,1.4310396992368624
random,23361,40,31,71,1.4670464992523193
random,23361,41,31,71,1.5008052992634475
random,23361,42,31,71,1.5367476992541924
random,23361,43,20,51,1.5725548992631957
random,23361,44,20,51,1.6061662993161008
random,23361,45,20,51,1.6400553992716596
random,23361,46,20,51,1.6731013992102817
random,23361,47,20,51,1.710201699170284
random,23361,48,20,51,1.7448434991529211
random,23361,49,20,51,1.7797555992146954
random,23361,50,20,51,1.815221599303186
random,23361,51,20,51,1.849985899287276
random,23361,52,20,51,1.8832515992689878
random,23361,53,20,51,1.914381099282764
random,23361,54,20,51,1.9481461993418634
random,23361,55,20,51,1.984565699356608
random,23361,56,20,51,2.015616699354723
random,23361,57,20,51,2.0484777993988246
random,23361,58,20,51,2.0810944993281737
random,23361,59,20,51,2.115500399377197
random,23361,60,20,51,2.1490014994051307
random,23361,61,20,51,2.181246599415317
random,23361,62,20,51,2.2168014994822443
random,23361,63,20,51,2.2504334994591773
random,23361,64,20,51,2.2819569994462654
guided,23361,1,86,118,0.051817100029438734
guided,23361,2,61,127,0.09258719999343157
guided,23361,3,61,127,0.131490399944596
guided,23361,4,61,127,0.16878469986841083
guided,23361,5,56,107,0.2098788998555392
guided,23361,6,46,110,0.2490779998479411
guided,23361,7,46,110,0.2903645997866988
guided,23361,8,46,110,0.3271673998096958
guided,23361,9,46,110,0.3733850998105481
guided,23361,10,46,110,0.4109928997932002
guided,23361,11,46,110,0.44486319983843714
guided,23361,12,46,110,0.48408229975029826
guided,23361,13,45,102,0.523486899677664
guided,23361,14,45,102,0.5622505996143445
guided,23361,15,45,102,0.6007318996125832
guided,23361,16,45,102,0.6393231996335089
guided,23361,17,45,102,0.6744545996189117
guided,23361,18,45,102,0.7083610995905474
guided,23361,19,45,102,0.743341299588792
guided,23361,20,45,102,0.7811365996021777
guided,23361,21,45,102,0.8153924996731803
guided,23361,22,45,102,0.8523095996351913
guided,23361,23,45,102,0.8869971996173263
guided,23361,24,45,102,0.9241735996911302
guided,23361,25,45,102,0.9596424996852875
guided,23361,26,45,102,0.9937042996753007
guided,23361,27,45,102,1.0286079996731132
guided,23361,28,45,102,1.0620491997106
guided,23361,29,45,102,1.0983062996529043
guided,23361,30,45,102,1.1351831996580586
guided,23361,31,45,102,1.171947599737905
guided,23361,32,45,102,1.2060478996718302
guided,23361,33,45,102,1.2422101997071877
guided,23361,34,45,102,1.2778079997515306
guided,23361,35,45,102,1.31495749973692
guided,23361,36,45,102,1.3524116998305544
guided,23361,37,45,102,1.384608299820684
guided,23361,38,45,102,1.4223213997902349
guided,23361,39,45,102,1.4569011997664347
guided,23361,40,45,102,1.492846199660562
guided,23361,41,45,102,1.5276236997451633
guided,23361,42,45,102,1.5629091997398064
guided,23361,43,45,102,1.5956817996921018
guided,23361,44,45,102,1.6301297997124493
guided,23361,45,45,102,1.6659164996817708
guided,23361,46,45,102,1.6982763996347785
guided,23361,47,32,117,1.7298315996304154
guided,23361,48,32,117,1.7646791996667162
guided,23361,49,32,117,1.7972705997526646
guided,23361,50,32,117,1.8297605997649953
guided,23361,51,32,117,1.8644578998209909
guided,23361,52,32,117,1.9008585998089984
guided,23361,53,14,99,1.9380558998091146
guided,23361,54,14,99,1.9707721997983754
guided,23361,55,14,99,2.0056317998096347
guided,23361,56,14,99,2.0386021997546777
guided,23361,57,14,99,2.0735828997567296
guided,23361,58,14,99,2.1081434997031465
guided,23361,59,14,99,2.1457988996990025
guided,23361,60,14,99,2.1892337996978313
guided,23361,61,14,99,2.228190499707125
guided,23361,62,14,99,2.2626185996923596
guided,23361,63,14,99,2.300623399671167
guided,23361,64,14,99,2.340253999689594
exhaustive-balanced,23362,1,86,131,0.035779900033958256
exhaustive-balanced,23362,2,63,132,0.07916210009716451
exhaustive-balanced,23362,3,63,132,0.11625410011038184
exhaustive-balanced,23362,4,63,132,0.15431540017016232
exhaustive-balanced,23362,5,63,132,0.19085270026698709
exhaustive-balanced,23362,6,60,124,0.22555930027738214
exhaustive-balanced,23362,7,49,131,0.25999830034561455
exhaustive-balanced,23362,8,49,131,0.2954438003944233
exhaustive-balanced,23362,9,49,131,0.3310112004401162
exhaustive-balanced,23362,10,49,131,0.36931610049214214
exhaustive-balanced,23362,11,49,131,0.40459580055903643
exhaustive-balanced,23362,12,49,131,0.44117830065079033
exhaustive-balanced,23362,13,48,130,0.4743964006192982
exhaustive-balanced,23362,14,48,130,0.5091914006043226
exhaustive-balanced,23362,15,48,130,0.5425596005516127
exhaustive-balanced,23362,16,46,109,0.5804404005175456
exhaustive-balanced,23362,17,46,109,0.6176904004532844
exhaustive-balanced,23362,18,46,109,0.6540499004768208
exhaustive-balanced,23362,19,46,109,0.6860451005632058
exhaustive-balanced,23362,20,46,109,0.7187348005827516
exhaustive-balanced,23362,21,46,109,0.7513298005796969
exhaustive-balanced,23362,22,46,109,0.7842842006357387
exhaustive-balanced,23362,23,46,109,0.8242806006455794
exhaustive-balanced,23362,24,46,109,0.8607565007405356
exhaustive-balanced,23362,25,46,109,0.8959481007186696
exhaustive-balanced,23362,26,46,109,0.9313819007948041
exhaustive-balanced,23362,27,46,109,0.9669926007045433
exhaustive-balanced,23362,28,46,109,1.0050519006326795
exhaustive-balanced,23362,29,46,109,1.0377487007062882
exhaustive-balanced,23362,30,46,109,1.0713448007591069
exhaustive-balanced,23362,31,46,109,1.1075338007649407
exhaustive-balanced,23362,32,46,109,1.1432335007702932
exhaustive-balanced,23362,33,46,109,1.1759796007536352
exhaustive-balanced,23362,34,46,109,1.208390500745736
exhaustive-balanced,23362,35,46,109,1.242921800701879
exhaustive-balanced,23362,36,46,109,1.277164000668563
exhaustive-balanced,23362,37,46,109,1.3109148007351905
exhaustive-balanced,23362,38,46,109,1.3452388007426634
exhaustive-balanced,23362,39,46,109,1.3829866007436067
exhaustive-balanced,23362,40,46,109,1.4203720007790253
exhaustive-balanced,23362,41,46,109,1.4581328007625416
exhaustive-balanced,23362,42,46,109,1.4943798007443547
exhaustive-balanced,23362,43,46,109,1.5314679007278755
exhaustive-balanced,23362,44,46,109,1.5685155007522553
exhaustive-balanced,23362,45,46,109,1.6055750007508323
exhaustive-balanced,23362,46,46,109,1.643038000795059
exhaustive-balanced,23362,47,46,109,1.6810707007534802
exhaustive-balanced,23362,48,46,109,1.718624600674957
exhaustive-balanced,23362,49,46,109,1.7549201006768271
exhaustive-balanced,23362,50,46,109,1.7923144006635994
exhaustive-balanced,23362,51,46,109,1.824516400694847
exhaustive-balanced,23362,52,46,109,1.856947900610976
exhaustive-balanced,23362,53,46,109,1.8885566006647423
exhaustive-balanced,23362,54,46,109,1.9209271006984636
exhaustive-balanced,23362,55,46,109,1.9577766007278115
exhaustive-balanced,23362,56,46,109,1.992819600738585
exhaustive-balanced,23362,57,46,109,2.0290211007231846
exhaustive-balanced,23362,58,46,109,2.0647385007468984
exhaustive-balanced,23362,59,46,109,2.097458900650963
exhaustive-balanced,23362,60,46,109,2.129353900672868
exhaustive-balanced,23362,61,46,109,2.1658273006323725
exhaustive-balanced,23362,62,46,109,2.203317100647837
exhaustive-balanced,23362,63,46,109,2.241131000686437
exhaustive-balanced,23362,64,46,109,2.2786220007110387
random,23362,1,86,131,0.035779900033958256
random,23362,2,63,132,0.07916210009716451
random,23362,3,63,132,0.11625410011038184
random,23362,4,63,132,0.15431540017016232
random,23362,5,63,132,0.19085270026698709
random,23362,6,60,124,0.22555930027738214
random,23362,7,49,131,0.25999830034561455
random,23362,8,49,131,0.2954438003944233
random,23362,9,49,131,0.3310112004401162
random,23362,10,49,131,0.36931610049214214
random,23362,11,49,131,0.40459580055903643
random,23362,12,49,131,0.44117830065079033
random,23362,13,48,130,0.4743964006192982
random,23362,14,48,130,0.5091914006043226
random,23362,15,48,130,0.5425596005516127
random,23362,16,46,109,0.5804404005175456
random,23362,17,46,109,0.6136091005755588
random,23362,18,46,109,0.6498276005731896
random,23362,19,46,109,0.684370600618422
random,23362,20,46,109,0.7167441006749868
random,23362,21,46,109,0.752148600644432
random,23362,22,46,109,0.7883925006026402
random,23362,23,46,109,0.826277700602077
random,23362,24,46,109,0.8573418005835265
random,23362,25,46,109,0.8922369006322697
random,23362,26,46,109,0.9287021005293354
random,23362,27,46,109,0.9626324005657807
random,23362,28,45,109,0.9984775006305426
random,23362,29,45,109,1.0326785006327555
random,23362,30,45,109,1.0703164006117731
random,23362,31,45,109,1.1085909005487338
random,23362,32,45,109,1.1415206005331129
random,23362,33,45,109,1.1754195005632937
random,23362,34,45,109,1.2108312005875632
random,23362,35,45,109,1.2424001005711034
random,23362,36,45,109,1.277842900599353
random,23362,37,45,109,1.3107776006218046
random,23362,38,20,130,1.3423969006398693
random,23362,39,20,130,1.3748643005965278
random,23362,40,20,130,1.4095552006037906
random,23362,41,20,130,1.4462203005095944
random,23362,42,20,130,1.4801090005785227
random,23362,43,20,130,1.5158624005271122
random,23362,44,20,130,1.552643300499767
random,23362,45,20,130,1.586487700464204
random,23362,46,20,130,1.6200838005170226
random,23362,47,20,130,1.6520386005286127
random,23362,48,20,130,1.6881252005696297
random,23362,49,20,130,1.7189236006233841
random,23362,50,20,130,1.7546309006866068
random,23362,51,20,130,1.790858200751245
random,23362,52,20,130,1.8241725007537752
random,23362,53,20,130,1.8593994007678702
random,23362,54,20,130,1.8887893008068204
random,23362,55,20,130,1.922689100727439
random,23362,56,20,130,1.9549120008014143
random,23362,57,20,130,1.9879303008783609
random,23362,58,20,130,2.018078200868331
random,23362,59,20,130,2.0483365007676184
random,23362,60,20,130,2.0777165008476004
random,23362,61,20,130,2.1112756008515134
random,23362,62,20,130,2.1468751007923856
random,23362,63,20,130,2.1792860007844865
random,23362,64,20,130,2.2139736007666215
guided,23362,1,86,131,0.035779900033958256
guided,23362,2,63,132,0.07916210009716451
guided,23362,3,63,132,0.11625410011038184
guided,23362,4,63,132,0.15431540017016232
guided,23362,5,63,132,0.19085270026698709
guided,23362,6,60,124,0.22555930027738214
guided,23362,7,49,131,0.25999830034561455
guided,23362,8,49,131,0.2954438003944233
guided,23362,9,49,131,0.3310112004401162
guided,23362,10,49,131,0.36931610049214214
guided,23362,11,49,131,0.40459580055903643
guided,23362,12,49,131,0.44117830065079033
guided,23362,13,48,130,0.4743964006192982
guided,23362,14,48,130,0.5091914006043226
guided,23362,15,48,130,0.5425596005516127
guided,23362,16,46,109,0.5804404005175456
guided,23362,17,46,109,0.615300000528805
guided,23362,18,46,109,0.649381400551647
guided,23362,19,46,109,0.6836418005404994
guided,23362,20,46,109,0.7180536005180329
guided,23362,21,46,109,0.750537900486961
guided,23362,22,46,109,0.7851314004510641
guided,23362,23,46,109,0.8189036004478112
guided,23362,24,46,109,0.8576047003734857
guided,23362,25,20,130,0.8892240003915504
guided,23362,26,20,130,0.9259020003955811
guided,23362,27,20,130,0.9641030003549531
guided,23362,28,20,130,0.9977456004125997
guided,23362,29,20,130,1.031879000365734
guided,23362,30,20,130,1.0678208003519103
guided,23362,31,20,130,1.1036328002810478
guided,23362,32,20,130,1.1367869002278894
guided,23362,33,20,130,1.1737684002146125
guided,23362,34,20,130,1.2153152002720162
guided,23362,35,20,130,1.255173200275749
guided,23362,36,20,130,1.2998686003265902
guided,23362,37,20,130,1.337250500335358
guided,23362,38,20,130,1.3776882003294304
guided,23362,39,20,130,1.4137894003652036
guided,23362,40,20,130,1.4470988003304228
guided,23362,41,20,130,1.4799815003061667
guided,23362,42,20,130,1.5140031003393233
guided,23362,43,20,130,1.5552363003371283
guided,23362,44,20,130,1.5951625003945082
guided,23362,45,20,130,1.627770800376311
guided,23362,46,20,130,1.665874800295569
guided,23362,47,13,49,1.7098371002357453
guided,23362,48,13,49,1.7451338001992553
guided,23362,49,13,49,1.7879092001821846
guided,23362,50,13,49,1.8284946002531797
guided,23362,51,13,49,1.8644989002496004
guided,23362,52,13,49,1.900573100312613
guided,23362,53,13,49,1.9351039002649486
guided,23362,54,13,49,1.970415900228545
guided,23362,55,13,49,2.006158600212075
guided,23362,56,13,49,2.0410292003070936
guided,23362,57,13,49,2.0746661002049223
guided,23362,58,13,49,2.108366700238548
guided,23362,59,13,49,2.143809500266798
guided,23362,60,13,49,2.181163100292906
guided,23362,61,13,49,2.2159649002132937
guided,23362,62,13,49,2.252031700219959
guided,23362,63,13,49,2.2882508002221584
guided,23362,64,13,49,2.322316500241868
