sinad,contrast,polarity_ok,large_errors,h_missing,v_missing,v_trains,h_jitter_us,v_jitter_us,h_width_rmse_us,sync_error_ire,black_error_ire,white_error_ire,raw_min,raw_max,h_jitter_matched_us,v_jitter_matched_us,h_expected,max_h_gap,expected_v_trains,false_sync_pulses,false_sync_per_line,luma_sinad,detail_corr,model,profile,stage,seed,standard,cnr,rms,cfo_hz,quality_failures,usable,image_pattern,burst_gain,burst_phase_deg,burst_phase_jitter_deg,burst_amplitude_jitter_pct,burst_rmse_ire
5.012590814762005,80.77127031200688,True,64.85821831869511,598,8,0,2.025,2.025,3.5446262144265646,16.956582630147683,5.020602658122723,-13.78743465017743,-85.93106988931046,145.21796789594467,1.925,1000000.0,610,127,2,6,0.009836065573770493,12.408994982172306,0.251021782085644,OVP56,safe_range,retrospective_failed_max_diagnostic,40401,PAL,4,3,1000000.0,,False,bars,,,,,
4.723483916673475,84.87696151700874,True,62.31555834378921,575,8,0,2.025,2.025,3.482935440934024,11.112157085084268,2.8437678774842583,-13.020331115156159,-90.29456454051751,150.3054896040057,1.8824999999999998,1000000.0,610,68,2,20,0.03278688524590164,13.343440000945531,0.24684319058123663,VLP56,safe_range,retrospective_failed_max_diagnostic,40401,PAL,4,3,1000000.0,,False,bars,,,,,
5.788458702903146,88.6757691996259,True,39.60664993726475,82,2,0,2.025,2.025,2.821133424237231,8.847256116184974,1.6916526243552847,-12.071748444910432,-69.64022953478131,131.53136976716345,1.7,1.525,610,3,2,410,0.6721311475409836,13.898758186597016,0.24877118892508276,RANGE32,safe_range,retrospective_failed_max_diagnostic,40401,PAL,4,3,1000000.0,,False,bars,,,,,
-6.787508173609456,-84.36432356584852,False,611.1411543287327,610,8,41,2.025,2.025,1000000.0,88.65197308925238,21.359261465467792,-156.95580410096855,-74.36405843839212,134.08473510531877,1000000.0,1000000.0,610,610,2,2000,3.278688524590164,-6.8022280025081,-0.24620642071286775,PLL96-rejected-board,safe_range,retrospective_failed_max_diagnostic,40401,PAL,4,3,1000000.0,,False,bars,,,,,
7.9863357250500675,93.14565138322874,True,17.19447929736512,411,5,0,2.025,2.025,3.415798905205636,10.747398808931113,0.05352770435002783,-3.7267191226487077,-75.05675408246341,136.05564258240852,1.9,1.385,610,14,2,180,0.29508196721311475,13.227061721360943,0.2427069379387249,PLL96-IQ-corrected,safe_range,retrospective_failed_max_diagnostic,40401,PAL,4,3,1000000.0,,False,bars,,,,,
10.086780537231071,96.02964098591035,True,2.3143036386449185,153,1,0,2.025,1.9287499999999997,3.122636524180235,2.511132829198339,1.2081268266747458,-2.419362678453776,-78.15958534755413,134.7015532359254,1.8,1.5699999999999996,610,5,2,382,0.6262295081967213,23.476582988864898,0.4629364494387263,floating-PLL-IQ40,safe_range,retrospective_failed_max_diagnostic,40401,PAL,4,3,1000000.0,,False,bars,,,,,
3.2365553506268836,42.67143874977307,True,122.32120451693852,610,8,0,2.025,2.025,1000000.0,49.28862356389452,27.095712216329403,-29.032028115874436,-78.26756664543704,128.1621207316208,1000000.0,1000000.0,610,610,2,0,0.0,4.244749676318296,0.17548113708740415,HC50,safe_range,retrospective_failed_max_diagnostic,40401,PAL,4,3,1000000.0,,False,bars,,,,,
5.764943541858266,91.07611112063105,True,40.73337515683814,68,2,0,2.025,2.025,2.8073434689041035,3.3229888907264846,-1.7514668568833789,-14.342121319267173,-85.575102347224,127.50725613057273,1.5987499999999983,1.6625,610,4,2,416,0.6819672131147541,10.92890172390624,0.21476060425331783,PLL96-board-fixed,safe_range,retrospective_failed_max_diagnostic,40401,PAL,4,3,1000000.0,,False,bars,,,,,
8.550873814257896,91.52852527893312,True,16.134253450439147,6,0,1,1.075,0.9237499999999997,1.777229618224398,0.4995675141309625,-0.7069355995667126,-14.457996151277657,-67.94291409634025,130.47789853619472,1.0,0.9237499999999997,610,1,2,222,0.3639344262295082,13.010578386615986,0.24744381237591248,FAILED_MAX,safe_range,retrospective_failed_max_diagnostic,40401,PAL,4,3,1000000.0,,False,bars,,,,,
5.1220494535495735,93.70022906145164,True,52.83375156838143,51,2,0,2.025,2.025,2.664060061397538,6.659428277595547,1.0521082232176595,-5.270854774940203,-79.27640714458258,148.94192127801944,1.65,1.43125,610,2,2,420,0.6885245901639344,15.397690646297388,0.2524416390200403,BAL_RESEARCH,safe_range,retrospective_failed_max_diagnostic,40401,PAL,4,3,1000000.0,,False,bars,,,,,
7.38602584854687,87.8630043223515,True,22.286700125470517,560,8,0,2.025,2.025,3.4685245422225286,10.946845843641054,2.7704193422951007,-9.354454384385404,-80.66378914174376,138.4698153128349,1.8524999999999998,1000000.0,610,36,2,52,0.08524590163934426,16.492354998009834,0.3379617571178372,OVP56,safe_range,retrospective_failed_max_diagnostic,40401,PAL,6,3,1000000.0,,False,bars,,,,,
7.3677603757300485,91.19035636264113,True,20.358218318695105,484,7,0,2.025,2.025,3.3878466553723263,6.883049666054868,1.5178432098944525,-7.887909990214552,-84.77173751123577,146.6926050202614,1.89375,1.975,610,19,2,103,0.16885245901639345,18.26021147906504,0.3406883480969573,VLP56,safe_range,retrospective_failed_max_diagnostic,40401,PAL,6,3,1000000.0,,False,bars,,,,,
8.481009179971231,93.77237566731634,True,12.731493099121705,5,0,1,1.1387499999999988,1.0799999999999998,2.0091775485226795,3.539454560219404,1.7139963215675735,-5.649799901896322,-63.448348257140374,127.32865414196714,1.05,1.0799999999999998,610,1,2,266,0.4360655737704918,19.027484131916705,0.3426275110103545,RANGE32,safe_range,retrospective_failed_max_diagnostic,40401,PAL,6,3,1000000.0,,False,bars,,,,,
-6.742437750778111,-84.08049033829099,False,606.5075282308658,610,8,52,2.025,2.025,1000000.0,86.93492267229328,22.242883789520278,-157.1507939945844,-73.13166553517365,135.57957568734815,1000000.0,1000000.0,610,610,2,1623,2.660655737704918,-6.776246666255586,-0.3000236009515294,PLL96-rejected-board,safe_range,retrospective_failed_max_diagnostic,40401,PAL,6,3,1000000.0,,False,bars,,,,,
9.138959942990105,94.04942212398305,True,8.014429109159348,477,6,0,2.025,2.025,3.5007705918614698,12.335661987846413,-0.6590657247171341,-2.9220759241157994,-74.00459540678945,132.73627145364065,1.9,0.7775,610,22,2,103,0.16885245901639345,14.196018233962741,0.29516805881861147,PLL96-IQ-corrected,safe_range,retrospective_failed_max_diagnostic,40401,PAL,6,3,1000000.0,,False,bars,,,,,
11.975594884304083,96.0261919846414,True,0.32936010037641156,33,1,0,2.025,1.8849999999999998,2.688718890493585,2.2658135495688225,1.4172813779058422,-1.9537634004769004,-69.99134385412553,131.7061560079748,1.4049999999999983,1.61,610,2,2,413,0.6770491803278689,25.691673261648038,0.5563657643454515,floating-PLL-IQ40,safe_range,retrospective_failed_max_diagnostic,40401,PAL,6,3,1000000.0,,False,bars,,,,,
3.89898826603366,44.31841881781092,True,100.15244667503137,610,8,0,2.025,2.025,1000000.0,49.025411817431355,27.076906476943964,-26.53822518976464,-63.430504061303964,119.31531850097512,1000000.0,1000000.0,610,610,2,0,0.0,4.487552820347006,0.2583244723706415,HC50,safe_range,retrospective_failed_max_diagnostic,40401,PAL,6,3,1000000.0,,False,bars,,,,,
8.662040567231754,95.77118485336828,True,13.0702634880803,12,0,0,1.55,0.9387499999999999,2.2932249440063024,0.5764561245936578,-2.4473511582487535,-10.117899933845697,-80.88502608334748,119.45251342056817,1.2537499999999995,0.93875,610,1,2,338,0.5540983606557377,14.704411349776255,0.3090159496625848,PLL96-board-fixed,safe_range,retrospective_failed_max_diagnostic,40401,PAL,6,3,1000000.0,,False,bars,,,,,
9.862046570729778,93.01344416103643,True,9.141154328732748,0,0,2,0.65,0.7749999999999995,1.1193340928763895,0.09305190670590911,-1.8065964703656956,-12.81449650100927,-61.59810597708029,128.78434359624134,0.65,0.7749999999999995,610,0,2,86,0.14098360655737704,14.482515060945776,0.31417084503866805,FAILED_MAX,safe_range,retrospective_failed_max_diagnostic,40401,PAL,6,3,1000000.0,,False,bars,,,,,
7.651579243702237,96.89425971862386,True,18.388958594730237,3,0,2,0.975,0.34125,1.7103727061869272,2.4558734553560475,0.8353217983270522,-2.526255895913181,-73.72136168839918,147.82058724702802,0.9424999999999983,0.34124999999999994,610,1,2,197,0.32295081967213113,21.265593765196837,0.34137290305250567,BAL_RESEARCH,safe_range,retrospective_failed_max_diagnostic,40401,PAL,6,3,1000000.0,,False,bars,,,,,
15.916861211206774,97.56563720522114,True,0.3199498117942283,0,0,2,0.05,0.04124999999999999,0.021111530529818897,0.13580284203686604,1.0905559438345545,-1.2776672875588968,-54.826342174917265,124.25970239500863,0.05,0.04124999999999999,610,0,2,0,0.0,28.182462767291515,0.7248089541826029,OVP56,safe_range,retrospective_failed_max_diagnostic,40401,PAL,30,3,1000000.0,,True,bars,0.8067549953391437,-60.27623164893147,15.753848923678602,27.77766615991259,11.989769801472704
16.13197929548829,97.54995407750268,True,0.33877038895859474,0,0,2,0.05,0.05,0.018415736321480473,0.2830870088651113,1.2483176506959957,-1.1709500028751114,-55.825765595909594,123.61754162106747,0.05,0.05,610,0,2,0,0.0,28.46431253853709,0.7336983775752923,VLP56,safe_range,retrospective_failed_max_diagnostic,40401,PAL,30,3,1000000.0,,True,bars,0.792031217153558,-60.32287399831126,15.076758835348492,27.27917102282325,11.737660084908839
16.039747836649084,95.67999437720599,True,0.9021329987452948,0,0,2,0.05,0.06624999999999999,0.03892773885623228,1.248108157322597,1.8815808761322268,-3.0273845457068176,-45.59530903166552,103.4086557816134,0.05,0.06624999999999999,610,0,2,0,0.0,25.26818259084838,0.7196513439361037,RANGE32,safe_range,retrospective_failed_max_diagnostic,40401,PAL,30,3,1000000.0,,True,bars,0.7801391342239907,-61.317910140708584,15.075234859437792,26.274970046205937,11.862747028814493
-6.686774033996015,-82.9404409023469,False,607.6317440401506,610,8,60,2.025,2.025,1000000.0,85.03143593996974,22.662573367604978,-156.25638038471166,-67.7043093016323,68.32005063824279,1000000.0,1000000.0,610,610,2,1491,2.444262295081967,-6.731982948804958,-0.36020479212838163,PLL96-rejected-board,safe_range,retrospective_failed_max_diagnostic,40401,PAL,30,3,1000000.0,contrast;waveform;detail_floor;sync;h_jitter_us;v_jitter_us;h_width_rmse_us;sync_error_ire;black_error_ire;white_error_ire;contrast;stress_waveform;reference_detail;burst_gain;burst_phase_jitter_deg;burst_rmse_ire;h_missing;v_missing;vertical_trains;sync_error_ire;black_error_ire;white_error_ire,False,bars,0.32682324061656337,66.16757703429897,22.79148751253812,32.01727225916107,28.767372788588226
8.911501281945547,98.87797583216565,True,6.200125470514429,609,8,0,2.025,2.025,3.675,14.045488607805089,-1.1044276848615333,-1.5640303724053137,-41.779284776789225,106.98544345590376,0.1,1000000.0,610,460,2,0,0.0,11.614156947255225,0.3685333010486616,PLL96-IQ-corrected,safe_range,retrospective_failed_max_diagnostic,40401,PAL,30,3,1000000.0,waveform;detail_floor;sync;h_jitter_us;v_jitter_us;h_width_rmse_us;sync_error_ire;stress_waveform;reference_detail;burst_gain;burst_phase_jitter_deg;burst_rmse_ire;h_missing;v_missing;vertical_trains;sync_error_ire,False,bars,0.3724039527051724,-112.11578792689033,24.43855224301664,29.54118803234532,16.92574239504947
21.639346305691515,96.41510874241001,True,0.0,0,0,2,0.025,0.025,0.019861198682726934,1.6315985429344422,1.7274328510764716,-1.0390242721818725,-45.10450469430969,112.06645516229979,0.025,0.025,610,0,2,0,0.0,28.95155175687902,0.9265904000837978,floating-PLL-IQ40,safe_range,retrospective_failed_max_diagnostic,40401,PAL,30,3,1000000.0,burst_gain,True,bars,0.48228249639217113,13.221595710791453,7.306482255182938,17.147628554266277,6.8946465599449
4.366639833910693,44.50902269541167,True,88.70890840652447,610,8,0,2.025,2.025,1000000.0,48.93586090615795,27.151150086650436,-25.581202677809266,3.078257649627062,84.2933555480415,1000000.0,1000000.0,610,610,2,0,0.0,4.52581029436195,0.5749949978933668,HC50,safe_range,retrospective_failed_max_diagnostic,40401,PAL,30,3,1000000.0,contrast;waveform;detail_floor;sync;h_jitter_us;v_jitter_us;h_width_rmse_us;sync_error_ire;black_error_ire;white_error_ire;contrast;stress_waveform;reference_detail;burst_gain;burst_rmse_ire;h_missing;v_missing;vertical_trains;sync_error_ire;black_error_ire;white_error_ire,False,bars,0.4051821532625087,98.75691079509465,14.339222545524093,25.47216999255015,30.716267657781856
11.886602285915785,96.9861221874185,True,3.60288582183187,0,0,2,0.25,0.15624999999999994,0.10458250331675945,5.699917907382674,-0.6655695907283713,-2.674232836968801,-48.32846114349701,111.44125175048516,0.25,0.15624999999999994,610,0,2,0,0.0,16.759121295689553,0.48341185105515,PLL96-board-fixed,safe_range,retrospective_failed_max_diagnostic,40401,PAL,30,3,1000000.0,waveform;detail_floor;sync_error_ire;stress_waveform;reference_detail;burst_gain;burst_phase_jitter_deg;burst_rmse_ire,True,bars,0.433981371264056,-100.63090192383866,23.203448987916843,29.59936813691848,15.482999181812803
11.320741541085118,95.0011458573958,True,6.109159347553325,0,0,2,0.125,0.09124999999999998,0.06509765677835713,0.7171919528574987,-4.539251803871077,-11.125682926788492,-43.917994734677976,113.69636187207495,0.125,0.09124999999999998,610,0,2,0,0.0,15.0722563424437,0.42977015299605487,FAILED_MAX,safe_range,retrospective_failed_max_diagnostic,40401,PAL,30,3,1000000.0,waveform;detail_floor;white_error_ire;stress_waveform;reference_detail;burst_gain;burst_phase_jitter_deg;burst_amplitude_jitter_pct;white_error_ire,True,bars,0.23868111493425923,-69.73086917997908,31.541639844866545,65.9988117160201,14.142492085492153
15.437278127654864,97.77402728448385,True,0.23337515683814303,0,0,2,0.075,0.06624999999999999,0.04272961118628565,1.6218310799752376,0.6111463816779799,-0.6780585460229259,-43.011990240262804,115.43778612110826,0.075,0.06624999999999999,610,0,2,0,0.0,26.914929322869785,0.7099503852914043,BAL_RESEARCH,safe_range,retrospective_failed_max_diagnostic,40401,PAL,30,3,1000000.0,,True,bars,0.9282137074662133,-60.983272532041504,14.999411758099512,22.99916529708771,12.666631301454895
5.087367652390933,80.66930680145646,True,65.01473656323475,497,11,0,2.025,2.025,3.598987126030507,16.84228169781623,5.089846921476096,-13.977510810938513,-87.84788234727397,142.2749956531464,1.775,0.375,506,132,2,14,0.02766798418972332,12.38224129291636,0.26061329558301943,OVP56,safe_range,retrospective_failed_max_diagnostic,40401,NTSC,4,3,1000000.0,,False,bars,,,,,
4.79890938563483,84.7562085891887,True,62.30074029027567,469,9,0,2.025,2.025,3.5740241533387334,11.188252150956675,2.9037559348017763,-13.141411742815244,-90.54563477245573,148.71996924595362,1.9199999999999995,0.7125,506,48,2,27,0.0533596837944664,13.325721337181326,0.2573055082519225,VLP56,safe_range,retrospective_failed_max_diagnostic,40401,NTSC,4,3,1000000.0,,False,bars,,,,,
5.848629467333253,88.46677474643744,True,39.56142542757107,83,1,0,2.025,1.5024999999999993,2.8143954080765488,9.151743563879196,1.7095367398381052,-11.970433043137955,-69.26670732489127,129.84089697973508,1.7,0.925,506,4,2,391,0.7727272727272727,13.881690238030945,0.2569119545457806,RANGE32,safe_range,retrospective_failed_max_diagnostic,40401,NTSC,4,3,1000000.0,,False,bars,,,,,
-6.674420820898383,-83.7244765025646,False,608.1511709471441,506,12,31,2.025,2.025,1000000.0,88.4655995150723,21.318003570395668,-156.41993834401129,-74.47169494678916,133.35715893959355,1000000.0,1000000.0,506,506,2,1704,3.367588932806324,-6.691052260659505,-0.23272245042783027,PLL96-rejected-board,safe_range,retrospective_failed_max_diagnostic,40401,NTSC,4,3,1000000.0,,False,bars,,,,,
7.896553529626611,92.44888577245948,True,18.28297211944594,368,9,0,2.025,2.025,3.4193390485568274,11.031785728784245,0.13294872611567038,-4.270173225891175,-74.47416162818541,135.08672986225196,1.8787500000000001,1.555,506,20,2,163,0.3221343873517787,13.108890140241842,0.2293646298435325,PLL96-IQ-corrected,safe_range,retrospective_failed_max_diagnostic,40401,NTSC,4,3,1000000.0,,False,bars,,,,,
10.17584514034952,95.77113164137734,True,2.3933744170853815,120,1,0,2.025,1.7362499999999996,3.1368820738238985,2.614073209452512,1.282832184189104,-2.653352573541448,-74.58777275193444,134.41359877556613,1.81875,1.2625,506,4,2,386,0.7628458498023716,23.29743966732657,0.475762232259283,floating-PLL-IQ40,safe_range,retrospective_failed_max_diagnostic,40401,NTSC,4,3,1000000.0,,False,bars,,,,,
3.2144332179380046,42.57930011142765,True,127.35009799287708,506,12,0,2.025,2.025,1000000.0,49.35984626854032,27.07947446230174,-28.9591922207282,-77.08830041446768,130.27757092871104,1000000.0,1000000.0,506,506,2,0,0.0,4.193419229349853,0.1864322093925091,HC50,safe_range,retrospective_failed_max_diagnostic,40401,NTSC,4,3,1000000.0,,False,bars,,,,,
5.8407762547846644,90.84759578479031,True,40.990676376641865,63,2,0,2.025,2.025,2.881006827239472,3.119078315011523,-2.010078276935025,-14.585435426603473,-81.98755883020435,127.47757869770363,1.6224999999999994,0.33749999999999974,506,4,2,399,0.7885375494071146,11.046572440730422,0.2130057064196666,PLL96-board-fixed,safe_range,retrospective_failed_max_diagnostic,40401,NTSC,4,3,1000000.0,,False,bars,,,,,
8.62224534078405,91.3154316642223,True,16.734805082985368,1,0,1,0.975,0.7024999999999995,1.8152465533653963,0.6107594995431312,-0.5657163801677701,-14.410334697474852,-64.93420518052463,130.02623556009263,0.975,0.7024999999999993,506,1,2,211,0.41699604743083,13.263686652522912,0.24513439582467103,FAILED_MAX,safe_range,retrospective_failed_max_diagnostic,40401,NTSC,4,3,1000000.0,,False,bars,,,,,
5.186310344298373,93.49610676197366,True,52.53607372195311,36,0,0,2.025,0.8687499999999997,2.6221516968468084,6.858650036574933,1.1179553014735293,-5.309176469882451,-78.7391345519132,149.01288474700755,1.7,0.8687499999999997,506,3,2,388,0.766798418972332,15.401052459157242,0.26214612155689127,BAL_RESEARCH,safe_range,retrospective_failed_max_diagnostic,40401,NTSC,4,3,1000000.0,,False,bars,,,,,
7.4675791238241,87.80301759525342,True,22.273434748183895,448,12,0,2.025,2.025,3.538154106700077,10.820726296422647,2.810904911363043,-9.467071376050843,-84.32934716782358,139.27540547579198,1.9,1000000.0,506,29,2,50,0.09881422924901186,16.45964611108034,0.3522674672882436,OVP56,safe_range,retrospective_failed_max_diagnostic,40401,NTSC,6,3,1000000.0,,False,bars,,,,,
7.465714706063789,91.14312371864904,True,19.995965884630323,390,9,0,2.025,2.025,3.445889449014229,6.800853244709824,1.538236130334553,-7.958244263778371,-85.84946576106829,146.43500446925879,1.83125,1.4575,506,17,2,119,0.23517786561264822,18.278600956628498,0.35553111121772,VLP56,safe_range,retrospective_failed_max_diagnostic,40401,NTSC,6,3,1000000.0,,False,bars,,,,,
8.546682900624852,93.70902367717495,True,12.814337366445193,7,1,0,1.1375,1.337499999999999,1.9822139375426602,3.5424729760366303,1.735093344195841,-5.632420687324237,-62.810298629945486,126.29210408134048,1.0274999999999992,0.65,506,1,2,258,0.5098814229249012,19.04939798867011,0.3557760216385475,RANGE32,safe_range,retrospective_failed_max_diagnostic,40401,NTSC,6,3,1000000.0,,False,bars,,,,,
-6.640294927193068,-83.69850532163849,False,603.931155111736,506,12,47,2.025,2.025,1000000.0,86.7648372168129,22.123934025910742,-157.16452888514823,-72.85493392174774,132.6729451163262,1000000.0,1000000.0,506,506,2,1368,2.7035573122529644,-6.676872093415961,-0.2887549845492024,PLL96-rejected-board,safe_range,retrospective_failed_max_diagnostic,40401,NTSC,6,3,1000000.0,,False,bars,,,,,
9.084265834309534,93.50541344115629,True,8.367778858224929,377,10,0,2.025,2.025,3.506798491347161,12.32540550653584,-0.6061425003717474,-3.16675769321512,-71.98768645362567,133.0949522928851,1.9149999999999998,1.4425,506,13,2,113,0.22332015810276679,14.239653765147096,0.28363313619851827,PLL96-IQ-corrected,safe_range,retrospective_failed_max_diagnostic,40401,NTSC,6,3,1000000.0,,False,bars,,,,,
12.069226575847527,95.91025664233675,True,0.3153534216222563,24,0,0,1.96875,0.7224999999999996,2.7077461593519945,2.2988468852279187,1.4215448775991772,-2.0664321011797773,-70.65935196380005,131.54366690394545,1.575,0.7224999999999996,506,2,2,398,0.7865612648221344,25.620483526545357,0.5704680142147034,floating-PLL-IQ40,safe_range,retrospective_failed_max_diagnostic,40401,NTSC,6,3,1000000.0,,False,bars,,,,,
3.8684873392840435,44.27002804735366,True,105.3084743517568,506,12,0,2.025,2.025,1000000.0,49.03077887348708,27.04899567024308,-26.603868052624833,-66.01323101702636,115.19383083695212,1000000.0,1000000.0,506,506,2,0,0.0,4.436351064381159,0.27502342406973146,HC50,safe_range,retrospective_failed_max_diagnostic,40401,NTSC,6,3,1000000.0,,False,bars,,,,,
8.690457672129808,95.56588663158533,True,13.25387530970867,8,0,0,1.66875,0.6762499999999995,2.2765482506968757,0.4621656062092212,-2.5230369000464044,-10.310629877358833,-81.09834273238349,124.35605033078517,1.425,0.6762499999999995,506,1,2,320,0.6324110671936759,14.800704450767686,0.30424810962264814,PLL96-board-fixed,safe_range,retrospective_failed_max_diagnostic,40401,NTSC,6,3,1000000.0,,False,bars,,,,,
9.853933610992227,92.83206226647029,True,9.672845285654505,0,0,2,0.59375,0.2487499999999998,1.1924871872265985,0.06654554524104582,-1.873742061895879,-12.954146209385783,-64.1616360832409,128.23191599830727,0.59375,0.2487499999999998,506,0,2,109,0.21541501976284586,14.606630719890132,0.3084242973604494,FAILED_MAX,safe_range,retrospective_failed_max_diagnostic,40401,NTSC,6,3,1000000.0,,False,bars,,,,,
7.75500102976709,96.86378231926992,True,18.178356067881516,1,0,0,0.85,0.7724999999999996,1.7254375969562328,2.371655869516939,0.8616167305068407,-2.5886993007421415,-74.01713760855554,145.85483762416877,0.85,0.7724999999999996,506,1,2,204,0.4031620553359684,21.37167983202915,0.3572771362149224,BAL_RESEARCH,safe_range,retrospective_failed_max_diagnostic,40401,NTSC,6,3,1000000.0,,False,bars,,,,,
16.0727068834452,97.5438514916951,True,0.3462113936664389,0,0,2,0.05,0.05,0.021087058391832496,0.16199956282367603,1.0807108057190424,-1.3993567779789267,-54.64840624907657,123.93178850264475,0.05,0.05,506,0,2,0,0.0,28.079187400683672,0.7456571700267748,OVP56,safe_range,retrospective_failed_max_diagnostic,40401,NTSC,30,3,1000000.0,,True,bars,0.8825771595604145,-48.41214968823051,9.663341595279906,21.913568866013307,11.516897155878135
16.29113826396353,97.51995801074897,True,0.3514798279178847,0,0,2,0.05,0.05,0.019217652869645184,0.3093418621202923,1.2433106644091267,-1.303779295699912,-53.903849294461374,123.46432764891439,0.05,0.05,506,0,2,0,0.0,28.381202348417773,0.7539953361025151,VLP56,safe_range,retrospective_failed_max_diagnostic,40401,NTSC,30,3,1000000.0,,True,bars,0.8730797098518244,-48.38967567788679,9.175755838389588,22.47194267002191,11.296606575532689
16.166927250045468,95.66012409558635,True,0.8790758865269579,0,0,2,0.05,0.061249999999999985,0.03912014027958068,1.2683202048856066,1.878914042382371,-3.148536058112463,-43.11401197215997,103.12365841161925,0.05,0.061249999999999985,506,0,2,0,0.0,25.223679421589136,0.7393945025692629,RANGE32,safe_range,retrospective_failed_max_diagnostic,40401,NTSC,30,3,1000000.0,,True,bars,0.8549278194570176,-49.366930886324106,8.828049124042428,19.599491860588394,11.435408151768346
-6.585948899135991,-82.6271872317887,False,605.5101801202408,506,12,50,2.025,2.025,1000000.0,84.94329127348418,22.590675306608613,-156.19253282800645,-67.64557524565504,66.87082104651368,1000000.0,1000000.0,506,506,2,1243,2.4565217391304346,-6.63363719795965,-0.3473676553132978,PLL96-rejected-board,safe_range,retrospective_failed_max_diagnostic,40401,NTSC,30,3,1000000.0,contrast;waveform;detail_floor;sync;h_jitter_us;v_jitter_us;h_width_rmse_us;sync_error_ire;black_error_ire;white_error_ire;contrast;stress_waveform;reference_detail;burst_gain;burst_phase_jitter_deg;burst_amplitude_jitter_pct;burst_rmse_ire;h_missing;v_missing;vertical_trains;sync_error_ire;black_error_ire;white_error_ire,False,bars,0.43331668063115863,82.22535657174244,39.77332947381112,32.8267814709771,29.353959113781325
8.899602190304844,98.4265516753421,True,6.392868647397243,506,12,0,2.025,2.025,1000000.0,13.926792385107179,-1.069294011546205,-1.6800285053478037,-41.74134848297786,106.98384898097599,1000000.0,1000000.0,506,506,2,0,0.0,11.730285214092039,0.35452115261174516,PLL96-IQ-corrected,safe_range,retrospective_failed_max_diagnostic,40401,NTSC,30,3,1000000.0,waveform;detail_floor;sync;h_jitter_us;v_jitter_us;h_width_rmse_us;sync_error_ire;stress_waveform;reference_detail;burst_gain;burst_phase_jitter_deg;burst_amplitude_jitter_pct;burst_rmse_ire;h_missing;v_missing;vertical_trains;sync_error_ire,False,bars,0.5012938387088206,-96.55776758363825,39.400848391040455,34.54670727734353,18.079041934888625
21.936704463791777,96.32332876737055,True,0.0,0,0,2,0.025,0.025,0.019849980834510516,1.664270630031257,1.7130389823146708,-1.152467222006033,-45.54913454483941,111.78756287616808,0.025,0.025,506,0,2,0,0.0,28.788779421097548,0.9365523361118377,floating-PLL-IQ40,safe_range,retrospective_failed_max_diagnostic,40401,NTSC,30,3,1000000.0,burst_gain,True,bars,0.597747563557746,4.6846135045486355,6.752755965386762,16.867110619582725,6.146866832497894
4.323389647934902,44.46941967050869,True,94.71440570556376,506,12,0,2.025,2.025,1000000.0,48.93825159296931,27.107058526145998,-25.65906776612067,3.305479850721852,84.1876294320899,1000000.0,1000000.0,506,506,2,0,0.0,4.477162529216105,0.5919225384594242,HC50,safe_range,retrospective_failed_max_diagnostic,40401,NTSC,30,3,1000000.0,contrast;waveform;detail_floor;sync;h_jitter_us;v_jitter_us;h_width_rmse_us;sync_error_ire;black_error_ire;white_error_ire;contrast;stress_waveform;reference_detail;burst_gain;burst_rmse_ire;h_missing;v_missing;vertical_trains;sync_error_ire;black_error_ire;white_error_ire,False,bars,0.4399502794784891,80.55400971065548,8.546189556143208,19.10261721871048,30.832453899923078
11.870342182384597,96.72442808187826,True,3.678119740973667,0,0,2,0.25,0.075,0.09269915000185922,5.720157464468536,-0.6266684329155406,-2.7868403292961856,-57.46087250219305,111.3089501273905,0.25,0.075,506,0,2,0,0.0,16.854679943231172,0.4861680212797641,PLL96-board-fixed,safe_range,retrospective_failed_max_diagnostic,40401,NTSC,30,3,1000000.0,waveform;detail_floor;sync_error_ire;stress_waveform;reference_detail;burst_phase_jitter_deg;burst_rmse_ire,True,bars,0.6030689171305357,-86.44308173731957,33.546374801247524,17.13027477352013,16.391271917140728
11.275981176581148,94.73295061681452,True,6.251373556072698,0,0,2,0.125,0.125,0.06401812366902647,0.720072806994168,-4.516930889886715,-11.242581975704477,-44.97273371591771,113.56156975337431,0.125,0.125,506,0,2,0,0.0,15.133875957461047,0.4256952765363064,FAILED_MAX,safe_range,retrospective_failed_max_diagnostic,40401,NTSC,30,3,1000000.0,waveform;detail_floor;white_error_ire;stress_waveform;reference_detail;burst_gain;burst_phase_jitter_deg;burst_amplitude_jitter_pct;burst_rmse_ire;white_error_ire,True,bars,0.236576258578741,-66.676858327569,42.19319193341635,120.97823016241445,15.267193047115162
15.595934242921523,97.76160689917485,True,0.2318111070636156,0,0,2,0.075,0.061249999999999985,0.041301097230110814,1.638364767709997,0.6165815258595918,-0.8024051908577585,-42.972286023246056,115.32613787279477,0.075,0.061249999999999985,506,0,2,0,0.0,26.988612424861458,0.7320452603366028,BAL_RESEARCH,safe_range,retrospective_failed_max_diagnostic,40401,NTSC,30,3,1000000.0,,True,bars,0.997539289993115,-48.85223769445413,10.528456021484654,22.186879349838115,12.226049325473006
