sinad,contrast,polarity_ok,large_errors,h_missing,v_missing,v_trains,h_jitter_us,v_jitter_us,h_width_rmse_us,sync_error_ire,black_error_ire,white_error_ire,raw_min,raw_max,stage,seed,standard,cnr,model,gate_failures,loaded_dac_min_volts,loaded_dac_max_volts
0.8300286481133887,55.3912297727523,True,223.64115432873274,610,8,0,1000000.0,1000000.0,1000000.0,35.636175010596865,13.928339452495518,-29.781488120230367,-92.46831375944092,149.53936257078374,final,9501,PAL,0,OVP56,,-0.14906307456135112,1.1498152471924905
0.05612061095654489,59.24818025353879,True,228.3883312421581,610,8,0,1000000.0,1000000.0,1000000.0,26.41133672686648,8.568385551872401,-32.94929425311777,-95.6595762096055,154.75058321200984,final,9501,PAL,0,VLP56,weak_sinad,-0.1661908850440641,1.1777843662857568
0.7412723755505102,56.03993271694584,True,218.71016311166878,610,8,0,1000000.0,1000000.0,1000000.0,33.30023325766344,12.483535625304826,-30.95156557763212,-91.48979397705303,148.926038706012,final,9501,PAL,0,DSP-9c5463dcb322,,-0.14381126539552683,1.1465234794095573
-6.766733580800366,-77.7234478624876,False,628.7459222082811,608,8,0,1.8775,1000000.0,3.662691974490893,90.7616154313717,20.309490390947595,-148.30150892528044,-76.119200595829,137.52892785616484,final,9501,PAL,0,PLL96-rejected-board,polarity;weak_sinad,-0.06131582211825267,1.0853540965289403
2.869676157942582,85.30676634634904,True,113.1141781681305,388,7,0,1.9237499999999996,1.0,3.3389031450031177,11.946140065681718,2.7108843733063104,-11.493834377787007,-77.05453438113759,139.17964162596286,final,9501,PAL,0,PLL96-IQ-corrected,,-0.06633584791149878,1.0942136350507086
6.066730226331934,92.42684161386347,True,39.926599749058965,483,5,0,1.825,1.65,3.4437821979288485,4.596891045402516,1.3275721696759877,-7.721410344470615,-79.91255748192249,138.9459277757985,final,9501,PAL,0,floating-PLL-IQ40,,-0.08167513096637097,1.0929592704864295
0.8879229945271855,31.735243829345364,True,227.85319949811793,610,8,0,1000000.0,1000000.0,1000000.0,52.80479872259584,27.27937293829136,-41.34613962616402,-81.10367260006967,139.43083737875125,final,9501,PAL,0,HC50,,-0.08806795961187051,1.0955618266566982
5.192315970019862,80.81765302353779,True,65.75721455457966,602,8,0,1.4387499999999995,1000000.0,3.622660883245905,16.93111402901903,4.973840546137677,-13.71039147135352,-84.53598289037997,145.26075423368013,final,9501,PAL,4,OVP56,,-0.10825301931977233,1.1269974662421376
4.895743762662535,84.95267045588034,True,63.127352572145554,576,8,0,1.6687499999999997,1000000.0,3.528161390032724,11.077700944212774,2.7864933937646517,-12.781347279133557,-90.37317410726543,150.62507270161387,final,9501,PAL,4,VLP56,weak_sinad,-0.13963028505128183,1.155832849525437
5.260624857296955,80.77046101442428,True,61.73902132998745,603,8,0,1.3049999999999993,1000000.0,3.611650295521821,15.615808215625878,4.4905561022957174,-14.567615105231312,-85.19106332221183,143.7196658947067,final,9501,PAL,4,DSP-9c5463dcb322,weak_sync,-0.11177434182256117,1.1187134925755184
-6.7598223941626765,-83.5351257750567,False,599.2440401505646,610,8,0,1000000.0,1000000.0,1000000.0,88.70832140742257,22.323885699123533,-156.8611151353494,-74.57105636014029,134.05258822908,final,9501,PAL,4,PLL96-rejected-board,polarity;weak_sinad;weak_sync,-0.054687505339380243,1.0667490368139756
7.961721314261403,93.11209646277082,True,17.37013801756587,418,5,0,1.9,1.1125,3.4020104541591776,10.689750808620749,-0.1885205250786305,-3.9871220879460285,-74.27306191457754,137.47452191557343,final,9501,PAL,4,PLL96-IQ-corrected,,-0.05308566456399355,1.0851433156044517
10.248218013022532,95.89532074872649,True,2.524466750313676,140,1,0,1.7637499999999988,1.9449999999999998,3.133245504842706,2.5383354672634897,1.2780840970977518,-2.5698078298921727,-75.18800722181835,136.31040248749892,final,9501,PAL,4,floating-PLL-IQ40,,-0.05800386596744363,1.0788857024338836
3.339801526318829,42.69797269960569,True,125.85570890840653,610,8,0,1000000.0,1000000.0,1000000.0,49.347636277020825,27.32947264257388,-28.844776748967508,-80.12636257717749,128.238436164432,final,9501,PAL,4,HC50,weak_sinad;weak_sync,-0.08454952508744831,1.0354956158521718
16.092297138521378,97.62112993742666,True,0.4711417816813049,0,0,2,0.05,0.04124999999999999,0.02101424185298479,0.1128928367683686,0.9531242555036957,-1.2291808786553395,-56.559209705404875,124.04664126993995,final,9501,PAL,30,OVP56,,0.0,1.0152053975846849
16.312389489007504,97.59904023862659,True,0.5125470514429109,0,0,2,0.05,0.05,0.018360015357684924,0.25045854936009865,1.113886968286777,-1.1305330052563156,-56.41708516985353,123.43557484876882,final,9501,PAL,30,VLP56,,0.0,1.0119082363326175
16.113208779570993,95.99331655917341,True,0.48243412797992474,0,0,2,0.05,0.05,0.020989849225085046,0.8632059365099503,1.0757003090957764,-3.213580127990203,-55.20420917664714,121.20269388454983,final,9501,PAL,30,DSP-9c5463dcb322,,0.0,0.9998601702949004
-6.652402495212217,-81.87083298172762,False,590.370765370138,610,8,0,1000000.0,1000000.0,1000000.0,84.94252920275542,23.203409276218476,-156.2963879892927,-67.75130411942538,67.12950960754551,final,9501,PAL,30,PLL96-rejected-board,polarity;strong_sinad;h_missing;v_missing;vertical_trains;h_jitter_us;v_jitter_us;h_width_rmse_us;sync_error_ire;black_error_ire;white_error_ire,-0.01968824384944848,0.7080948207403751
9.142505773336193,98.21380114144678,True,5.979924717691342,610,8,0,1000000.0,1000000.0,1000000.0,14.012317180037325,-1.1364927576835064,-1.5517547348357648,-45.666376399437304,107.1685901707992,final,9501,PAL,30,PLL96-IQ-corrected,strong_sinad;h_missing;v_missing;vertical_trains;h_jitter_us;v_jitter_us;h_width_rmse_us;sync_error_ire,0.0,0.9241356641376358
21.807045468254085,96.47459542301772,True,0.0,0,0,2,0.025,0.025,0.019964107136821615,1.5947045949607908,1.7745381415058599,-0.9906422999279842,-45.8526824698919,111.20928611482043,final,9501,PAL,30,floating-PLL-IQ40,,0.004301425188145329,0.9459382466989198
4.46061032810324,44.51440673332,True,88.97992471769133,610,8,0,1000000.0,1000000.0,1000000.0,48.92743314017831,27.40034333464918,-25.534598354674667,2.6434921232846023,84.22099055491503,final,9501,PAL,30,HC50,strong_sinad;h_missing;v_missing;vertical_trains;h_jitter_us;v_jitter_us;h_width_rmse_us;sync_error_ire;black_error_ire;white_error_ire,0.004936965440432157,0.8003161681547989
0.8634114563476326,55.364480658151734,True,224.3660568328582,506,12,0,1000000.0,1000000.0,1000000.0,35.30575772823008,13.951344829899918,-30.126230600219387,-90.10715921716005,150.11294590876275,final,9501,NTSC,0,OVP56,,-0.13605548148133476,1.1536282492759027
0.10820163202231783,59.249554939652086,True,228.44382494347724,506,12,0,1000000.0,1000000.0,1000000.0,25.86813315199725,8.71730036049212,-33.461739633851366,-96.91571130366418,155.1606116583372,final,9501,NTSC,0,VLP56,weak_sinad,-0.17260895335403542,1.1807279476634056
0.7794151463815392,56.01921565394385,True,219.13073845385003,506,12,0,1000000.0,1000000.0,1000000.0,32.97199224303307,12.503939359533035,-31.28820385693857,-89.5656930773246,149.3284149341415,final,9501,NTSC,0,DSP-9c5463dcb322,,-0.13314848054177703,1.1494162919390525
-6.680155819366887,-77.52407230360983,False,627.5405142593936,506,12,0,1000000.0,1000000.0,1000000.0,90.30196935640755,20.179956353565284,-147.94726132280573,-77.44059196712159,137.10065203087834,final,9501,NTSC,0,PLL96-rejected-board,polarity;weak_sinad,-0.06805174091867941,1.083768385942055
2.902939167571782,85.20679432152613,True,114.39501816857184,316,4,0,1.9,1.5212499999999998,3.3182767404657176,11.854118605832435,2.6284896714478116,-12.027061283234545,-76.22519345761677,137.3871524588215,final,9501,NTSC,0,PLL96-IQ-corrected,,-0.06152655984246057,1.0853065375492221
6.084297157047125,92.26804310827941,True,41.048629153407774,414,12,0,1.88625,1000000.0,3.420628557481924,4.691922004108192,1.1380475127284728,-7.803809562831442,-80.36228186595855,139.53244902922012,final,9501,NTSC,0,floating-PLL-IQ40,,-0.0837375883912404,1.0968241167420296
0.906879527230864,31.744902933059837,True,231.8765861750264,506,12,0,1000000.0,1000000.0,1000000.0,52.575763589670395,27.22600028405952,-41.731130493703034,-82.43627149735244,135.09544855841978,final,9501,NTSC,0,HC50,,-0.09487233784930835,1.073002932759308
5.235594489734518,80.70505901667387,True,66.46280334891787,499,11,0,1.8349999999999995,0.925,3.597705121720948,16.799383583191645,4.99700765253551,-14.055915778039934,-80.6996745559638,146.3636982910267,final,9501,NTSC,4,OVP56,,-0.08842631660844948,1.1342254916638004
4.96151479719717,84.84893861878457,True,62.99843151185999,482,11,0,1.9062499999999996,0.925,3.5251883814911222,11.001433444126032,2.8150818715109645,-13.155490451409175,-90.65648984579792,148.69510535025813,final,9501,NTSC,4,VLP56,weak_sinad,-0.1420400635818633,1.1467792515284916
5.3085637428477455,80.6780304390841,True,62.19612423871125,498,11,0,1.8074999999999997,0.925,3.5919941362702694,15.482421527534926,4.5110080966471,-14.901849860900702,-79.21088814576805,144.69995833353968,final,9501,NTSC,4,DSP-9c5463dcb322,,-0.08040975553242075,1.1252668708082603
-6.658135114832083,-83.25741466562913,False,596.8511321112572,506,12,0,1000000.0,1000000.0,1000000.0,88.57258574639336,22.27842908552054,-156.7107728449648,-74.44122782770039,133.03132642100732,final,9501,NTSC,4,PLL96-rejected-board,polarity;weak_sinad;weak_sync,-0.05472690875880424,1.062435628018897
8.00012507335637,92.6991200952791,True,17.735054957295578,368,7,0,1.9075000000000002,1.045,3.4375260209818825,10.884675702082374,-0.1652331024541891,-4.240293911160551,-74.36417492504864,136.1198410045312,final,9501,NTSC,4,PLL96-IQ-corrected,,-0.054312007537270536,1.0790661303014706
10.380328029696209,95.8117326841871,True,2.214247652536224,108,1,0,1.875,1.2625,3.1466848132710004,2.5891882449064165,1.267686467769149,-2.546034799753263,-73.46219342640899,135.7297752968841,final,9501,NTSC,4,floating-PLL-IQ40,,-0.04945517265231077,1.0769657715477885
3.3082134594275785,42.57902757562586,True,130.94091225196962,506,12,0,1000000.0,1000000.0,1000000.0,49.322331809035674,27.283186633867412,-29.116463219286874,-76.01294156211836,124.71232661165777,final,9501,NTSC,4,HC50,weak_sinad;weak_sync,-0.06319000263157686,1.0176409082347786
16.26815892451029,97.61922197856694,True,0.35900616256280726,0,0,2,0.05,0.036249999999999984,0.020613131391682124,0.09359952448583106,0.922933755503792,-1.3648924661024235,-58.056028100885776,123.87719655216297,final,9501,NTSC,30,OVP56,,0.0,1.0150895705096288
16.500519172432266,97.59002577543806,True,0.36803776413671435,0,0,2,0.05,0.05,0.01866333727131262,0.2432605372297078,1.0887522421449782,-1.255703762106656,-56.49050330782824,123.53645994353327,final,9501,NTSC,30,VLP56,,0.0,1.0132491946008682
16.280440487966125,95.99397991637073,True,0.37029566453019114,0,0,2,0.05,0.05,0.02046277831680458,0.8473768088664064,1.0415984653045798,-3.3486093733924034,-55.2916062831477,121.0360917341222,final,9501,NTSC,30,DSP-9c5463dcb322,,0.0,0.99974428406561
-6.5536875192144395,-81.72255795380754,False,588.6022693404221,506,12,0,1000000.0,1000000.0,1000000.0,84.95046708381149,23.248281804642833,-156.27066509106848,-67.70853501464427,67.03877663055083,final,9501,NTSC,30,PLL96-rejected-board,polarity;strong_sinad;h_missing;v_missing;vertical_trains;h_jitter_us;v_jitter_us;h_width_rmse_us;sync_error_ire;black_error_ire;white_error_ire,-0.019697288043136377,0.7080956753234494
9.157457649234754,97.89428321618253,True,5.844951485246878,506,12,0,1000000.0,1000000.0,1000000.0,13.94718329189875,-1.24019250154878,-1.6403363192781026,-41.802998661003514,107.03752595615119,final,9501,NTSC,30,PLL96-IQ-corrected,strong_sinad;h_missing;v_missing;vertical_trains;h_jitter_us;v_jitter_us;h_width_rmse_us;sync_error_ire,0.0,0.924135668605749
22.106894824967473,96.394638887079,True,0.0,0,0,2,0.025,0.025,0.01892621412294778,1.607148633922796,1.7463051003069043,-1.1101270468646893,-46.86637845086254,112.16866917714522,final,9501,NTSC,30,floating-PLL-IQ40,,0.004301425188145329,0.9518498388156805
4.417230382391738,44.49377925564309,True,94.46076822802988,506,12,0,1000000.0,1000000.0,1000000.0,48.91517579341725,27.345034990176213,-25.62804325930872,1.627393983206332,84.22582246501294,final,9501,NTSC,30,HC50,strong_sinad;h_missing;v_missing;vertical_trains;h_jitter_us;v_jitter_us;h_width_rmse_us;sync_error_ire;black_error_ire;white_error_ire,0.004936965440432157,0.8009258094957517
0.8138708126094121,55.20773650341743,True,223.94542032622334,610,8,0,1000000.0,1000000.0,1000000.0,35.7849089935089,14.035360294378473,-30.116850503218647,-90.34408967160365,148.50545483673062,final,9502,PAL,0,OVP56,,-0.13766216092060246,1.1442661655979762
0.03162614244463377,59.07225089647098,True,229.400878293601,610,8,0,1000000.0,1000000.0,1000000.0,26.338896163285504,8.731479400169334,-33.3069640019451,-96.08404984763891,155.90089042383497,final,9502,PAL,0,VLP56,weak_sinad,-0.16846907561618982,1.1839581749989896
0.7226852927180771,55.846145621648596,True,219.25721455457966,610,8,0,1000000.0,1000000.0,1000000.0,33.428526970313136,12.587562226782685,-31.278614434670878,-91.56482658165774,148.0476794872303,final,9502,PAL,0,DSP-9c5463dcb322,,-0.14421397255351304,1.1418092415585588
-6.75280822609944,-77.09899046770742,False,627.6530740276035,610,8,0,1000000.0,1000000.0,1000000.0,89.79764700680589,20.242389623135168,-147.6915322171525,-77.14905117740818,137.45200943807873,final,9502,PAL,0,PLL96-rejected-board,polarity;weak_sinad,-0.06684312858779431,1.0849412680298174
2.802921182632865,84.87811829547053,True,114.25407779171896,373,6,0,1.8549999999999998,1.51375,3.305815343359061,12.89700653679909,3.2238388843043095,-11.127769900850192,-76.84114916975464,136.8055409880184,final,9502,PAL,0,PLL96-IQ-corrected,,-0.0651905890938819,1.0814716100908046
6.064443235039352,92.35293870339324,True,40.08218318695106,497,7,0,1.925,0.75,3.4893960732127005,4.94112763927258,1.1308614891037843,-7.67531412507361,-78.90966109469345,141.24157472294632,final,9502,PAL,0,floating-PLL-IQ40,,-0.07629249023327465,1.1052802269918836
0.8759500826381015,31.645001704130873,True,228.89272271016313,610,8,0,1000000.0,1000000.0,1000000.0,52.74578372275417,27.388467487863224,-41.79425853884744,-82.91738752402145,137.37791894587284,final,9502,PAL,0,HC50,,-0.09780234090210627,1.0845436172790908
5.185802196082722,80.75735798507422,True,66.40589711417817,607,8,0,1.555,1000000.0,3.675056688905175,16.920796548347962,5.139713214096297,-13.862782397154191,-86.83593624289468,146.9948987386255,final,9502,PAL,4,OVP56,,-0.12061619962868052,1.136319194951505
4.871870498601492,84.80281862050488,True,63.535759096612296,592,8,0,1.69375,1000000.0,3.593531998218775,11.176901214603665,2.9281564558981326,-13.032308244267902,-90.42725896146244,151.07829038263878,final,9502,PAL,4,VLP56,weak_sinad,-0.13992101303656365,1.158269078027015
5.2546906414282555,80.71340267243855,True,62.29234629861982,607,8,0,1.4425,1000000.0,3.658409262689637,15.600705178260002,4.637970980509992,-14.723331310252703,-86.91993782952862,145.79145130562608,final,9502,PAL,4,DSP-9c5463dcb322,,-0.12106774216133852,1.129850177834181
-6.761430559837583,-83.56965746923869,False,598.8312421580928,610,8,0,1000000.0,1000000.0,1000000.0,88.80993561049416,22.159168388907204,-156.72747631909235,-73.82590787986743,135.87473718165367,final,9502,PAL,4,PLL96-rejected-board,polarity;weak_sinad;weak_sync,-0.05068203061596911,1.0765438250542354
8.006883219655798,92.9732207834856,True,17.32245922208281,399,7,0,1.875,0.0,3.409754789588026,10.749939127433377,-0.11115020756175271,-3.998605490505857,-75.4459768740827,135.35429352999182,final,9502,PAL,4,PLL96-IQ-corrected,,-0.059390557276501416,1.0737462297468838
10.28582977481162,95.94806397746008,True,2.3946047678795486,166,1,0,1.8,1.7600000000000002,3.1237815192054854,2.5458861357012403,1.278950491940469,-2.4166858948300294,-78.63354369438801,136.26700290758694,final,9502,PAL,4,floating-PLL-IQ40,,-0.07652501928767208,1.0786524121233667
3.322569023760124,42.608406580443344,True,126.12860727728983,610,8,0,1000000.0,1000000.0,1000000.0,49.40021771242397,27.38992566290601,-28.990362320955757,-71.09981426157343,126.41663573857727,final,9502,PAL,4,HC50,weak_sinad;weak_sync,-0.03602817387357801,1.025702701084113
16.098518980684574,97.62501617084006,True,0.44542032622333755,0,0,2,0.05,0.04124999999999999,0.022084042157919977,0.10011831968342205,0.9502729618286925,-1.2320272981782616,-55.408390371316926,124.32580758868417,final,9502,PAL,30,OVP56,,0.0,1.016711709070892
16.320133641548264,97.60300159467123,True,0.48431618569636137,0,0,2,0.05,0.05,0.018471289196755163,0.2463197285047731,1.113795403939109,-1.1283899363872498,-56.41963198767281,123.6840986763398,final,9502,PAL,30,VLP56,,0.0,1.0132492086166323
16.120638462746456,95.99695780143367,True,0.45357590966122957,0,0,2,0.05,0.05,0.021803894974650143,0.8534144394003546,1.072914317517769,-3.216794732429553,-53.38640253744144,121.3476792445077,final,9502,PAL,30,DSP-9c5463dcb322,,0.0,1.0006424749583671
-6.652366893437166,-81.90269028235939,False,590.3287327478043,610,8,0,1000000.0,1000000.0,1000000.0,84.94887107416106,23.22642193617008,-156.298106719922,-66.6321428805134,68.3506949837338,final,9502,PAL,30,PLL96-rejected-board,polarity;strong_sinad;h_missing;v_missing;vertical_trains;h_jitter_us;v_jitter_us;h_width_rmse_us;sync_error_ire;black_error_ire;white_error_ire,-0.013649530308809225,0.7146840309546139
9.143519575957692,98.20172846920052,True,6.00564617314931,610,8,0,1000000.0,1000000.0,1000000.0,14.003987994454056,-1.1059500888946185,-1.5460703634864257,-41.8214251009563,107.16859040178011,final,9502,PAL,30,PLL96-IQ-corrected,strong_sinad;h_missing;v_missing;vertical_trains;h_jitter_us;v_jitter_us;h_width_rmse_us;sync_error_ire,0.0,0.924135665383951
21.809478511568972,96.47885724509233,True,0.0,0,0,2,0.025,0.025,0.019152108988007684,1.5880141620687922,1.7764755708904951,-0.9847725646936094,-45.11748457368235,111.97609683487246,final,9502,PAL,30,floating-PLL-IQ40,,0.005777096664783643,0.9500757651522816
4.460376848976326,44.513109680221916,True,88.98431618569636,610,8,0,1000000.0,1000000.0,1000000.0,48.92770832423166,27.40029265711858,-25.533472383662584,2.6397934431667665,84.33397665873176,final,9502,PAL,30,HC50,strong_sinad;h_missing;v_missing;vertical_trains;h_jitter_us;v_jitter_us;h_width_rmse_us;sync_error_ire;black_error_ire;white_error_ire,0.003494976675393626,0.8009258128523633
0.8855885861615784,55.535952581858396,True,223.35000165579365,506,12,0,1000000.0,1000000.0,1000000.0,35.732286751726306,13.597608866502663,-29.611517326282602,-90.45692182206591,150.07700088902016,final,9502,NTSC,0,OVP56,,-0.1379332724386649,1.153435269145703
0.13970907236781857,59.61721955601175,True,227.8070970325168,506,12,0,1000000.0,1000000.0,1000000.0,26.29626977744094,8.218623173697218,-32.64074183589474,-94.79733003399599,155.86194871487913,final,9502,NTSC,0,VLP56,weak_sinad,-0.1612358759107474,1.1844932569455957
0.8051623396031435,56.24341513531728,True,218.34047331613314,506,12,0,1000000.0,1000000.0,1000000.0,33.34419792822707,12.098434814932512,-30.704437319747985,-90.38354833275737,149.4111559896263,final,9502,NTSC,0,DSP-9c5463dcb322,,-0.13753934789442035,1.14986050868381
-6.679865143868829,-77.52783032284522,False,626.5063958791812,506,12,0,1000000.0,1000000.0,1000000.0,90.103407581346,20.860924849021064,-148.29804018680593,-76.48755366331133,136.8316005153797,final,9502,NTSC,0,PLL96-rejected-board,polarity;weak_sinad,-0.06293510842628974,1.0823239133318534
2.9205310535576317,85.39102304485097,True,113.92838542058662,308,5,0,1.875,1.225,3.2940900170462917,12.106813860968305,2.2705363239825687,-11.624893319130381,-77.57208929394655,137.9920668645674,final,9502,NTSC,0,PLL96-IQ-corrected,,-0.06875771830951988,1.0885541769055624
6.159723789212009,92.46064154202696,True,39.96107379721646,395,11,0,1.925,0.025,3.4420802818450746,4.80784350109802,1.0731911304344455,-7.448855083191965,-79.74017486201079,139.70514557352715,final,9502,NTSC,0,floating-PLL-IQ40,,-0.08039764612720308,1.0977512827818332
0.9257786825772438,31.93866242216013,True,230.53990914208816,506,12,0,1000000.0,1000000.0,1000000.0,52.806360686925636,26.971141257871192,-41.253934609437366,-83.80775879072918,138.2272534605254,final,9502,NTSC,0,HC50,,-0.10223552191036382,1.0898168369412
5.259752325317969,80.7424894661665,True,65.76511212733354,502,12,0,1.3699999999999999,1000000.0,3.5039709616376675,16.910476107404982,4.827361470616948,-13.87194106603136,-80.85960768054844,142.63343283324494,final,9502,NTSC,4,OVP56,,-0.08928749699841843,1.114139399617745
4.986737679616647,84.89481475838656,True,62.46556701899948,485,12,0,1.775,1000000.0,3.5781080395730287,11.089421170283051,2.659746840170669,-13.029853480905203,-89.66275794810419,151.1739227801041,final,9502,NTSC,4,VLP56,weak_sinad,-0.1366891869238662,1.1601267614107669
5.339335796701682,80.7234404593529,True,61.48789614862404,500,12,0,1.68125,1000000.0,3.5530210150424573,15.583928254069688,4.3574136219071935,-14.76033338932044,-83.10321007453047,143.34966132709346,final,9502,NTSC,4,DSP-9c5463dcb322,,-0.10136846139902467,1.1179960236613338
-6.6569214943439246,-83.2696560506076,False,597.1521854970542,506,12,0,1000000.0,1000000.0,1000000.0,88.65212067223891,22.46888638694358,-156.72044913003384,-74.62431001633962,134.87894379438796,final,9502,NTSC,4,PLL96-rejected-board,polarity;weak_sinad;weak_sync,-0.05571273824858742,1.0723843603672063
7.980007263259706,92.59561009029218,True,17.944287060424426,375,5,0,1.8,1.6949999999999996,3.419009080362767,10.922128674941344,-0.2549544350807848,-4.1804579334367205,-73.69972973420192,134.5233184047416,final,9502,NTSC,4,PLL96-IQ-corrected,,-0.050734217319937734,1.0704694499161418
10.393745396421878,95.80139421371754,True,2.1683370112021967,123,3,0,1.675,1.4999999999999998,3.0937283902243933,2.617090910395612,1.2782258148325598,-2.5617129101028353,-76.54327076800081,138.6442328905152,final,9502,NTSC,4,floating-PLL-IQ40,,-0.06604562815330597,1.0926590416789739
3.3238956552944683,42.67413635059537,True,130.33353704612438,506,12,0,1000000.0,1000000.0,1000000.0,49.3138924781816,27.241989153685942,-28.924941220192682,-74.12592310453002,122.96303663848431,final,9502,NTSC,4,HC50,weak_sinad;weak_sync,-0.05302911009974523,1.0082216323644502
16.26366583344452,97.61306610371996,True,0.37556409878163693,0,0,2,0.05,0.025,0.02129108444114207,0.10400909919945088,0.9223485287199382,-1.352910541573282,-59.070927383270444,123.88460734087509,final,9502,NTSC,30,OVP56,,0.0,1.0151295974297345
16.493818856010304,97.5844085309943,True,0.3876062342135131,0,0,2,0.05,0.025,0.01795498323376831,0.2534879433305526,1.0882320191990054,-1.2489783548291424,-59.575323088350245,123.53646017348892,final,9502,NTSC,30,VLP56,,0.0,1.0132491958428973
16.276548519902306,95.99211212257073,True,0.39588520232292795,0,0,2,0.05,0.025,0.020821801815165745,0.8535903273906401,1.0411553668725684,-3.333602959097716,-57.868516357652624,121.04351347495204,final,9502,NTSC,30,DSP-9c5463dcb322,,0.0,0.9997843701399513
-6.553037805597594,-81.69041170670208,False,588.4953953884642,506,12,0,1000000.0,1000000.0,1000000.0,84.87173928035782,23.211850794143878,-156.27254983043485,-67.7081817614665,66.89215766235297,final,9502,NTSC,30,PLL96-rejected-board,polarity;strong_sinad;h_missing;v_missing;vertical_trains;h_jitter_us;v_jitter_us;h_width_rmse_us;sync_error_ire;black_error_ire;white_error_ire,-0.019695380063126062,0.7073037615401789
9.158633611790428,97.90341944725994,True,5.8193619474541425,506,12,0,1000000.0,1000000.0,1000000.0,13.913043603779668,-1.2558509456162275,-1.6477047621107617,-41.80299866100341,106.85683583199453,final,9502,NTSC,30,PLL96-IQ-corrected,strong_sinad;h_missing;v_missing;vertical_trains;h_jitter_us;v_jitter_us;h_width_rmse_us;sync_error_ire,0.0,0.9231597307610127
22.09464520556024,96.39535601172392,True,0.0,0,0,2,0.025,0.025,0.019088673876299818,1.6048108345060819,1.7495523751810378,-1.1070643873579737,-47.606666845431896,111.99149718220683,final,9502,NTSC,30,floating-PLL-IQ40,,0.005777096664783643,0.9508929029803942
4.417408106618248,44.494718650907465,True,94.48033669810668,506,12,0,1000000.0,1000000.0,1000000.0,48.91587245517859,27.34608591235527,-25.623146385694195,1.1956135658279408,84.38323064017298,final,9502,NTSC,30,HC50,strong_sinad;h_missing;v_missing;vertical_trains;h_jitter_us;v_jitter_us;h_width_rmse_us;sync_error_ire;black_error_ire;white_error_ire,0.003494976675393626,0.8017759976060682
