sinad,contrast,polarity_ok,large_errors,h_missing,v_missing,v_trains,h_jitter_us,v_jitter_us,h_width_rmse_us,sync_error_ire,black_error_ire,white_error_ire,raw_min,raw_max,h_jitter_matched_us,v_jitter_matched_us,h_expected,max_h_gap,expected_v_trains,model,standard,stress,cnr,detail_corr
9.588824754318361,95.91596729806946,True,4.567916877850988,14,1,0,2.025,1.9149999999999998,3.112664289201893,2.665994961477087,1.5442878282816932,-2.8527060765385848,-72.61842240285453,130.45173987660536,1.7,0.8799999999999999,58,3,1,full,PAL,False,4,0.3398084746680584
8.463402998651922,95.11710599719423,True,10.947795235681703,32,2,0,2.025,2.025,3.442033723519593,3.821292918340916,1.4582628579136563,-3.7577908007398846,-79.37495707177102,139.72453580926282,1.54375,1.875,58,5,1,no-confidence,PAL,False,4,0.3205475012581593
9.286757843296039,78.09981981966837,True,15.5727318803852,32,2,0,2.025,2.025,3.111285289690766,13.50446799269147,6.096520496583064,-17.781375668292267,-60.08872527584394,112.5517398063671,1.8875,0.1,58,7,1,no-phase-memory,PAL,False,4,0.27742346043342775
6.037491132181176,65.87864537776022,True,28.098073998986315,58,3,0,2.025,2.025,1000000.0,26.387754406455667,8.750849072129446,-27.25936574101255,-45.953389154335916,108.05934198584788,1000000.0,1000000.0,58,58,1,no-frequency-memory,PAL,False,4,0.24714050620853578
7.661612361939138,85.70279122148779,True,34.08514951849975,0,0,1,0.32875,0.0475,1.178342640877578,2.0020548739516024,2.995580297588203,-26.953074182523324,-64.50609303391441,126.12881499004092,0.32875,0.0475,58,0,1,pair20-same-gains,PAL,False,4,0.1920513438360333
8.528456213239695,97.03638496529607,True,9.294221996958946,24,1,0,2.025,2.01,3.270051267811813,2.350476309154778,0.8477242652015733,-2.406054700888739,-74.10036145345292,132.44819902971014,1.7437499999999997,1.8287499999999999,58,4,1,phase-advance-output,PAL,False,4,0.3299099171888774
12.771430711405108,91.53526648515543,True,5.911049163710086,0,0,1,0.27875,0.6399999999999999,0.5438825145701711,4.675447277445905,3.711969237986398,-5.690060119525627,-58.575982826355016,112.24707373849643,0.27874999999999994,0.6399999999999999,58,0,1,frequency-only-output,PAL,False,4,0.3215203621043371
6.4752710530545885,96.09938098826197,True,25.0,14,1,0,2.025,2.0175,3.162354021064918,1.9325824308925161,-4.2350748480208615,-10.108948624955083,-76.94259656119283,138.37771667997234,1.5462500000000001,1.855,58,2,1,phase8,PAL,False,4,0.2458037442839775
8.785248193132695,95.96223653846705,True,7.298530157121136,18,0,0,2.025,1.8724999999999998,3.214653947161343,3.028155349763541,0.9399451409766986,-3.7062664010705295,-73.47728149246186,134.36582265694938,1.7799999999999998,1.8725,58,5,1,phase16,PAL,False,4,0.3116175455332778
9.343873970318509,95.91043974347293,True,5.454891028890016,17,1,0,2.025,2.01,3.0152382302839444,2.8047040794400133,1.5247920612646702,-2.8711768766450247,-72.25623141611052,131.7805641955269,1.7,1.8287499999999999,58,4,1,phase32,PAL,False,4,0.32991550857654073
9.53539064727474,95.9467543581649,True,4.76431829700963,16,1,0,2.025,1.9149999999999998,3.111750483478483,2.6982051233552524,1.5143131947762039,-2.8570478034634244,-72.5493045208194,130.0311486401993,1.663749999999999,0.8799999999999999,58,3,1,phase64,PAL,False,4,0.3378295667616215
9.588363815888307,95.91646968915943,True,4.586923466801824,13,1,0,2.025,1.9149999999999998,3.189686069540735,2.669236450150597,1.5384963467019093,-2.8574198132906368,-72.4471116927177,130.48832586304576,1.7,0.8799999999999999,58,3,1,frequency25000Hz,PAL,False,4,0.33981331262771125
9.583350369094742,95.88513904395158,True,4.6502787633046125,15,1,0,2.025,1.9149999999999998,3.107794495764959,2.670750671182691,1.5663985551251125,-2.8722548886742403,-72.61336957546763,130.43821941179615,1.7,0.8799999999999999,58,3,1,frequency50000Hz,PAL,False,4,0.33952855845683366
9.547347219162143,95.8931133495247,True,4.795995945261024,16,1,0,2.025,1.9149999999999998,3.121507572281305,2.6420223436108325,1.5282289100281532,-2.996619345242595,-71.59526885871479,130.29739174086592,1.7,0.8799999999999999,58,3,1,frequency100000Hz,PAL,False,4,0.33766161835540337
4.402792538103541,53.580742810331934,True,55.24581855043081,58,3,0,2.025,2.025,1000000.0,42.207780227832274,10.316859564979012,-37.90648376452915,-32.7698453522775,97.48582529201857,1000000.0,1000000.0,58,58,1,frequency1050000Hz,PAL,False,4,0.200165968351993
4.5818867026090935,80.05062775272756,True,76.36213887480993,57,3,0,2.025,2.025,3.675,17.41891004568485,5.616167176575193,-14.32675011523059,-80.70835142551016,139.9871657288136,1.65,1000000.0,58,39,1,OVP56,PAL,False,4,0.11233769812405478
12.803596736999832,95.72142636427353,True,1.2290927521540802,0,0,0,1.0587499999999996,0.0,1.9771076706591653,2.5295291066871273,2.07971429207145,-2.0331110424902907,-67.46754992075167,126.23824047405381,1.0587499999999996,0.0,58,0,1,full,PAL,False,8,0.49344863468675626
12.31814974861722,95.60561191339714,True,0.963000506842372,0,0,0,1.4724999999999997,0.61,2.3268022306783305,2.829881111592676,2.000446046545231,-2.3632214308017785,-68.46269756249265,125.96647355461124,1.4724999999999997,0.61,58,0,1,no-confidence,PAL,False,8,0.4848022591785174
12.562264827941496,84.42988188598163,True,4.485554992397364,1,0,0,1.23625,0.6575,1.6740734541305415,9.980325149691764,5.76085272072688,-11.61691187350974,-48.66666130275446,106.10916974630442,1.1849999999999998,0.6575,58,1,1,no-phase-memory,PAL,False,8,0.4915483088413603
9.411300428231886,71.80499773100321,True,2.008362899138368,58,3,0,2.025,2.025,1000000.0,19.276854964255236,9.062997351345311,-18.565564637697815,-37.10769616449467,97.41130186405698,1000000.0,1000000.0,58,58,1,no-frequency-memory,PAL,False,8,0.4799733372606804
9.456673729864649,88.32686127747668,True,23.24505828687278,0,0,1,0.15,0.0725,0.12370013798670976,2.588746183073021,2.9561135383446726,-19.19706947239356,-55.26494607651324,123.10602493865193,0.15,0.0725,58,0,1,pair20-same-gains,PAL,False,8,0.26267832660820906
11.896273016213835,97.3176036696807,True,0.9249873289406995,1,0,0,1.4074999999999998,0.61,2.315172116673955,1.6647599833840057,1.3873663720198441,-1.0632315453671823,-68.69467704916045,126.78383923484404,1.2799999999999994,0.61,58,1,1,phase-advance-output,PAL,False,8,0.4831002430691626
13.805082204668427,90.83493630405002,True,5.024075012671059,0,0,1,0.175,0.1,0.0572351471472339,5.383341274560678,4.022683944967548,-5.712746794453225,-48.568509290407185,106.19484092389098,0.175,0.1,58,0,1,frequency-only-output,PAL,False,8,0.41585917453750415
7.044792068804625,97.72950790914962,True,11.036492650785606,1,0,0,1.7124999999999997,0.8624999999999998,2.260128276129787,1.3454146606234372,-11.721646173399698,-16.01251149312256,-66.19649517445261,132.36675998809383,1.5949999999999995,0.8625,58,1,1,phase8,PAL,False,8,0.330773739553305
11.109927808427367,96.33779805869571,True,1.7295995945261025,5,0,0,2.025,0.6625,2.899939003912857,3.7126219460822054,-0.14279325921215705,-4.212504549663934,-67.70549257517739,130.00365707482948,1.595,0.6625,58,1,1,phase16,PAL,False,8,0.42531836569353315
12.326287648956324,95.79249024248166,True,1.336796756208819,2,0,0,1.3024999999999995,0.61,2.2003550849806035,2.5460353640270954,2.052377064790533,-2.1990814659724616,-68.66720470982041,124.83219517941754,1.0625,0.61,58,1,1,phase32,PAL,False,8,0.47481983459295934
12.688082691471848,95.69385012974676,True,1.2480993411049164,0,0,0,1.0799999999999998,0.0,2.0096855990170583,2.560739792451745,2.0732579546708703,-2.0206534714327278,-67.09731145977814,126.28762730476348,1.0799999999999996,0.0,58,0,1,phase64,PAL,False,8,0.4886472468931418
12.801165316108696,95.7153142440684,True,1.2227572225038013,0,0,0,1.0587499999999996,0.0,1.9835313336885148,2.534158536979791,2.0723931564418034,-2.043463398249109,-67.62140239182136,126.0662764542783,1.0587499999999996,0.0,58,0,1,frequency25000Hz,PAL,False,8,0.4931521768567372
12.79760137025367,95.71663448072464,True,1.2480993411049164,0,0,0,1.025,0.0,2.081812663405918,2.5383715112653857,2.092038591387189,-2.0318298297266875,-67.4568053751954,126.23731034761701,1.025,0.0,58,0,1,frequency50000Hz,PAL,False,8,0.49292528840545385
12.781426316517766,95.72870263570766,True,1.235428281804359,0,0,0,1.025,0.0,1.9204295272062228,2.5119058575401065,2.078355232116293,-2.0458232105192398,-67.64899362286154,126.2236332772143,1.025,0.0,58,0,1,frequency100000Hz,PAL,False,8,0.4924686595976116
6.562445060417277,61.14326579150961,True,21.46477445514445,58,3,0,2.025,2.025,1000000.0,33.29347733264508,10.474858663567174,-27.90886819871216,-29.646719907909265,89.55710649860188,1000000.0,1000000.0,58,58,1,frequency1050000Hz,PAL,False,8,0.3211618398249134
8.494201086764082,90.97670267143256,True,12.582361885453624,38,3,0,2.025,2.025,3.46798752881264,7.352577334189834,2.2793998755817135,-6.875455322743978,-67.47872026891531,133.30589709376736,1.85625,1000000.0,58,9,1,OVP56,PAL,False,8,0.1881889265968984
17.881055087700155,96.34519868193335,True,0.9376583882412569,0,0,1,0.05,0.0475,0.015397044051285993,1.7934951761226978,2.0463011664112556,-1.3294619575652589,-45.09007187725369,110.93525025347446,0.05,0.0475,58,0,1,full,PAL,False,30,0.7566313216979882
18.24437489289896,96.44129091749107,True,0.6652306132792702,0,0,1,0.05,0.025,0.015397044051285993,1.7858178111831777,1.9084818768554181,-1.484425077088221,-45.102839972881476,110.95629048428071,0.05,0.025,58,0,1,no-confidence,PAL,False,30,0.7777011406379324
14.305232345254563,87.00169787249949,True,3.7062848454130766,0,0,1,0.325,0.2425,0.20870082530445014,8.038626360560482,5.364469642632342,-9.541808843627166,-36.466472754126464,98.2015000792162,0.325,0.2425,58,0,1,no-phase-memory,PAL,False,30,0.7675699371237302
10.679913182216543,72.26691542981864,True,0.8996452103395844,58,3,0,2.025,2.025,1000000.0,18.50525911939187,8.953505373190941,-17.951643478440783,-26.719553674752895,89.71075899913896,1000000.0,1000000.0,58,58,1,no-frequency-memory,PAL,False,30,0.7958363021323749
10.328923046008525,89.7925612613632,True,20.12797769893563,0,0,1,0.1,0.0975,0.015743088248060064,2.0042787561996263,2.6545132495209898,-17.427410582243766,-44.246610252510024,121.33690493051907,0.1,0.0975,58,0,1,pair20-same-gains,PAL,False,30,0.34847176522809337
18.034759504554597,98.19451371575542,True,0.44348707551951344,0,0,1,0.05,0.025,0.010887354258892317,0.41442822599819534,1.4216875268197764,-0.11570853205718991,-49.642059164686366,119.96569652971891,0.05,0.025,58,0,1,phase-advance-output,PAL,False,30,0.7691779214975538
14.551898704660145,91.34476053933031,True,4.732640648758236,0,0,1,0.15,0.1475,0.03684777633303881,4.763656184221459,3.808330229295419,-5.5841176665017285,-38.841453454408764,99.35452259084323,0.15,0.14750000000000002,58,0,1,frequency-only-output,PAL,False,30,0.49419708761764536
5.413181238381516,101.62552901503739,True,22.763558033451595,0,0,1,0.42874999999999996,0.0475,0.39797439702781784,4.102912968786684,-23.46741301695142,-21.539716742359786,-51.856216965180096,127.95968311172953,0.42874999999999996,0.0475,58,0,1,phase8,PAL,False,30,0.43540954380715874
10.261056558038744,99.8681880069345,True,1.4001520527116067,47,3,0,2.025,2.025,3.3356033936905627,11.269998111464846,-9.807174089299414,-7.9684195788542596,-50.44149519003014,125.9114879228672,1.825,1000000.0,58,16,1,phase16,PAL,False,30,0.5895580719557096
17.098375278844323,95.88373570086453,True,1.0263558033451596,0,0,1,0.053749999999999964,0.0475,0.024565184222025874,4.237920486174511,1.091041171701347,-1.8979109392410467,-49.44043320983508,115.11474228880104,0.053749999999999964,0.0475,58,0,1,phase32,PAL,False,30,0.7348485988315469
17.772778041287488,97.43929118370076,True,0.988342625443487,0,0,1,0.05,0.025,0.016738351585299655,0.6634202470107635,1.2419803189291978,-1.3106649256660428,-46.94362397210075,113.93605996732029,0.05,0.025,58,0,1,phase64,PAL,False,30,0.7467069101938556
17.896406095921485,96.42599408565998,True,0.963000506842372,0,0,1,0.05,0.0475,0.015743088248060064,1.6566940303772097,1.9971720085862188,-1.3609331515665473,-45.153823361977686,111.32172058614353,0.05,0.0475,58,0,1,frequency25000Hz,PAL,False,30,0.7565290015734285
17.861699614653713,96.33166644090231,True,0.9313228585909782,0,0,1,0.05,0.0475,0.015043041695357886,1.8045590387114916,2.087068696437015,-1.2825922760958464,-44.82974875559151,110.85341077935382,0.05,0.0475,58,0,1,frequency50000Hz,PAL,False,30,0.7562209540968257
17.84245863919396,96.44569610845879,True,0.9566649771920933,0,0,1,0.05,0.0475,0.01797987380570191,1.762645942925114,1.8387583284921394,-1.368913383442354,-45.169436931550194,113.18857947179256,0.05,0.0475,58,0,1,frequency100000Hz,PAL,False,30,0.7529397904572116
8.57665667896142,65.96239095744515,True,6.614292954891029,58,3,0,2.025,2.025,1000000.0,27.816696299593648,10.192792315456943,-20.688759339080853,-23.38888713827111,83.11248113689265,1000000.0,1000000.0,58,58,1,frequency1050000Hz,PAL,False,30,0.5635050187379436
12.845577450151671,96.71392775819848,True,3.8139888494678154,0,0,1,0.1,0.05,0.023211917272131483,0.27834522132361644,1.379027738720185,-1.5576571541613626,-54.75183041938966,121.59211763001193,0.1,0.05,58,0,1,OVP56,PAL,False,30,0.33891342557515136
5.28903315008002,86.49190937317259,True,52.09072478459199,48,2,0,2.025,2.025,3.413227944336563,8.516378994938817,1.5256537517434108,-10.172278610834091,-76.33124805091627,132.77825370691912,1.2049999999999998,0.725,58,10,1,full,PAL,True,4,0.18152238304576596
3.150960160224221,81.58984975776112,True,101.6092245311708,54,3,0,2.025,2.025,3.445921502298043,14.110470354942954,2.763690615098581,-12.710618141398426,-81.75843215066138,139.54587429216292,0.5025,1000000.0,58,21,1,no-confidence,PAL,True,4,0.15593466799156103
3.419581927086562,51.849212222917416,True,126.84363912823113,58,3,0,2.025,2.025,1000000.0,30.017880861414564,6.195760502908429,-33.83117677172799,-67.10227797264544,114.22903516255286,1000000.0,1000000.0,58,58,1,no-phase-memory,PAL,True,4,0.12156346475082005
1.7803736264476078,39.28466133206619,True,149.23340091231626,58,3,0,2.025,2.025,1000000.0,53.46542465876115,10.004171571718945,-43.138098648888175,-46.11104639650769,102.25410129236752,1000000.0,1000000.0,58,58,1,no-frequency-memory,PAL,True,4,0.10404383653442813
4.461780874606052,69.43754660905562,True,88.05119107957425,22,0,0,2.025,0.1425,2.489861386146269,13.859435119380807,3.398562091393779,-43.43758264857592,-65.7218570051501,125.87959037279964,1.81875,0.1425,58,4,1,pair20-same-gains,PAL,True,4,0.11063670221170856
4.590588123780646,86.96242037864474,True,67.01723264064876,51,2,0,2.025,2.025,3.471375293535896,8.879923301730514,0.8618769764384061,-10.059549805969795,-78.15582582119126,138.53291055732976,1.2324999999999995,0.725,58,14,1,phase-advance-output,PAL,True,4,0.17865264519428897
7.413228848728155,83.40647470677405,True,39.08388241256969,5,0,1,2.025,0.6849999999999999,2.5972863196835068,8.96477470782742,3.6215568113417484,-12.225119795228142,-67.32436974295955,126.23324868188934,1.5899999999999994,0.6849999999999999,58,1,1,frequency-only-output,PAL,True,4,0.14774140352236192
3.3398418270498076,83.45738590977663,True,88.60871768879879,42,3,0,2.025,2.025,3.458701662112533,12.356995313065738,-1.9340519550518387,-16.581375381869922,-79.4715483010934,136.3363101813616,1.43125,1000000.0,58,8,1,phase8,PAL,True,4,0.14309770371220842
4.8952558507963,86.28330375769711,True,58.362899138367965,49,2,0,2.025,2.025,3.391984014637386,8.6679365059409,0.9676584612820308,-10.892567091022762,-76.69740577987855,133.6999905701751,1.6349999999999998,0.7,58,23,1,phase16,PAL,True,4,0.1705222404538177
5.106905268235554,86.00886229660428,True,53.953370501773946,47,2,0,2.025,2.025,3.4055102407715645,9.482987713184647,1.2702742622458318,-10.318707666858787,-76.41068589545965,134.1067210191737,1.4875,0.725,58,9,1,phase32,PAL,True,4,0.1753454893589343
5.20483889895157,86.15913598047916,True,52.698935631018756,46,1,0,2.025,2.0124999999999997,3.386815736548614,8.500426397081762,1.372438008573301,-10.696817200116323,-76.6426570765761,132.7740103347288,1.3624999999999998,1.8412499999999998,58,10,1,phase64,PAL,True,4,0.17516521853738976
5.233858777989227,86.30989865164095,True,52.426507856056766,48,2,0,2.025,2.025,3.3418090160869456,8.616125756629497,1.5216976078021838,-10.0463231002608,-77.86326664916815,132.919639944369,1.2049999999999998,0.725,58,10,1,frequency25000Hz,PAL,True,4,0.1813264935105749
5.233593080928751,86.32292214289436,True,52.11606690319311,46,2,0,2.025,2.025,3.3911342743493167,8.960618891350073,1.55449233718637,-10.114846833249977,-76.3537693819281,132.95125046922317,1.1949999999999998,0.725,58,10,1,frequency50000Hz,PAL,True,4,0.17906622785097762
5.141019089643465,86.44894310964226,True,53.41485048150026,46,2,0,2.025,2.025,3.422801910228909,7.975979383638178,1.4216324847356783,-10.504769841465412,-76.33645967521437,133.4327921897924,1.42,0.725,58,10,1,frequency100000Hz,PAL,True,4,0.1779625261566906
1.6352417446908856,32.20363142731605,True,170.08362899138368,58,3,0,2.025,2.025,1000000.0,59.19579118047138,11.963308038570522,-49.80961806330328,-32.610546870298194,91.64038364069643,1000000.0,1000000.0,58,58,1,frequency1050000Hz,PAL,True,4,0.0995311707519493
0.5550175308400367,50.534989549878404,True,209.41459706031424,58,3,0,2.025,2.025,1000000.0,46.102352507312204,10.464863440344287,-27.653166709896148,-83.6385275271482,143.9048883226005,1000000.0,1000000.0,58,58,1,OVP56,PAL,True,4,0.05591387619851562
9.008281677121651,92.76047380857581,True,12.2909275215408,22,0,0,2.025,0.6825,3.1068416885605514,3.7251982470463116,1.4154241777268215,-5.16871554198093,-72.73039187140127,130.28082805490521,1.5375,0.6825,58,3,1,full,PAL,True,8,0.307648314847402
7.170063544700666,90.84967477718203,True,29.834009123162698,44,1,0,2.025,1.8924999999999998,3.3162748033642466,6.926572386363279,1.422063016542382,-6.0567931547635,-81.77034970699374,137.38276272149636,1.5625,0.6912499999999999,58,9,1,no-confidence,PAL,True,8,0.27305358507699395
7.195791411114301,68.86760237018599,True,42.53674607197161,48,2,0,2.025,2.025,2.765038426496095,19.845552381453054,6.164881833266003,-20.88907631508545,-60.64614258501299,105.68769257646846,1.6962499999999998,1.35,58,11,1,no-phase-memory,PAL,True,8,0.2505401497454034
3.66846908998082,50.94687362214091,True,87.3479472883933,58,3,0,2.025,2.025,1000000.0,45.768714161557284,8.637833774310645,-33.270210399604615,-41.87428018363529,100.12438988444308,1000000.0,1000000.0,58,58,1,no-frequency-memory,PAL,True,8,0.1767729278270677
6.225056106200043,77.54415603994168,True,58.80638621388748,14,0,1,2.025,0.0975,1.2008637989532218,8.165101026386324,2.9706416111933835,-34.79732071922416,-64.9396245784612,126.33918586728103,1.2025000000000001,0.0975,58,1,1,pair20-same-gains,PAL,True,8,0.17847154111707847
8.237246256105513,93.90497069589706,True,15.870501773948304,26,0,0,2.025,0.6825,3.264466002465028,3.4589308842576707,0.7457198625314748,-4.488091125148468,-73.4629260962462,134.6922902319781,1.4725,0.6825,58,4,1,phase-advance-output,PAL,True,8,0.30224961268457046
10.87699459001239,88.48813710581257,True,14.229599594526103,1,0,1,1.2174999999999994,0.1225,1.3899427288466544,5.663971572079058,3.4478031437373073,-8.328565485482166,-65.50218486230588,123.47767683991677,1.1099999999999999,0.12250000000000001,58,1,1,frequency-only-output,PAL,True,8,0.25736088654771444
5.744033631017138,93.99366545375685,True,31.779016725798275,16,0,0,2.025,1.8049999999999997,3.017099087660514,3.2352450765004455,-8.222844036156202,-16.18641831684593,-74.01767199470402,133.2565525162362,1.5974999999999997,1.8050000000000002,58,2,1,phase8,PAL,True,8,0.21920775734017092
8.369373791508215,93.1290645833925,True,14.457678661936137,28,0,0,2.025,1.2149999999999999,3.0939153996190654,4.224361694000365,0.048886943622040005,-6.655826483330844,-73.23216132491545,130.23564644136317,1.86375,1.2149999999999999,58,4,1,phase16,PAL,True,8,0.2792132935964313
8.957045026489139,92.8568396871914,True,12.202230106436899,24,0,0,2.025,0.6299999999999999,3.0173822409889164,3.800961763441532,1.2057684848230106,-5.4418100012151145,-73.42854467946022,129.8723096998441,1.3287499999999994,0.6299999999999999,58,4,1,phase32,PAL,True,8,0.29978022634875345
9.016032306233107,92.89523593448094,True,12.113532691332995,21,0,0,2.025,0.6825,3.1226098967958786,3.4567742764190315,1.3431202304377772,-5.0791375092166,-73.6056082173049,130.37194556469728,1.5299999999999994,0.6825,58,5,1,phase64,PAL,True,8,0.3081292240324653
9.007975639641199,92.76651936410963,True,12.303598580841358,23,0,0,2.025,0.6825,3.1165457068455042,3.729020768540842,1.4149240437933401,-5.156095094114936,-72.66678387879895,131.01247268125124,1.5449999999999995,0.6825,58,3,1,frequency25000Hz,PAL,True,8,0.30754972944079584
9.00806797626866,92.71464426012564,True,12.19589457678662,23,0,0,2.025,0.6825,3.078897065972999,3.699354553889303,1.4198279142967989,-5.309309065068206,-73.40255886631974,130.291136809825,1.3249999999999993,0.6825,58,3,1,frequency50000Hz,PAL,True,8,0.3079535111080452
9.008505072550534,92.91132583994111,True,12.151545869234669,25,0,0,2.025,0.6825,3.151944445557185,3.313951433956085,1.4041342559198717,-5.287659521881584,-72.70972153952924,131.86303307457487,1.3499999999999996,0.6825,58,4,1,frequency100000Hz,PAL,True,8,0.3076403061090511
2.9709712987344608,41.65132155523533,True,116.81449569183984,58,3,0,2.025,2.025,1000000.0,54.7793739711138,10.169294023332002,-41.432561896020765,-31.04926197072239,88.5266068018762,1000000.0,1000000.0,58,58,1,frequency1050000Hz,PAL,True,8,0.1590512734370322
3.516796114643732,70.64957000445808,True,101.93233654333503,57,3,0,2.025,2.025,3.575,28.963788541371223,5.056272657355895,-16.23637800931376,-84.0855877272078,137.81475953386433,1.575,1000000.0,58,39,1,OVP56,PAL,True,8,0.09910671244974674
15.39543002673486,95.33587815495008,True,2.274455144450076,0,0,1,0.1,0.05,0.04619113215385798,1.4232276742193473,1.8914499548562707,-3.043598242382284,-63.2056475692656,126.20788118860511,0.1,0.05,58,0,1,full,PAL,True,30,0.6149051365101487
15.58280974984535,95.43784659037657,True,1.1594019260010138,0,0,1,0.053749999999999964,0.05,0.6910605293115892,2.05658547421485,1.8588067879682484,-2.546860779494509,-63.16614331226286,123.68842777581952,0.053749999999999964,0.05,58,0,1,no-confidence,PAL,True,30,0.6500274226286022
12.635729217944833,82.93753363371758,True,5.442219969589458,2,0,1,1.9574999999999998,0.1475,0.7795016150446019,11.338855347014032,5.623783944678686,-11.98379594461187,-37.418223448549455,97.58055766033064,1.7875,0.14750000000000002,58,1,1,no-phase-memory,PAL,True,30,0.6591294354078974
6.306884463544233,60.612056265221995,True,42.64445007602636,58,3,0,2.025,2.025,1000000.0,35.04123066430353,8.651635947566774,-25.2898950009319,-29.268722236574312,91.00645632874463,1000000.0,1000000.0,58,58,1,no-frequency-memory,PAL,True,30,0.3506623938754275
7.935056690550143,83.07476860081306,True,41.275975671566144,7,0,1,2.025,0.1,0.5022742395989523,5.3423954519630135,2.6970034510227086,-23.660347994786132,-62.153622094644476,121.06361064414,1.625,0.1,58,1,1,pair20-same-gains,PAL,True,30,0.2759045913930678
15.16351126162417,97.07929139241416,True,1.9069944247339077,0,0,1,0.07874999999999996,0.025,0.040471360670018976,0.28459241767063526,1.2538502720156743,-1.8553829040920475,-63.87834054549279,127.23333369653807,0.07874999999999996,0.025,58,0,1,phase-advance-output,PAL,True,30,0.6210597274975278
13.791707134750084,90.44379333160403,True,6.284845413076533,0,0,1,0.2,0.15,0.07442306835550572,4.570240764525355,3.6316856909188604,-7.0055065617662065,-49.71859280080973,112.54163709980861,0.2,0.15,58,0,1,frequency-only-output,PAL,True,30,0.4152209877530048
4.710044006365531,100.99076665005134,True,45.704510897111,0,0,1,1.425,0.15999999999999998,0.9295554183920768,-1.5076759857933513,-22.418038197413697,-25.023995419713163,-57.89470598039224,126.59708184017845,1.425,0.15999999999999998,58,0,1,phase8,PAL,True,30,0.36427450708118514
11.313019888530956,97.78750862070609,True,3.0093765838824127,0,0,1,0.1,0.0225,1.1414222827622593,5.462610446555338,-7.13657902769992,-9.010473456551567,-63.194749333231435,126.82184552650938,0.1,0.0225,58,0,1,phase16,PAL,True,30,0.5246736072040885
14.634601842449017,96.34175380474572,True,2.3948302078053723,0,0,1,0.1,0.05,0.04779626301941073,1.5560023462607862,-0.4221235307694208,-3.318068712016144,-62.46601033434521,126.08857795788836,0.1,0.05,58,0,1,phase32,PAL,True,30,0.5864838175429612
15.305204614551876,95.77404598339139,True,2.274455144450076,0,0,1,0.1,0.05,0.04488971159293131,1.5839667392419916,1.079382037080375,-3.06378687040209,-63.12171957631807,126.22098313989508,0.1,0.05,58,0,1,phase64,PAL,True,30,0.6106014355826344
15.394102497449005,95.33126405779325,True,2.2997972630511914,0,0,1,0.1,0.05,0.04572217450405558,1.4321699917338209,1.8970407790952832,-3.050670418868493,-62.51352441591187,125.97021792776701,0.1,0.05,58,0,1,frequency25000Hz,PAL,True,30,0.6149214780564021
15.40147065317963,95.34099257858882,True,2.217435377597567,0,0,1,0.10374999999999997,0.05,0.04779626301941073,1.4303280324427479,1.9275257559276961,-2.9759108357106214,-63.359168488636044,126.18851285054012,0.10374999999999997,0.05,58,0,1,frequency50000Hz,PAL,True,30,0.6154631630523159
15.393671403503607,95.41735030885211,True,2.2047643182970096,0,0,1,0.1,0.05,0.04583986369360489,1.4555027791996493,1.7886297652943337,-2.893462439656098,-62.86008130956633,126.31242635292364,0.1,0.05,58,0,1,frequency100000Hz,PAL,True,30,0.6144053671298867
4.620716239020215,49.89929717714204,True,71.11632032437912,58,3,0,2.025,2.025,1000000.0,48.061494487905975,10.034685209992887,-34.013898556620084,-19.310730918289238,83.92859902751493,1000000.0,1000000.0,58,58,1,frequency1050000Hz,PAL,True,30,0.2597610990659736
10.624218150459164,93.10711501490069,True,5.84135833755702,25,0,1,2.025,0.0725,1.3916961528358773,5.4523375667224645,1.524993830553554,-3.630017586451145,-71.26584067825802,123.1515547602435,0.8299999999999995,0.0725,58,3,1,OVP56,PAL,True,30,0.25378542942717763
9.50143366038649,95.6083712939219,True,5.819889728405146,17,3,0,2.025,2.025,3.250527503968249,2.8167990690923874,1.6305922325263456,-3.254545367409943,-77.7276234452859,129.3837672041908,1.8099999999999998,0.6900000000000001,54,2,1,full,NTSC,False,4,0.3225073476229414
8.48055691762785,95.00804573008276,True,11.96523381662242,32,4,0,2.025,2.025,3.38021902867524,3.9942678941361995,1.5380561874179095,-3.670975746654327,-79.34633255560925,137.69568279228093,1.7849999999999997,1.10375,54,7,1,no-confidence,NTSC,False,4,0.31286063979045453
9.511316039501896,78.9621530821761,True,14.109403716561161,35,4,0,2.025,2.025,3.18355664230069,12.927924224400224,6.2934577794966495,-16.918320182477494,-67.91950026207058,110.77955842156724,1.5949999999999995,0.9974999999999999,54,6,1,no-phase-memory,NTSC,False,4,0.2725819901876046
6.064503691716374,66.03173888561712,True,29.341944047375947,54,6,0,2.025,2.025,1000000.0,27.06243933853851,8.701464270099773,-25.521451500134443,-43.11662814555092,103.43710438087906,1000000.0,1000000.0,54,54,1,no-frequency-memory,NTSC,False,4,0.24904888929414595
7.847447095169002,86.23336224975208,True,33.177200326730656,0,0,1,0.4,0.21875,0.9763286294033339,1.9974753556231715,3.0560414561810134,-26.25033253791638,-61.783705852839645,125.47928630724347,0.4,0.21875,54,0,1,pair20-same-gains,NTSC,False,4,0.17613351140456285
8.47646311851642,96.66634478010141,True,10.574075964876455,26,3,0,2.025,2.025,3.34767709976421,2.570980661386431,0.9566451126361762,-2.7953703479052567,-79.33353289725073,132.65927599605766,1.7825,0.6900000000000001,54,4,1,phase-advance-output,NTSC,False,4,0.31590224134105377
12.57340896162977,91.3327473813113,True,5.973044721257913,0,0,1,0.23374999999999985,0.24375,0.4244958883891095,4.684579554276274,3.8154821621002495,-6.087767487604362,-57.6389759894732,116.90458993125618,0.23374999999999985,0.24375,54,0,1,frequency-only-output,NTSC,False,4,0.28319693050143263
6.471620626330735,95.97651503897029,True,27.880590157239126,10,0,0,2.025,1.5,3.0423128724107853,2.0698424989261053,-4.355498909972568,-10.084299909675465,-71.43094763777174,138.84749373314213,1.8275000000000001,1.5,54,2,1,phase8,NTSC,False,4,0.22842810560494534
8.751805421226091,95.7770050390275,True,8.63411272207474,19,2,0,2.025,2.025,3.2294128170392127,3.098613546411887,0.9634106549770716,-3.752028240194396,-74.37944100992136,133.30835568939273,1.8974999999999997,0.7137499999999999,54,3,1,phase16,NTSC,False,4,0.2992624815389784
9.29651852119715,95.61497579993897,True,6.311261997141107,21,2,0,2.025,2.025,3.263549842695462,2.943430264232719,1.6243208501858197,-3.327880464768588,-77.58399149323564,130.85995523832844,1.8850000000000002,1.3162499999999997,54,3,1,phase32,NTSC,False,4,0.31774663715235524
9.453738288752584,95.5999564533312,True,5.979426179293445,18,4,0,2.025,2.025,3.26048256056949,2.8387901043195605,1.6819266251979856,-3.287748535996099,-77.73306731091554,128.63459611171612,1.80625,0.6875,54,2,1,phase64,NTSC,False,4,0.3213892878432145
9.502704420715348,95.60834925316217,True,5.80074535429855,18,3,0,2.025,2.025,3.2610522543429994,2.8233337750738183,1.6375598305946022,-3.2526244996178204,-77.64380155807844,129.35403334845978,1.7625,0.6900000000000001,54,3,1,frequency25000Hz,NTSC,False,4,0.32257767227876366
9.499117613489705,95.5893405786242,True,5.807126812334082,19,3,0,2.025,2.025,3.2848135411313684,2.830782440114605,1.6435648181080291,-3.2513557982923005,-77.46153343833961,128.72085508348556,1.815,0.6900000000000001,54,3,1,frequency50000Hz,NTSC,False,4,0.3226262320551836
9.489331196088528,95.63454656217597,True,5.909230140902593,20,2,0,2.025,2.025,3.2178157553368587,2.8224593756342657,1.6388467862203537,-3.2166658741395913,-77.73382948551051,129.685712132684,1.7674999999999996,0.7,54,2,1,frequency100000Hz,NTSC,False,4,0.32283192498299473
4.266601834364694,52.96400054207299,True,60.272871145599346,54,6,0,2.025,2.025,1000000.0,41.938194239944664,10.27734228519822,-37.635227076460694,-33.7525313779181,94.53993236117803,1000000.0,1000000.0,54,54,1,frequency1050000Hz,NTSC,False,4,0.19743418259535175
4.587920885754692,79.92092340027335,True,78.04523177455586,53,6,0,2.025,2.025,3.65,17.363970191880853,5.107535737642909,-13.737189526252505,-78.87145241430684,144.13624435835357,1.725,1000000.0,54,36,1,OVP56,NTSC,False,4,0.10455744665601505
12.767219612182732,95.61622859693207,True,1.4358280579946905,0,0,0,0.761249999999999,0.5625,2.170080110315097,2.5325056021262786,2.0604137527597177,-2.2087518008840332,-66.67583187995409,126.63827730309102,0.761249999999999,0.5625,54,0,1,full,NTSC,False,8,0.48081784657632326
12.327982564773222,95.55114250690035,True,1.0082703696140494,0,0,0,1.552499999999999,0.6625,2.597038020800135,2.8206856955129136,1.9862576753210732,-2.433000567850037,-68.31866501757092,122.77909545895604,1.552499999999999,0.6625,54,0,1,no-confidence,NTSC,False,8,0.48004163993930044
12.596383389879126,84.5505548995924,True,4.269195425770881,0,0,0,1.4337499999999999,1.44375,1.720579413604184,9.77548160903216,5.804502805867739,-11.741386185653209,-48.589734496801064,105.52088632191673,1.4337499999999999,1.44375,54,0,1,no-phase-memory,NTSC,False,8,0.4853184854084158
9.339608553141783,71.7625084501092,True,2.0612109454768226,54,6,0,2.025,2.025,1000000.0,19.249449420090578,9.043491273644799,-18.766024000486034,-36.728136320080516,97.74115767295216,1000000.0,1000000.0,54,54,1,no-frequency-memory,NTSC,False,8,0.47594503281224415
9.599412653278835,88.55226730113122,True,22.18832958954462,0,0,1,0.13374999999999987,0.15,0.11466537466972386,2.5503241406513113,3.1298602421985096,-19.17929829672755,-56.31665016020164,119.9892194380845,0.13374999999999987,0.15,54,0,1,pair20-same-gains,NTSC,False,8,0.24927400648936762
11.890779210859055,97.1922425941429,True,1.1678068205023484,0,0,0,1.48375,0.6625,2.5969600283579433,1.6966071287335607,1.3678656240323062,-1.206224176380913,-67.5163816558005,126.67747512838933,1.48375,0.6625,54,0,1,phase-advance-output,NTSC,False,8,0.473712868835141
13.7149922210812,90.78135092118958,True,4.703134572187054,0,0,1,0.175,0.2,0.05723166049454588,5.25890817558448,4.017404645573163,-5.876749994912122,-49.144873600574385,106.67715255395579,0.175,0.2,54,0,1,frequency-only-output,NTSC,False,8,0.3808597752732854
7.1164354461629316,97.54150833178205,True,10.771901163977946,0,0,0,1.4587499999999998,0.8999999999999999,2.3007345847858307,1.2302695221159867,-11.0474951919058,-15.950254573555213,-64.66022990611778,133.48450801605026,1.4587499999999998,0.9,54,0,1,phase8,NTSC,False,8,0.31885344294095846
11.139802263280638,96.18906558660117,True,1.7166122115580968,2,1,0,1.6124999999999985,1.86875,2.485706736678571,3.480771860380476,-0.210236993024172,-4.491598131004799,-66.91620287126302,128.61262436746551,1.3312499999999994,1.285,54,1,1,phase16,NTSC,False,8,0.418900177588884
12.360838136698574,95.72319787184992,True,1.365632019603839,0,0,0,1.1287499999999988,1.1125,2.4685287641142164,2.5536255571508075,1.8544448034884307,-2.1579574195470688,-66.9535453726916,127.52893096914691,1.1287499999999988,1.1125,54,0,1,phase32,NTSC,False,8,0.464423416257902
12.665224517180125,95.61946569225103,True,1.391157851745967,0,0,0,0.9174999999999998,1.11875,2.3330257733808386,2.5807263150052555,2.012084201496551,-2.207698046965634,-65.42423919274754,126.41438434703575,0.9174999999999998,1.11875,54,0,1,phase64,NTSC,False,8,0.47686678456677223
12.768606366809356,95.61109800604275,True,1.4166836838880947,0,0,0,0.7,0.5625,2.1203298354527558,2.5416507276871148,2.050164374719468,-2.2153798766550774,-66.67581128717359,126.52032146921572,0.7,0.5625,54,0,1,frequency25000Hz,NTSC,False,8,0.4809095308480656
12.76606305098598,95.60630593211415,True,1.4103022258525628,0,0,0,0.761249999999999,0.5625,2.1302087578103355,2.54748083622799,2.052065126284575,-2.2110494279962483,-66.67716368881698,126.8154993919634,0.761249999999999,0.5625,54,0,1,frequency50000Hz,NTSC,False,8,0.48081668504832087
12.737980666121924,95.6240561890755,True,1.4422095160302226,0,0,0,0.7,0.64375,2.13972837061156,2.533525206768093,2.057991477999382,-2.1928118749528025,-66.57649635691244,126.81086448782152,0.7,0.64375,54,0,1,frequency100000Hz,NTSC,False,8,0.4797422544331973
6.26722747320127,60.44013155664678,True,24.906830712681234,54,6,0,2.025,2.025,1000000.0,33.84311661142015,10.452136969073432,-27.717640997786745,-30.568879282858845,88.10406131540499,1000000.0,1000000.0,54,54,1,frequency1050000Hz,NTSC,False,8,0.30154182521283335
8.510866310888145,90.63125396080306,True,13.32448437819073,38,3,0,2.025,2.025,3.4772081563374946,7.549462501845789,2.23598386527621,-7.010188161866278,-71.64061346532972,131.42076740599578,1.8375,1.6849999999999998,54,13,1,OVP56,NTSC,False,8,0.18376106741272022
17.81885071994597,96.30707711596126,True,0.8806412089034102,0,0,1,0.05,0.025,0.016666666666666666,1.785985961668336,2.040168936267729,-1.4341947411925597,-45.16132891429346,111.973282198469,0.05,0.025,54,0,1,full,NTSC,False,30,0.7483080744448464
18.213690146118747,96.41143315375028,True,0.606238513375536,0,0,1,0.05,0.025,0.015957118462605634,1.7846375431134538,1.9028867071336764,-1.580600241737008,-44.67844748111271,110.77563761889532,0.05,0.025,54,0,1,no-confidence,NTSC,False,30,0.7726000161965212
14.37999363275732,87.0898865645228,True,3.3183581784766183,0,0,1,0.325,0.30625,0.20888815011689693,7.837257405718312,5.361609304569143,-9.660362541170796,-36.74874431469219,97.77531185603665,0.325,0.30625,54,0,1,no-phase-memory,NTSC,False,30,0.7687165958489242
10.6021573647674,72.29024834734577,True,0.8295895446191546,54,6,0,2.025,2.025,1000000.0,18.51556354496654,8.930801317657412,-18.040202423750387,-26.58780881424707,90.0653711209777,1000000.0,1000000.0,54,54,1,no-frequency-memory,NTSC,False,30,0.7962026333108753
10.575288280042898,90.08034568260935,True,18.716816418215235,0,0,1,0.1,0.1,0.016315750172876016,1.9353892367430716,2.6873281742860935,-17.319466069620116,-43.908488218650845,120.09546213682007,0.1,0.1,54,0,1,pair20-same-gains,NTSC,False,30,0.33703438303547334
17.989227914063054,98.18718620691526,True,0.4147947723095773,0,0,1,0.05,0.025,0.014433756729740644,0.42169194530180226,1.424413822708638,-0.20586026269621613,-49.16350699010263,120.68242710089852,0.05,0.025,54,0,1,phase-advance-output,NTSC,False,30,0.7629310202327656
14.480108274655406,91.30530497079175,True,4.4223504186236475,0,0,1,0.15,0.15,0.03878955567713595,4.654837407237038,3.8000256584749996,-5.685691071319737,-38.80152609040091,99.21254441080153,0.15,0.15,54,0,1,frequency-only-output,NTSC,False,30,0.46055048180536207
5.488301056956859,100.72391809677326,True,21.57570961813355,0,0,1,0.4587499999999999,0.41875,0.3779666602973023,4.194656214005885,-22.886337537864463,-21.43672771893247,-53.548342663304,127.76287703209594,0.4587499999999999,0.41875,54,0,1,phase8,NTSC,False,30,0.4270390986048708
10.231929915623738,98.49729409732579,True,1.4932611803144782,43,4,0,2.025,2.025,3.3671204314666263,11.413441038907893,-9.708636876061947,-8.01979130251185,-51.55620790030586,125.788766265912,1.95,1.1175,54,25,1,phase16,NTSC,False,30,0.5711954138897873
17.03299302714861,95.63253565090253,True,0.9827445374719216,0,0,1,0.05,0.043750000000000004,0.02230885889473474,4.278966634135051,1.0177175952365909,-2.046618436684865,-51.331389408678696,113.67318129050118,0.05,0.04375,54,0,1,phase32,NTSC,False,30,0.7271778173705312
17.7122502904331,97.4353250434768,True,0.918929957116602,0,0,1,0.05,0.043750000000000004,0.019245008972987525,0.6721370700231638,1.3154512541776573,-1.3687972105248227,-47.14236537515367,112.87242086043155,0.05,0.04375,54,0,1,phase64,NTSC,False,30,0.7373788422007769
17.835670203839985,96.38829593190219,True,0.8806412089034102,0,0,1,0.05,0.025,0.016315750172876016,1.6536543446978065,1.9998768188929186,-1.4527460931897564,-44.966654338210624,112.14531311983531,0.05,0.025,54,0,1,frequency25000Hz,NTSC,False,30,0.7482697286186686
17.79344878114579,96.29318663959002,True,0.8806412089034102,0,0,1,0.05,0.043750000000000004,0.0183207027198235,1.7975238222788539,2.0725586851818005,-1.381867163111986,-45.48404339125762,111.8705735461803,0.05,0.04375,54,0,1,frequency50000Hz,NTSC,False,30,0.7474533660150895
17.793795221547978,96.4061269019494,True,0.8614968347968144,0,0,1,0.05,0.043750000000000004,0.016315750172876016,1.758853412908573,1.85080693592715,-1.4701565516009125,-45.610718265538,113.24267470416409,0.05,0.04375,54,0,1,frequency100000Hz,NTSC,False,30,0.7452590148511724
8.297434476829174,65.55267808398854,True,7.842811925668777,54,6,0,2.025,2.025,1000000.0,27.93282837337951,10.180760584953548,-20.78120071082796,-23.29384482763892,82.57479461567654,1000000.0,1000000.0,54,54,1,frequency1050000Hz,NTSC,False,30,0.5310675340816409
12.85750504245035,96.7389293979599,True,3.6374310802532164,0,0,1,0.1,0.075,0.022566773346211,0.1877093927155459,1.3729659915596375,-1.6743919234642561,-54.55215221956553,124.53568627940875,0.1,0.075,54,0,1,OVP56,NTSC,False,30,0.33461372560425223
4.770787139114738,85.6060796455579,True,62.37237083928937,38,4,0,2.025,2.025,3.2840940055820567,9.897154040008253,0.7996046816219765,-12.558566596238869,-78.36863051598348,138.53383724322305,1.2,0.9275,54,5,1,full,NTSC,True,4,0.16243143473860652
2.7162638731681747,79.42275938681647,True,108.68899326118031,50,6,0,2.025,2.025,3.3910037230884895,16.41298634502074,1.1665148580420777,-11.287645040693413,-83.8308269336953,141.11600247233184,1.6462499999999998,1000000.0,54,17,1,no-confidence,NTSC,True,4,0.14313336370478014
3.4358125478745665,51.78825109306798,True,128.96288544006535,53,5,0,2.025,2.025,3.4,30.61867351026047,5.9633569797211505,-33.2411073088799,-69.83085656815064,115.32393892370057,1.525,0.5,54,44,1,no-phase-memory,NTSC,True,4,0.10905508170823809
1.6138867072937293,37.75841322956411,True,160.81274249540533,54,6,0,2.025,2.025,1000000.0,54.21141792650752,9.03581426901672,-43.057884471789436,-46.683773341253364,101.94686333389033,1000000.0,1000000.0,54,54,1,no-frequency-memory,NTSC,True,4,0.10500807432289147
3.8918775718397045,67.32723847019955,True,99.28272411680621,20,2,0,2.025,2.025,1.9355849169148418,14.30873833288534,3.737280988683663,-46.88554819212282,-71.96583067673988,127.0604777138209,1.516249999999999,0.9687499999999997,54,3,1,pair20-same-gains,NTSC,True,4,0.10578944131756683
4.132785326485891,85.96269498521113,True,77.33050847457628,43,5,0,2.025,2.025,3.4120608275511577,10.325086590441414,0.1723778790019536,-12.3940516236845,-79.62250265685198,141.30609030967832,1.2125,0.975,54,9,1,phase-advance-output,NTSC,True,4,0.161098497432489
6.6922922020971365,82.76736509826146,True,48.49269961200736,8,1,1,2.025,1.8125,2.1492446853234983,10.179453692769835,2.961394224775381,-14.717922957718717,-68.40370053902421,126.55649915440496,1.65625,1.095,54,1,1,frequency-only-output,NTSC,True,4,0.1213668360206864
3.343230081037457,84.25963587701658,True,92.75449254645702,38,4,0,2.025,2.025,3.182686316227221,10.504994937713688,-2.4706163108977233,-17.66008898019796,-76.67580624201392,138.58634068818895,1.35625,1.095,54,7,1,phase8,NTSC,True,4,0.13392899776628112
4.136884741270699,83.78984207307978,True,70.08755360424749,44,6,0,2.025,2.025,3.509887818720137,9.526995843097623,0.7255668681002534,-14.171756246981179,-77.29686099058065,137.68892505377386,1.4525,1000000.0,54,18,1,phase16,NTSC,True,4,0.14948667721639614
4.770956264557498,85.64115714183394,True,62.68506228303043,35,4,0,2.025,2.025,3.437099258937611,10.129156674380026,0.6620938460377422,-12.023446736753625,-77.18698452109848,138.85586760575774,1.567499999999999,0.9512499999999999,54,6,1,phase32,NTSC,True,4,0.16022974827372274
4.756483494392047,85.64433179869845,True,62.68506228303043,38,4,0,2.025,2.025,3.2623862528063716,10.170214547764036,0.7760427467505924,-12.741289031522443,-78.36175325416649,138.62130189046115,1.4625,0.9275,54,5,1,phase64,NTSC,True,4,0.15970047112870786
4.705546762977618,85.23346382785049,True,63.457218705329794,38,4,0,2.025,2.025,3.291169529969552,10.607566794905887,0.7942806897102963,-12.715830592361135,-78.36863052958229,138.63619629421504,1.2,0.9275,54,5,1,frequency25000Hz,NTSC,True,4,0.16209682735410488
4.67249530509765,84.86396796080098,True,63.79543598121298,40,4,0,2.025,2.025,3.3339701772597103,11.128105606366374,0.9281821875202532,-12.78461309211451,-78.01198282948886,138.71348353413936,1.23,0.9512499999999999,54,8,1,frequency50000Hz,NTSC,True,4,0.16220121201328544
4.652814975923427,85.68767963733839,True,63.62951807228916,38,4,0,2.025,2.025,3.2917688538990704,9.685621365171656,0.857048836460272,-12.245360145018324,-78.62264490727938,138.62260715897207,1.29375,0.7375,54,9,1,frequency100000Hz,NTSC,True,4,0.16156873376909237
1.4603370312695716,30.784200957526615,True,183.46691852154382,54,6,0,2.025,2.025,1000000.0,59.58960939821562,10.728331818272336,-50.25950369014449,-34.93595120852932,90.04710756109297,1000000.0,1000000.0,54,54,1,frequency1050000Hz,NTSC,True,4,0.09353951182086316
0.3474513273943123,49.019649643740024,True,218.23948335715747,54,6,0,2.025,2.025,1000000.0,47.52882754741832,9.754238869705269,-27.404659976944608,-84.49479673597025,142.5377309474971,1000000.0,1000000.0,54,54,1,OVP56,NTSC,True,4,0.05491823378248066
9.100863222638965,93.54199386192956,True,13.10113334694711,18,3,0,2.025,2.025,3.106802572134609,2.948251146382169,0.9121473526496209,-5.772984007452608,-77.3845018153727,131.04111515273596,1.73125,1.7724999999999997,54,2,1,full,NTSC,True,8,0.2824434332036295
6.797149600180234,90.52934681610375,True,34.30033694098428,35,5,0,2.025,2.025,3.34055522488797,7.234353250129961,0.7121978856925197,-5.61671312551597,-82.39295696992018,138.95257790258157,1.5899999999999992,0.5,54,4,1,no-confidence,NTSC,True,8,0.2568980449947
7.129319372669149,68.53689526197692,True,45.39769246477435,45,5,0,2.025,2.025,2.7739863013360395,20.925567332557982,5.59951261670872,-20.845126146469468,-64.19275978267943,106.09263106284652,1.5999999999999999,0.5,54,18,1,no-phase-memory,NTSC,True,8,0.23891277534515012
3.3445634441151513,48.74293882938054,True,101.87359607923219,54,6,0,2.025,2.025,1000000.0,46.64646497456805,7.953072658909258,-33.50181778224452,-39.87444560031291,99.43155430552568,1000000.0,1000000.0,54,54,1,no-frequency-memory,NTSC,True,8,0.174426607091163
5.890394309067577,76.84330546936141,True,64.6569328160098,12,1,1,2.025,1.80625,1.1422226661415973,8.164107491582792,2.701950028004262,-37.27672969311729,-68.83493789764077,121.92597217011578,1.2162499999999992,1.055,54,1,1,pair20-same-gains,NTSC,True,8,0.16293166946317206
8.300017585741307,94.61457801224434,True,17.019348580763733,29,4,0,2.025,2.025,3.2069066091796308,2.7387069638186374,0.2126918628912883,-5.098668246422027,-78.35383952383346,134.92610463717912,1.8949999999999991,1.26,54,3,1,phase-advance-output,NTSC,True,8,0.279643475703036
11.154867828773742,89.4460760186304,True,13.356391668368389,0,0,1,0.9099999999999995,0.575,1.3435416505142914,4.665412601695371,2.9417617212401317,-8.98149028491714,-66.46808391489255,126.09222175218807,0.9099999999999995,0.575,54,0,1,frequency-only-output,NTSC,True,8,0.21992358780514099
5.668283548538874,94.56085068964768,True,33.83449050439044,15,3,0,2.025,2.025,3.0617260926912886,2.9212733673299613,-9.427671777699043,-16.781298162012092,-73.61704408116091,135.75583225187904,1.6024999999999998,1.7525,54,2,1,phase8,NTSC,True,8,0.21523727443194812
8.153737651151417,93.66728288741322,True,16.2344292423933,17,4,0,2.025,2.025,3.2096007792499934,3.2225380079665094,-0.6402320788006619,-7.532570086802505,-76.56079744956381,129.24350429913486,1.9099999999999997,0.04875,54,3,1,phase16,NTSC,True,8,0.26278167519678747
8.96090908794141,93.63754370193917,True,13.254288339799876,19,2,0,2.025,2.025,3.129565236806635,3.0588713483455434,0.7525614196297588,-5.741568659000052,-77.48275896524237,131.64827639808684,1.8649999999999998,1.725,54,3,1,phase32,NTSC,True,8,0.27387513520402534
9.153005540099844,93.7243537870812,True,12.718245864815193,20,5,0,2.025,2.025,3.106376861535373,2.8011673034950753,0.8987755493635835,-5.5798262202997835,-77.35508567661066,132.14179177478172,1.8687499999999997,0.5,54,3,1,phase64,NTSC,True,8,0.28425409234613747
9.102666294617539,93.56781519993636,True,13.12665917908924,18,3,0,2.025,2.025,3.0724187449702303,2.9479893878162793,0.9235632759302842,-5.714595969820194,-77.3722519111168,131.05685190505758,1.7125,1.7724999999999997,54,2,1,frequency25000Hz,NTSC,True,8,0.2829652678379149
9.058585817959742,93.42552850746377,True,13.375536042474984,18,4,0,2.025,2.025,3.121489695108197,2.9963461467075136,0.927268069124436,-5.789134019279933,-77.38538215164483,130.3400675725054,1.7125,1.26,54,2,1,frequency50000Hz,NTSC,True,8,0.2803466875792997
9.16796287679945,93.8768899881465,True,12.743771696957321,16,4,0,2.025,2.025,3.1305240649214996,2.753766108875068,0.927101754476269,-5.481209971012313,-77.39078452105413,131.87447879755243,1.6974999999999998,1.2362499999999998,54,1,1,frequency100000Hz,NTSC,True,8,0.2847434290649528
2.6641776913230766,39.42373155782201,True,132.1280886256892,54,6,0,2.025,2.025,1000000.0,55.243171525775786,9.601952471920852,-42.51156687284339,-27.991849429436193,87.82788388100727,1000000.0,1000000.0,54,54,1,frequency1050000Hz,NTSC,True,8,0.14980625756433308
3.22776961104927,69.08098964337499,True,107.76368184602818,53,6,0,2.025,2.025,3.675,30.855817245976517,4.034314097380627,-15.709508403076605,-83.74531597434013,139.0902946732112,0.625,1000000.0,54,37,1,OVP56,NTSC,True,8,0.09644702286719534
15.581546453811493,95.94139657600451,True,2.010159281192567,0,0,1,0.1,0.075,0.041527545521461255,0.7543087692102595,1.4424336724930227,-2.8323214225853963,-65.56606322370295,127.26308329478857,0.1,0.075,54,0,1,full,NTSC,True,30,0.6111898848312117
15.599899293386025,95.8815460945398,True,1.1422809883602205,0,0,1,0.05,0.48125,0.6974656502891976,1.580307181389765,1.4238777151167596,-2.505075224818486,-61.80734792764456,123.56604651785895,0.05,0.48125,54,0,1,no-confidence,NTSC,True,30,0.6438631789287842
12.742513516541244,83.21312882799457,True,5.124310802532162,1,0,1,1.6674999999999995,1.43125,0.9652634306582,10.876678301384466,5.226121872044066,-11.98446452583335,-38.83682306614994,97.78542302538204,1.5299999999999998,1.43125,54,1,1,no-phase-memory,NTSC,True,30,0.6553416342740043
5.65776559211546,58.06885101258694,True,57.13319379211762,53,6,0,2.025,2.025,3.225,37.512105159845184,8.272175219210709,-25.711023966081843,-29.646209158777992,91.38594756477502,0.2,1000000.0,54,28,1,no-frequency-memory,NTSC,True,30,0.3164212175196942
7.987339295453789,83.0002476957047,True,44.14054523177455,13,1,1,2.025,1.9375,0.23487801712129058,7.033287658743103,2.2164259849490957,-23.88531199862917,-57.064533222670406,119.8916600968432,0.25,1.5399999999999998,54,1,1,pair20-same-gains,NTSC,True,30,0.26090871527230974
15.321216892505314,97.69265621339444,True,1.6655605472738413,0,0,1,0.075,0.05,0.03298428357510533,-0.35637569100823624,0.8104127859740738,-1.6083976389131824,-66.8082976829624,128.50097548592655,0.075,0.05,54,0,1,phase-advance-output,NTSC,True,30,0.6190384782197492
13.964737973831324,91.05435156166848,True,5.622064529303655,0,0,1,0.2,0.2,0.07071067811865475,3.8141692184513634,3.2201463720498915,-6.835762154344719,-50.20222771668656,115.12658651575606,0.2,0.2,54,0,1,frequency-only-output,NTSC,True,30,0.3946904676722665
4.780999490636481,101.39043655728065,True,50.64325096998162,1,0,2,1.561249999999999,1.0375,1.0334157504158465,-2.255296103933528,-22.927148883571725,-25.318137696111638,-60.28515033573551,127.00474481117371,1.47,1.0375,54,1,1,phase8,NTSC,True,30,0.3705623887321293
11.243485951999375,97.92474959871817,True,2.565346130283847,0,0,1,0.1,0.06875,0.9410580629152367,4.813390771808408,-7.641016936426261,-8.702950347122721,-64.29181522076202,126.72566680819887,0.1,0.06875,54,0,1,phase16,NTSC,True,30,0.5104339232355164
14.788811692917223,96.8191157950354,True,2.2207473963651214,0,0,1,0.075,0.06875,0.04054033199812896,0.8760680441959542,-0.8372192706217185,-3.107018273855132,-66.08476981680003,127.40106201644102,0.075,0.06875,54,0,1,phase32,NTSC,True,30,0.582710773574587
15.45297859750983,96.35953779267646,True,1.9973963651215032,0,0,1,0.1,0.09375,0.040253824294970666,0.8462149608540621,0.5623359420512091,-2.9027576251064864,-65.11260105096336,127.26322221785841,0.1,0.09375,54,0,1,phase64,NTSC,True,30,0.6044053750075645
15.575600066189647,95.92912421348375,True,2.010159281192567,0,0,1,0.1,0.075,0.04262780348117447,0.7624538514360566,1.4474833086444296,-2.835712926152071,-65.60415531708969,127.29090698956404,0.1,0.075,54,0,1,frequency25000Hz,NTSC,True,30,0.6107093989968343
15.600902153337637,95.94774681307261,True,1.9399632428017155,0,0,1,0.1,0.075,0.04124789556921527,0.7669921862584432,1.4831263236325243,-2.8047134007920964,-66.54908987599873,127.1966905427752,0.1,0.075,54,0,1,frequency50000Hz,NTSC,True,30,0.6124625737901203
15.610731043781563,96.02537433722975,True,1.8825301204819278,0,0,1,0.1,0.075,0.03923457469951537,0.7788684340870884,1.3698108665277988,-2.6955412705250654,-65.2887998990256,127.73504087509494,0.1,0.075,54,0,1,frequency100000Hz,NTSC,True,30,0.6121646031889867
4.118040992967799,47.238578448532486,True,89.09153563406166,54,6,0,2.025,2.025,1000000.0,49.688134744099315,9.591434909665185,-34.28451323415048,-19.915350184282723,82.23889040883637,1000000.0,1000000.0,54,54,1,frequency1050000Hz,NTSC,True,30,0.2410787846990877
10.495790108438712,92.7547937891623,True,6.7898713498060035,19,3,1,2.025,2.025,2.0576642444425044,6.376329889432314,1.0622236480804776,-3.341831065075401,-67.95971090386476,122.92056759453587,1.4924999999999993,0.1,54,1,1,OVP56,NTSC,True,30,0.2574336422396472
