sinad,contrast,polarity_ok,large_errors,h_missing,v_missing,v_trains,h_jitter_us,v_jitter_us,h_width_rmse_us,sync_error_ire,black_error_ire,white_error_ire,raw_min,raw_max,detail_corr,h_expected,max_h_gap,model,seed,standard,cnr,stage,rms,cfo_hz,quality_failures,usable
6.601518378147744,80.26430709938208,True,39.49184441656211,593,8,0,1.6149999999999998,1000000.0,3.568226821133828,15.61646672587094,4.053023430938793,-15.50491942524727,-75.57521148775272,129.19034080751976,0.2794893290160312,610,83,OVP56,13511,PAL,6,occupancy_cfo,1.5,1000000.0,,False
6.774845300289644,84.69209653386832,True,32.26787954830615,583,8,0,1.75,1000000.0,3.503120302223698,10.716549276973385,2.538202065054504,-13.143524367445082,-79.10092998431489,138.64486964203854,0.28794807291896457,610,72,VLP56,13511,PAL,6,occupancy_cfo,1.5,1000000.0,,False
-6.476588672388772,-78.6934952181153,False,586.4542032622334,610,8,0,1000000.0,1000000.0,1000000.0,85.58402401887277,22.50715603631191,-152.91255729304424,-68.1695434187406,126.43925360172774,-0.24529443880587318,610,610,PLL96-rejected-board,13511,PAL,6,occupancy_cfo,1.5,1000000.0,,False
9.115181625158272,88.27498896812598,True,8.39146800501882,484,6,0,1.89375,1.19,3.4770284989541977,13.59432124149923,0.46938102218909034,-7.58424400235803,-67.05964725945749,126.76885978376835,0.24326637510663549,610,25,PLL96-IQ-corrected,13511,PAL,6,occupancy_cfo,1.5,1000000.0,,False
12.263681208973265,90.33769587309115,True,2.4372647427854455,15,0,0,1.3399999999999976,1.033749999999999,2.5391654819128693,4.949490811659429,2.4196939097638293,-7.189908046248247,-64.61914433013968,126.67102438417128,0.5004348393785103,610,1,floating-PLL-IQ40,13511,PAL,6,occupancy_cfo,1.5,1000000.0,,False
3.6414755457207377,41.115381564370736,True,113.47678795483061,610,8,0,1000000.0,1000000.0,1000000.0,49.47899111179996,26.842563607045484,-31.054791340687295,-70.76945146677883,112.98549487873304,0.20633208958744903,610,610,HC50,13511,PAL,6,occupancy_cfo,1.5,1000000.0,,False
8.341918385307263,89.37024528270281,True,16.892095357590968,49,0,0,1.5,1.6299999999999997,2.675149928328772,4.034856384486132,-0.9824621500402512,-14.698194757374912,-76.45202893696073,119.37952538234892,0.25640322942913385,610,2,PLL96-board-fixed,13511,PAL,6,occupancy_cfo,1.5,1000000.0,,False
7.573160177867453,81.73193902307607,True,17.071518193224595,74,4,0,1.725,1.2224999999999997,2.814660654302859,11.281893100296154,5.709275489086111,-14.551613565847983,-73.97643186245712,125.77051020850818,0.26073428550105143,610,4,OVL-104d60b83090,13511,PAL,6,occupancy_cfo,1.5,1000000.0,,False
9.587862965261337,87.31858680507457,True,5.582810539523212,454,8,0,1.7,1000000.0,3.386439539754144,8.650317611170905,2.102701405321496,-10.776042920876696,-66.59781867070645,124.54707844716553,0.4017324476133342,610,20,OVP56,13511,PAL,10,occupancy_cfo,1.5,1000000.0,,False
9.774220257154099,89.03606577235905,True,4.159974905897115,411,7,0,1.7025,1.675,3.3851341429593518,6.997518783505513,1.7776717011745269,-9.41300237251987,-74.94741143187262,128.09375092631421,0.408183553641476,610,17,VLP56,13511,PAL,10,occupancy_cfo,1.5,1000000.0,,False
-6.39438616779811,-77.28203419827733,False,582.099121706399,610,8,0,1000000.0,1000000.0,1000000.0,82.9734689271353,23.362475410330614,-152.26760342164795,-65.60260619096398,82.50528909932525,-0.2873004602095413,610,610,PLL96-rejected-board,13511,PAL,10,occupancy_cfo,1.5,1000000.0,,False
9.563487534972474,89.20507606486733,True,5.45357590966123,554,8,0,1.90625,1000000.0,3.567485546571983,16.30814061171793,-0.19062234322655433,-7.111620829952381,-62.61856926408608,118.89985095425455,0.28964255790851784,610,44,PLL96-IQ-corrected,13511,PAL,10,occupancy_cfo,1.5,1000000.0,,False
14.468898969572301,90.05397771261448,True,0.7534504391468005,0,0,2,0.36374999999999885,0.04124999999999999,1.2863051514407267,5.175312776864329,2.635258384941116,-6.679552400296022,-59.965110569375945,121.96243413433358,0.6572478816479783,610,0,floating-PLL-IQ40,13511,PAL,10,occupancy_cfo,1.5,1000000.0,,False
4.114262190328226,42.18194617114481,True,96.31994981179423,610,8,0,1000000.0,1000000.0,1000000.0,49.5293287441418,26.787111451973193,-28.867594352078218,-27.877191879330812,100.02090484764189,0.3122729660316094,610,610,HC50,13511,PAL,10,occupancy_cfo,1.5,1000000.0,,False
10.921999661392165,92.51138279359733,True,4.599121706398996,3,0,1,1.05,0.65,1.975986917931203,3.3854503811381726,-1.540507696432611,-11.125276762550895,-64.10333244019624,109.38023756639244,0.36256492959904224,610,1,PLL96-board-fixed,13511,PAL,10,occupancy_cfo,1.5,1000000.0,,False
10.405743966297855,83.58732903173795,True,3.7107904642409033,0,0,1,0.8887499999999988,0.11624999999999999,1.569000739219753,8.43785378747825,6.435091586813842,-10.610169595557114,-53.32798914440758,111.0987078050549,0.3812809920339672,610,0,OVL-104d60b83090,13511,PAL,10,occupancy_cfo,1.5,1000000.0,,False
11.487569350310709,91.92347889989537,True,0.7810539523212046,116,0,0,1.55,0.6462499999999999,2.2471048062165364,3.217068199990753,2.2595276458740923,-5.6727421098587145,-54.008522087038116,120.11334993466322,0.4880059025867205,610,5,OVP56,13511,PAL,30,occupancy_cfo,1.5,1000000.0,strong_detail;sync,False
11.515738022913435,91.60320614847508,True,0.7685069008782935,220,1,0,1.8,0.9524999999999999,2.922971025409697,3.9378965853482755,2.3476834254002186,-5.742691894971884,-54.49281479622405,120.3992617266746,0.48829914184683276,610,7,VLP56,13511,PAL,30,occupancy_cfo,1.5,1000000.0,strong_detail;sync;h_jitter_us;v_jitter_us;h_width_rmse_us,False
-6.405636929649599,-77.3507772125486,False,585.0984943538269,610,8,0,1000000.0,1000000.0,1000000.0,83.45236745670903,22.90107009605842,-152.1173673989294,-62.58451483267217,65.54802059491024,-0.3153022918729455,610,610,PLL96-rejected-board,13511,PAL,30,occupancy_cfo,1.5,1000000.0,contrast;strong_detail;sync;h_jitter_us;v_jitter_us;h_width_rmse_us;sync_error_ire;black_error_ire;white_error_ire;fine_detail,False
9.537550878013214,92.76720402056506,True,5.327478042659974,610,8,0,1000000.0,1000000.0,1000000.0,16.403706408382103,-0.09126318744925407,-5.947449008973582,-38.50831615945755,102.21018022785368,0.328634596259275,610,610,PLL96-IQ-corrected,13511,PAL,30,occupancy_cfo,1.5,1000000.0,strong_detail;sync;h_jitter_us;v_jitter_us;h_width_rmse_us;sync_error_ire;fine_detail,False
16.50997708810123,91.17343668024992,True,0.00439146800501882,0,0,2,0.025,0.016249999999999987,0.03279969012248664,4.572170748174735,2.430336252936579,-5.575383101167218,-42.21661782740654,118.57377702313171,0.7778052450221462,610,0,floating-PLL-IQ40,13511,PAL,30,occupancy_cfo,1.5,1000000.0,sync,True
4.231213483970601,42.60878804050706,True,89.73023839397742,610,8,0,1000000.0,1000000.0,1000000.0,49.50712203953446,27.006702892211813,-27.871547396137945,1.246335546466753,84.34622934844684,0.3708720399352721,610,610,HC50,13511,PAL,30,occupancy_cfo,1.5,1000000.0,contrast;strong_detail;sync;h_jitter_us;v_jitter_us;h_width_rmse_us;sync_error_ire;black_error_ire;white_error_ire;fine_detail,False
12.112219609414808,91.67382787888351,True,3.4930991217063987,301,3,0,1.85,0.71,2.967714625277737,9.233835480812186,0.22358513156159934,-6.9682633129588245,-48.708831524688826,105.75434708803236,0.44514630361336377,610,7,PLL96-board-fixed,13511,PAL,30,occupancy_cfo,1.5,1000000.0,strong_detail;sync;h_jitter_us;h_width_rmse_us;sync_error_ire;fine_detail,False
11.414179051158825,84.81625342759459,True,2.2471769134253448,0,0,2,0.2,0.125,0.06645286755706917,7.195987122489239,6.900860621723423,-8.641202664959414,-37.76075408946187,101.19323198439285,0.43900586731322866,610,0,OVL-104d60b83090,13511,PAL,30,occupancy_cfo,1.5,1000000.0,contrast;strong_detail;sync;sync_error_ire;black_error_ire;white_error_ire;fine_detail,True
6.631620723552598,80.13496924587615,True,40.21696917514383,501,12,0,1.55,1000000.0,3.635261338611022,15.381960757415412,3.7906736201903675,-15.994656785135776,-78.90046204958746,129.27276017874522,0.2928987406933522,506,185,OVP56,13511,NTSC,6,occupancy_cfo,1.5,1000000.0,,False
6.805434394413998,84.59254940522379,True,32.83514015540376,478,10,0,1.8512499999999996,0.33375,3.467006479453338,10.482661442328334,2.303244627919772,-13.592194651140142,-83.16458958582153,140.80671834395525,0.30137621290681305,506,50,VLP56,13511,NTSC,6,occupancy_cfo,1.5,1000000.0,,False
-6.3879234923370065,-78.46875135267133,False,583.8162731397158,506,12,0,1000000.0,1000000.0,1000000.0,85.54606464402177,22.295488680648088,-152.93406938169773,-68.31321695155795,126.38071132703088,-0.23649118687520984,506,506,PLL96-rejected-board,13511,NTSC,6,occupancy_cfo,1.5,1000000.0,,False
9.081784894940766,87.94756344863987,True,8.640232172371126,371,7,0,1.8074999999999999,1.225,3.495465316345991,13.337356207325213,0.11024374982779535,-7.967553804138135,-68.00174849113996,126.97759844964911,0.2343663613163581,506,17,PLL96-IQ-corrected,13511,NTSC,6,occupancy_cfo,1.5,1000000.0,,False
12.352172824434772,90.2583898934231,True,2.2579003934767754,18,0,0,1.475,1.0724999999999993,2.538991274221668,4.770902430972756,2.2153231295191356,-7.454971790072928,-63.01441776601779,124.44971610556992,0.5156972854382892,506,1,floating-PLL-IQ40,13511,NTSC,6,occupancy_cfo,1.5,1000000.0,,False
3.616019475451181,41.0015532668952,True,118.43139143864381,506,12,0,1000000.0,1000000.0,1000000.0,49.30424166930846,26.576816432102213,-31.611653868487,-63.938473777440535,108.92843338478222,0.2160144816534544,506,506,HC50,13511,NTSC,6,occupancy_cfo,1.5,1000000.0,,False
8.387207746490816,89.32898501230225,True,16.898879178244677,36,3,0,1.6,0.9899999999999995,2.6537212932272407,3.755246231587664,-1.3376131104599167,-14.941675423546277,-76.0628047148426,118.5223961474541,0.25606564234117035,506,2,PLL96-board-fixed,13511,NTSC,6,occupancy_cfo,1.5,1000000.0,,False
7.534043712807374,81.50165471948073,True,17.71247595336081,70,3,0,1.775,1.65,2.8235526961580955,11.263675781118932,5.490353057568429,-15.098560142867814,-70.67410095220195,126.69629575858345,0.26791444968600164,506,3,OVL-104d60b83090,13511,NTSC,6,occupancy_cfo,1.5,1000000.0,,False
9.63356322939668,87.33242020867651,True,5.629698314402093,373,8,0,1.85,1.525,3.4177087474954284,8.365226870395041,1.8933699322595037,-11.14544499104362,-73.99852355565316,125.40136075242039,0.4204670569849161,506,18,OVP56,13511,NTSC,10,occupancy_cfo,1.5,1000000.0,,False
9.822620007339404,89.05860952846156,True,4.195178931079848,327,7,0,1.825,1.47,3.3966731176485654,6.727983425636985,1.5716461368217949,-9.749444117671231,-71.30408481876425,128.2853300350023,0.427189212766094,506,14,VLP56,13511,NTSC,10,occupancy_cfo,1.5,1000000.0,,False
-6.309612356948291,-77.08145068550543,False,579.775384068857,506,12,0,1000000.0,1000000.0,1000000.0,82.73221083962432,23.155213877530684,-152.48016533386024,-65.57184327489502,85.85215727721557,-0.28076812945381274,506,506,PLL96-rejected-board,13511,NTSC,10,occupancy_cfo,1.5,1000000.0,,False
9.499293115036059,88.783208153905,True,5.577013971887635,456,11,0,1.8162499999999997,0.05,3.574536683264,16.202625577837562,-0.48088605792246125,-7.448809833782424,-63.29527136983171,118.61039275603476,0.27904706603010904,506,55,PLL96-IQ-corrected,13511,NTSC,10,occupancy_cfo,1.5,1000000.0,,False
14.464416854212933,89.99862849167486,True,0.824133643619023,0,0,2,0.56875,0.036249999999999984,1.181030588506556,4.93628933288421,2.382611689688277,-6.988584771490429,-58.045214214856536,122.93204547673956,0.6669144085280401,506,0,floating-PLL-IQ40,13511,NTSC,10,occupancy_cfo,1.5,1000000.0,,False
4.100545153009374,42.17338294639127,True,101.55283336394042,506,12,0,1000000.0,1000000.0,1000000.0,49.304500410692,26.52135503569422,-29.155824505499723,-28.610119820882854,98.91796399642338,0.3293133271009027,506,506,HC50,13511,NTSC,10,occupancy_cfo,1.5,1000000.0,,False
10.861430994184015,92.36839926556722,True,4.788254101099748,4,0,1,1.0,0.23999999999999985,2.049963863737476,3.1716916631116043,-1.7505191971390306,-11.42398602898412,-62.12843748970631,110.05844486416622,0.36160243581755863,506,1,PLL96-board-fixed,13511,NTSC,10,occupancy_cfo,1.5,1000000.0,,False
10.436002223469492,83.61391121956369,True,3.588556358699088,0,0,1,0.8625,0.6449999999999996,1.4626171788467779,8.186608441612087,6.183401040587716,-10.923520979874342,-58.644390104851446,112.16781379601905,0.3946496891736664,506,0,OVL-104d60b83090,13511,NTSC,10,occupancy_cfo,1.5,1000000.0,,False
11.574439501083747,91.93585361665794,True,0.6751122176495558,96,4,0,1.6274999999999977,1.7724999999999997,2.236161372291103,3.0670404366454993,2.029719476605494,-5.982572101122111,-56.35998660370909,121.08258400773258,0.5098065775855402,506,4,OVP56,13511,NTSC,30,occupancy_cfo,1.5,1000000.0,strong_detail;sync,False
11.606916095795565,91.60870071838251,True,0.6337173771024817,185,6,0,1.8,1.8,2.9311275912839916,3.7614673282021425,2.1428711376541454,-6.036366710028126,-54.935199995079955,120.78417239780518,0.5106917863222844,506,5,VLP56,13511,NTSC,30,occupancy_cfo,1.5,1000000.0,strong_detail;sync;h_jitter_us;h_width_rmse_us,False
-6.317132109159219,-77.18471772185546,False,577.6002733564743,506,12,0,1000000.0,1000000.0,1000000.0,83.18508574068395,22.765279207794762,-152.26359903471604,-62.727243929119254,63.99121424814432,-0.31133516014300566,506,506,PLL96-rejected-board,13511,NTSC,30,occupancy_cfo,1.5,1000000.0,contrast;strong_detail;sync;h_jitter_us;v_jitter_us;h_width_rmse_us;sync_error_ire;black_error_ire;white_error_ire;fine_detail,False
9.537296822332033,92.43425683462613,True,5.258650016407409,506,12,0,1000000.0,1000000.0,1000000.0,16.20217237455803,-0.4077864068592013,-6.219502311959013,-38.67433833018052,101.74106383457482,0.3228331143849971,506,506,PLL96-IQ-corrected,13511,NTSC,30,occupancy_cfo,1.5,1000000.0,strong_detail;sync;h_jitter_us;v_jitter_us;h_width_rmse_us;sync_error_ire;fine_detail,False
16.539508086843647,91.08398968062048,True,0.0007526334644922584,0,0,2,0.025,0.025,0.032573267974848094,4.413632894107245,2.2214490829029123,-5.864116631354444,-42.46433117002738,118.39400916208484,0.7895319438708782,506,0,floating-PLL-IQ40,13511,NTSC,30,occupancy_cfo,1.5,1000000.0,sync,True
4.211851662417323,42.57941085794023,True,94.92890624294407,506,12,0,1000000.0,1000000.0,1000000.0,49.320386502302874,26.775727689909996,-28.129970834099613,1.3658289535079646,82.61256069241801,0.39057666621999265,506,506,HC50,13511,NTSC,30,occupancy_cfo,1.5,1000000.0,contrast;strong_detail;sync;h_jitter_us;v_jitter_us;h_width_rmse_us;sync_error_ire;black_error_ire;white_error_ire;fine_detail,False
12.035299263452186,91.2611197934783,True,3.3514768173840266,243,7,0,1.85,0.5799999999999998,2.9809335498962968,9.053890254289033,0.03683246105142749,-7.26437339237878,-53.534477946987366,105.45235382481417,0.4475138625600584,506,9,PLL96-board-fixed,13511,NTSC,30,occupancy_cfo,1.5,1000000.0,strong_detail;sync;h_jitter_us;h_width_rmse_us;sync_error_ire;fine_detail,False
11.437591421707133,84.76942684997334,True,2.0132945175167913,0,0,2,0.2,0.20874999999999994,0.06468989572333265,6.9913889022231235,6.693275866532387,-8.952103133039637,-39.74159510626771,100.8920560533376,0.45399480059318986,506,0,OVL-104d60b83090,13511,NTSC,30,occupancy_cfo,1.5,1000000.0,contrast;strong_detail;sync;sync_error_ire;black_error_ire;white_error_ire;fine_detail,True
7.727768137355674,89.61469611217302,True,20.521329987452948,526,8,0,1.675,1000000.0,3.470662546532688,9.042617308680933,1.7494261110747662,-8.690103995927194,-79.23052661927925,142.18306800149145,0.3272639529472335,610,35,OVP56,13512,PAL,6,occupancy_cfo,5,1000000.0,,False
7.767422041591639,91.78279271450398,True,18.409033877038894,456,6,0,1.8337499999999998,1.86,3.4396336353534145,6.1397117469159515,1.0647323487435039,-7.550069974748824,-81.7343838041919,145.49506782209977,0.3312709366743521,610,16,VLP56,13512,PAL,6,occupancy_cfo,5,1000000.0,,False
-6.7508642543240995,-83.31138953742204,False,592.366373902133,610,8,0,1000000.0,1000000.0,1000000.0,86.13976459748109,22.50721867569136,-158.08559803309421,-74.17119561504033,131.88883720572414,-0.25903508570186523,610,610,PLL96-rejected-board,13512,PAL,6,occupancy_cfo,5,1000000.0,,False
9.137119995924753,94.4379469829024,True,7.451066499372647,455,6,0,1.9,1.07375,3.503543137472269,11.76045283498389,-1.673114214476829,-3.3482120154017014,-73.45417365267302,133.5607874476039,0.2594714822334,610,14,PLL96-IQ-corrected,13512,PAL,6,occupancy_cfo,5,1000000.0,,False
11.822471329220868,96.03385293079755,True,0.44416562107904645,33,1,0,1.625,1.3749999999999996,2.740157864305843,1.7244391355168176,0.7754712991365796,-2.5867843384960034,-72.37842022790409,135.8154280298238,0.5252368783440335,610,2,floating-PLL-IQ40,13512,PAL,6,occupancy_cfo,5,1000000.0,,False
4.113094016962916,44.457513553883096,True,98.22145545796737,610,8,0,1000000.0,1000000.0,1000000.0,48.3957245284238,26.666790505520307,-26.831564217248122,-60.871833256220945,119.2431888144131,0.24096315658012218,610,610,HC50,13512,PAL,6,occupancy_cfo,5,1000000.0,,False
9.07731829273546,96.59024196016168,True,11.44792973651192,6,1,0,1.075,0.8624999999999993,1.9180054291265551,-0.4245257253244324,-3.628511234832686,-9.88946625035163,-81.25137811135585,119.93083126518216,0.29227350615284575,610,1,PLL96-board-fixed,13512,PAL,6,occupancy_cfo,5,1000000.0,,False
8.774179212514,93.62363325548641,True,10.64491844416562,10,0,0,1.175,1.4337499999999996,2.288730315771898,3.134542469060966,0.2630713209908903,-5.349377588077513,-83.65616139694393,145.91525979587414,0.33220499765556794,610,1,OVL-104d60b83090,13512,PAL,6,occupancy_cfo,5,1000000.0,,False
11.388298820788378,96.3004530038245,True,1.4416562107904642,69,3,0,1.7,1.77,2.936374356633032,2.728330189811176,0.7313544956433914,-3.2056638963233843,-74.19058941980856,133.09251006647054,0.4852041922275307,610,3,OVP56,13512,PAL,10,occupancy_cfo,5,1000000.0,,False
11.578381580977936,97.18521794159687,True,1.2007528230865747,22,1,0,1.575,1.3174999999999994,2.573092839406321,1.5866466444777414,0.5632254579985964,-2.474122599330018,-70.75145333700026,135.44617018994478,0.49452599694707305,610,1,VLP56,13512,PAL,10,occupancy_cfo,5,1000000.0,,False
-6.739054689615745,-83.00591453199863,False,591.780426599749,610,8,0,1000000.0,1000000.0,1000000.0,83.91442934073584,23.316689740719504,-158.35328464318485,-71.83439866544117,82.18297832690268,-0.2967231330356497,610,610,PLL96-rejected-board,13512,PAL,10,occupancy_cfo,5,1000000.0,,False
9.262713793177554,96.9893353496272,True,5.6198243412797995,453,7,0,1.9,0.05,3.5161824487274336,13.70268724020094,-2.6082003003614824,-1.7924636644968712,-58.72571576966082,124.61574359139985,0.3028832197228433,610,16,PLL96-IQ-corrected,13512,PAL,10,occupancy_cfo,5,1000000.0,,False
15.521394667969826,97.29868185143816,True,0.0,0,0,2,0.075,0.04124999999999999,0.9719930513142975,0.5655465024557889,0.8737823760030484,-1.1086068059338854,-63.65930134962571,123.2047566850955,0.698372383643116,610,0,floating-PLL-IQ40,13512,PAL,10,occupancy_cfo,5,1000000.0,,False
4.463907788382563,45.04924532006874,True,88.38017565872019,610,8,0,1000000.0,1000000.0,1000000.0,48.26999703384171,26.733692140286628,-25.87698403643289,-31.41253330947471,97.31059859698388,0.3753408526631836,610,610,HC50,13512,PAL,10,occupancy_cfo,5,1000000.0,,False
11.197159482304443,100.31916636441102,True,3.880175658720201,0,0,2,0.175,0.10749999999999997,0.3319311354611444,-0.08909604128011228,-3.888675253535946,-5.07716538463188,-67.82796561888887,112.9665525053143,0.3885664438119202,610,0,PLL96-board-fixed,13512,PAL,10,occupancy_cfo,5,1000000.0,,False
11.895845360124541,95.46373312321151,True,1.5614805520702635,0,0,2,0.1,0.06624999999999999,0.5386905419626374,1.479081490070867,-0.2293853334425566,-3.6573828170896805,-61.41519884345274,123.82971486580732,0.47472175933150546,610,0,OVL-104d60b83090,13512,PAL,10,occupancy_cfo,5,1000000.0,,False
16.637920338499704,97.89988801856568,True,0.4623588456712672,0,0,2,0.05,0.05,0.020989849225085046,-0.19753145089765362,1.1900292718813787,-1.3340573656138615,-58.875700085277025,120.3829424017418,0.7303039150379438,610,0,OVP56,13512,PAL,30,occupancy_cfo,5,1000000.0,,True
17.119807441018683,98.46697896474778,True,0.47929736511919696,0,0,2,0.025,0.025,0.012188747834395944,-0.6577291132669858,1.0074639121765916,-0.8445660425699595,-55.24115199392185,117.96765185972568,0.7521160463409825,610,0,VLP56,13512,PAL,30,occupancy_cfo,5,1000000.0,,True
-6.698688741893106,-81.75261217301124,False,592.9485570890841,610,8,0,1000000.0,1000000.0,1000000.0,82.12236467215874,22.136636316942845,-157.6349342107081,-69.24800590739356,68.35617343252598,-0.316405492775215,610,610,PLL96-rejected-board,13512,PAL,30,occupancy_cfo,5,1000000.0,contrast;strong_detail;sync;h_jitter_us;v_jitter_us;h_width_rmse_us;sync_error_ire;black_error_ire;white_error_ire;fine_detail,False
8.999694181697981,98.140540197555,True,5.984316185696361,217,3,0,1.9,0.82,3.4013543179046715,15.765918743774069,-1.1561693958906372,-1.2253223690226862,-48.575090469352716,107.58625196264337,0.3303817122096915,610,7,PLL96-IQ-corrected,13512,PAL,30,occupancy_cfo,5,1000000.0,strong_detail;sync;h_jitter_us;v_jitter_us;h_width_rmse_us;sync_error_ire;fine_detail,False
23.63010278142611,97.5656396721073,True,0.0,0,0,2,0.025,0.025,0.00888219807384134,0.36428091612904206,1.0747205432232212,-0.5918002984572842,-45.92367313046493,109.91337969655741,0.9506977384707922,610,0,floating-PLL-IQ40,13512,PAL,30,occupancy_cfo,5,1000000.0,,True
4.549834035955716,44.72241414117343,True,88.55771643663739,610,8,0,1000000.0,1000000.0,1000000.0,48.30877579063294,26.802612079236628,-26.357812862767627,3.336946816089096,82.89603669888426,0.5809898423753747,610,610,HC50,13512,PAL,30,occupancy_cfo,5,1000000.0,contrast;strong_detail;sync;h_jitter_us;v_jitter_us;h_width_rmse_us;sync_error_ire;black_error_ire;white_error_ire;fine_detail,False
12.005427460410292,98.56228006027973,True,3.415307402760351,0,0,2,0.075,0.075,0.048544385638806684,3.6656697499029978,-1.4994820622828262,-2.3154399813511053,-58.89850593710661,111.99140499829774,0.44208017227722357,610,0,PLL96-board-fixed,13512,PAL,30,occupancy_cfo,5,1000000.0,strong_detail;fine_detail,True
15.475834950082067,95.38599970968502,True,0.6875784190715182,0,0,2,0.05,0.05,0.02971862583147941,2.1955034478351836,-0.5695351250435257,-4.2770353972581105,-46.18230436250215,106.07146169513148,0.6757530140855191,610,0,OVL-104d60b83090,13512,PAL,30,occupancy_cfo,5,1000000.0,strong_detail;fine_detail,True
7.791539234515109,89.63227758868054,True,20.346693079083714,425,9,0,1.8,1.8,3.4897225649393553,8.874532190420359,1.6299896300140453,-8.895844371315654,-79.3397175968532,144.21666661013973,0.3437289883041476,506,21,OVP56,13512,NTSC,6,occupancy_cfo,5,1000000.0,,False
7.852165770616372,91.83445926515432,True,18.04890311198885,372,9,0,1.8837499999999998,1.775,3.4286204853899798,5.993138846836499,0.9909872140299517,-7.764728981479276,-81.43101031972311,145.97537583906498,0.34869961982285125,506,14,VLP56,13512,NTSC,6,occupancy_cfo,5,1000000.0,,False
-6.655211816043352,-83.12279364096764,False,590.4642845315759,506,12,0,1000000.0,1000000.0,1000000.0,86.06696298982565,22.453460506793498,-158.05283241103166,-73.86803165914318,131.3730253885793,-0.25345409191263635,506,506,PLL96-rejected-board,13512,NTSC,6,occupancy_cfo,5,1000000.0,,False
9.154494560170109,94.16087253268677,True,7.519560943742154,383,8,0,1.95,1.8037499999999997,3.4777420894382614,11.726403034885095,-1.7409563047749996,-3.361687337635892,-72.31818772459727,129.83999385611446,0.2545853211038425,506,13,PLL96-IQ-corrected,13512,NTSC,6,occupancy_cfo,5,1000000.0,,False
11.903291984297779,96.03976609332564,True,0.3424482263439776,22,0,0,1.5462499999999992,1.45125,2.785355000594869,1.6917980053599615,0.7140859453291402,-2.6648795274715398,-72.32054035115279,127.66439047050403,0.5412504856849485,506,1,floating-PLL-IQ40,13512,NTSC,6,occupancy_cfo,5,1000000.0,,False
4.085565709291354,44.462721691068225,True,103.35764841179287,506,12,0,1000000.0,1000000.0,1000000.0,48.32250441597299,26.600211019486533,-26.957843250938488,-60.771030622579175,124.93035803646995,0.25671195601932745,506,506,HC50,13512,NTSC,6,occupancy_cfo,5,1000000.0,,False
9.040511028927497,96.3301703881611,True,11.59431852050324,4,0,1,0.975,0.5862499999999999,1.9837126270840213,-0.4338968976340211,-3.6278961841396713,-10.334452181510018,-81.89788986152067,122.6812199249521,0.2899688891046794,506,1,PLL96-board-fixed,13512,NTSC,6,occupancy_cfo,5,1000000.0,,False
8.821122312103652,93.53751871562115,True,10.513536865492357,6,0,0,1.226249999999999,0.9475,2.3544365037095396,3.2068844766917075,0.2051989123549267,-5.57745073416659,-80.4605446827155,142.1503278511957,0.3467996880795395,506,1,OVL-104d60b83090,13512,NTSC,6,occupancy_cfo,5,1000000.0,,False
11.480383532921799,96.27113205395004,True,1.336677032938251,49,3,0,1.4299999999999997,1.0249999999999997,2.931805143667914,2.6677733599033404,0.6697401599396672,-3.3862322956889574,-72.31731301152627,133.16069031329525,0.5071377096105418,506,3,OVP56,13512,NTSC,10,occupancy_cfo,5,1000000.0,,False
11.690888751353,97.15292872428226,True,1.098092224694205,18,1,0,1.3,1.275,2.6411076348635296,1.552575193389914,0.5229727047911502,-2.6376500155105123,-71.27387952444197,133.41269765478734,0.5174464668594471,506,3,VLP56,13512,NTSC,10,occupancy_cfo,5,1000000.0,,False
-6.6382931601409485,-82.7012432024093,False,589.9923833493393,506,12,0,1000000.0,1000000.0,1000000.0,83.89724475738798,23.20910664724629,-158.3286325633557,-71.70449482028033,82.06018564867995,-0.28916381224626864,506,506,PLL96-rejected-board,13512,NTSC,10,occupancy_cfo,5,1000000.0,,False
9.24357397089095,96.46123472184433,True,5.793772409661406,356,11,0,1.927499999999999,0.05,3.506953212310272,13.697041585781928,-2.5975497775266865,-2.0057605116168085,-63.630323815012886,123.80095665227995,0.2934194528507388,506,19,PLL96-IQ-corrected,13512,NTSC,10,occupancy_cfo,5,1000000.0,,False
15.636996243212684,97.22693754426486,True,0.0,0,0,2,0.075,0.18499999999999978,1.056420937708288,0.5839989962133889,0.8302812500695171,-1.2493087768900961,-68.12818965683778,123.34616033171247,0.7138271953289688,506,0,floating-PLL-IQ40,13512,NTSC,10,occupancy_cfo,5,1000000.0,,False
4.425832907943102,45.02664994012828,True,93.59749764425726,506,12,0,1000000.0,1000000.0,1000000.0,48.24369680590263,26.665814562196445,-25.966082715615713,-13.037463979453989,94.5971082739737,0.39560789506034116,506,506,HC50,13512,NTSC,10,occupancy_cfo,5,1000000.0,,False
11.189019486572692,99.9947407901679,True,3.8602570393807936,0,0,2,0.1,0.061249999999999985,0.422488802854643,-0.06854936639199956,-3.928165529419914,-5.204322448027997,-65.34826169747289,112.83699293186879,0.3889931868625026,506,0,PLL96-board-fixed,13512,NTSC,10,occupancy_cfo,5,1000000.0,,False
11.975973910800855,95.41611478521047,True,1.4074245786005233,0,0,2,0.1,0.225,0.5877884877437722,1.4946455397276048,-0.2704625470749552,-3.7571803959522545,-59.09551940236537,123.04635078851595,0.4951677035430117,506,0,OVL-104d60b83090,13512,NTSC,10,occupancy_cfo,5,1000000.0,,False
16.851385362218988,97.89636624996082,True,0.3928746684649589,0,0,2,0.05,0.025,0.01972513694928337,-0.19209190441246757,1.1858807917673466,-1.4384244852962975,-59.99023209211118,121.24105454346837,0.7526953484666299,506,0,OVP56,13512,NTSC,30,occupancy_cfo,5,1000000.0,,True
17.364695511695302,98.46914793162603,True,0.3687903976012066,0,0,2,0.025,0.025,0.013150091299522248,-0.6635956840280786,0.9839832265542767,-0.9524618827244853,-56.124260358591656,117.87461555172375,0.7745594339148851,506,0,VLP56,13512,NTSC,30,occupancy_cfo,5,1000000.0,,True
-6.597124946922634,-81.42836829955338,False,591.236486466145,506,12,0,1000000.0,1000000.0,1000000.0,82.01739915840369,22.017050631590095,-157.61178863113574,-69.20142213426428,68.27070039763466,-0.3095745960751237,506,506,PLL96-rejected-board,13512,NTSC,30,occupancy_cfo,5,1000000.0,contrast;strong_detail;sync;h_jitter_us;v_jitter_us;h_width_rmse_us;sync_error_ire;black_error_ire;white_error_ire;fine_detail,False
9.000998138365032,97.65177659347978,True,5.8720462899686,182,3,0,1.75,0.9999999999999998,3.4120949540287766,15.8141373103806,-1.1257059850887505,-1.3121547298176695,-47.59159922820504,107.46395765957583,0.32268152263860356,506,5,PLL96-IQ-corrected,13512,NTSC,30,occupancy_cfo,5,1000000.0,strong_detail;sync;h_jitter_us;v_jitter_us;h_width_rmse_us;sync_error_ire;fine_detail,False
24.10387668799156,97.49631867231224,True,0.0,0,0,2,0.025,0.025,0.008316847989130755,0.3829249101610264,1.0503263938610183,-0.7060320509711083,-46.03965941927383,109.3807737143293,0.9598796129279226,506,0,floating-PLL-IQ40,13512,NTSC,30,occupancy_cfo,5,1000000.0,,True
4.508163134786541,44.70924058639593,True,94.00015654776061,506,12,0,1000000.0,1000000.0,1000000.0,48.299679725606,26.752075505146774,-26.438184879694155,3.1744301137500344,82.94717976802171,0.6024003645150465,506,506,HC50,13512,NTSC,30,occupancy_cfo,5,1000000.0,contrast;strong_detail;sync;h_jitter_us;v_jitter_us;h_width_rmse_us;sync_error_ire;black_error_ire;white_error_ire;fine_detail,False
12.002115504848419,98.32527327813614,True,3.3063188095144915,0,0,2,0.075,0.075,0.049278389622576614,3.658403686317222,-1.548618252798928,-2.4322176046931183,-58.864797544597366,111.84280616653693,0.4441516352911605,506,0,PLL96-board-fixed,13512,NTSC,30,occupancy_cfo,5,1000000.0,strong_detail;fine_detail,True
15.60235043652912,95.34327820811546,True,0.5050170546743055,0,0,2,0.05,0.05,0.029404498056060296,2.1950967029417243,-0.5916799636677685,-4.370602281326315,-46.52063664334331,104.82955593677129,0.6966090288551691,506,0,OVL-104d60b83090,13512,NTSC,30,occupancy_cfo,5,1000000.0,strong_detail;fine_detail,True
7.439228176016027,87.20069953708705,True,24.960476787954832,589,8,0,1.55,1000000.0,3.556215216584433,15.453953591083994,3.8816647954045296,-6.76458663871853,-73.17565266403918,150.9467126589975,0.31798351251056184,610,94,OVP56,13513,PAL,6,occupancy_cfo,3,500000.0,,False
7.634452539494499,90.95158820753932,True,20.491844416562106,531,7,0,1.8299999999999996,1.85,3.449730543504059,9.945226895507943,2.1323228161896526,-5.657893123498098,-76.31297033987448,157.82689643136706,0.3264710727150396,610,26,VLP56,13513,PAL,6,occupancy_cfo,3,500000.0,,False
-6.239813393151598,-91.9319506893335,False,670.33626097867,610,8,0,1000000.0,1000000.0,1000000.0,120.29681934037745,39.51028465617073,-142.74422714281172,-62.68985614208857,141.78019620555165,-0.26196333730704485,610,610,PLL96-rejected-board,13513,PAL,6,occupancy_cfo,3,500000.0,,False
9.486616523465457,97.55323993162942,True,7.684441656210791,2,0,1,1.0,0.2562499999999999,1.7932424667088092,2.986632850350957,2.8273315804525545,1.596086112632249,-63.066403821857826,143.67415344436637,0.25091262644801954,610,1,PLL96-IQ-corrected,13513,PAL,6,occupancy_cfo,3,500000.0,,False
12.098649142421499,95.33874686488889,True,0.3230865746549561,23,1,0,1.4424999999999983,0.7324999999999993,2.6890668840667886,3.7253642383247154,1.6417984072233907,-1.7127346260022343,-61.19412678422457,143.0982691688534,0.5305104863238054,610,2,floating-PLL-IQ40,13513,PAL,6,occupancy_cfo,3,500000.0,,False
3.2840142107884516,44.25275548805441,True,139.90526976160604,610,8,0,1000000.0,1000000.0,1000000.0,54.63998527699777,32.932799692946574,-20.799767415682176,-55.076730230062225,127.5208060665331,0.24196414823818568,610,610,HC50,13513,PAL,6,occupancy_cfo,3,500000.0,,False
9.115103056093414,97.72784446586134,True,12.11417816813049,41,1,0,1.5900000000000005,1.1999999999999988,2.7430502133134977,3.2090444796523294,-2.994470953122904,-5.368677448958368,-68.46914803829718,132.35980754754524,0.2865214172224443,610,2,PLL96-board-fixed,13513,PAL,6,occupancy_cfo,3,500000.0,,False
8.45672288170417,91.00902362842513,True,11.536386449184443,34,0,0,1.43125,1.2962499999999995,2.603304857398679,8.523732476658603,2.6029612683806786,-4.886002644519902,-70.43514666393423,152.84103191400698,0.31491963267170725,610,2,OVL-104d60b83090,13513,PAL,6,occupancy_cfo,3,500000.0,,False
11.075446111954756,93.11266646304136,True,1.9102885821831868,275,5,0,1.8325000000000002,0.2975,3.2045516253296626,8.069160539371582,1.7769456458154878,-3.56200451782487,-61.16971482616004,138.06138601250683,0.4704572826348736,610,6,OVP56,13513,PAL,10,occupancy_cfo,3,500000.0,,False
11.303047996048596,94.85957038490618,True,1.3789209535759097,108,2,0,1.625,0.80625,3.0099753228594928,5.301121750963089,1.2227530484441114,-2.9044406487561756,-61.1924632314179,145.17249124508544,0.47942134494644323,610,3,VLP56,13513,PAL,10,occupancy_cfo,3,500000.0,,False
-6.276925820366694,-93.56406155514637,False,672.5363864491844,610,8,0,1000000.0,1000000.0,1000000.0,124.79440751406385,39.64724617158831,-141.925060856977,-60.38691493782641,116.29064201278034,-0.30091135795710144,610,610,PLL96-rejected-board,13513,PAL,10,occupancy_cfo,3,500000.0,,False
9.909383021677865,100.7552948076759,True,5.392095357590966,0,0,2,0.4,0.33249999999999996,0.8087894465511152,2.621712706597124,2.876695289219783,3.849427713986659,-56.235370456396005,132.3028248764548,0.2918178567227471,610,0,PLL96-IQ-corrected,13513,PAL,10,occupancy_cfo,3,500000.0,,False
15.409354209877428,95.1803120339993,True,0.0025094102885821834,0,0,2,0.075,0.025,1.118620802595768,3.1663718118957953,2.117477221077808,-1.5037464283304485,-57.666080003039696,130.22873453026415,0.6940784984309049,610,0,floating-PLL-IQ40,13513,PAL,10,occupancy_cfo,3,500000.0,,False
3.501954029406594,44.17530342773904,True,114.94792973651192,610,8,0,1000000.0,1000000.0,1000000.0,54.89845170377697,32.984046223536325,-20.60749120850304,-6.7437049169999455,102.08930300982699,0.3604988811510436,610,610,HC50,13513,PAL,10,occupancy_cfo,3,500000.0,,False
11.593294179181752,101.75923625044487,True,3.882685069008783,0,0,2,0.5774999999999977,0.075,1.073297355402851,0.10991695752324275,-2.6881941749525513,-1.5993135019636013,-61.359876837398545,122.29296951695422,0.3892591864138034,610,0,PLL96-board-fixed,13513,PAL,10,occupancy_cfo,3,500000.0,,False
11.729692366240013,92.46584921349486,True,1.6041405269761606,0,0,2,0.31374999999999886,0.2299999999999999,1.1223406637798394,5.006356617259707,2.358936590133683,-4.6898591034217025,-55.077636012448316,127.43609188260565,0.46038327123119094,610,0,OVL-104d60b83090,13513,PAL,10,occupancy_cfo,3,500000.0,,False
15.575964428641907,96.98840033693355,True,0.5457967377666249,0,0,2,0.05,0.04124999999999999,0.019679814073491984,0.693355340642787,1.0098189106429158,-1.6654569301276108,-53.653417653701126,123.59697291271586,0.6838940710297311,610,0,OVP56,13513,PAL,30,occupancy_cfo,3,500000.0,,True
15.816175719318071,96.83164995167122,True,0.4943538268506901,0,0,2,0.05,0.04124999999999999,0.01644663501384671,0.89123244327918,1.5273102203096989,-1.4414620392057984,-51.11372181839301,120.91582543648717,0.6939181282528242,610,0,VLP56,13513,PAL,30,occupancy_cfo,3,500000.0,,True
-6.440300226125957,-98.24749426617589,False,677.6838143036387,610,8,0,1000000.0,1000000.0,1000000.0,136.1014354844667,39.88012482249614,-142.0294802519971,-56.44061821225377,108.4107961784077,-0.333896141283644,610,610,PLL96-rejected-board,13513,PAL,30,occupancy_cfo,3,500000.0,contrast;strong_detail;sync;h_jitter_us;v_jitter_us;h_width_rmse_us;sync_error_ire;black_error_ire;white_error_ire;fine_detail,False
8.955400725363853,107.6135037506686,True,5.88456712672522,0,0,2,0.3,0.23874999999999993,0.09460335661046712,2.342767504310468,2.2341848154828243,5.391344923070672,-52.532768103071184,113.93502820805615,0.33658345841063086,610,0,PLL96-IQ-corrected,13513,PAL,30,occupancy_cfo,3,500000.0,strong_detail;white_error_ire;fine_detail,True
21.31781416576439,95.65141761507014,True,0.0,0,0,2,0.025,0.025,0.018443533675145594,2.3635926167342376,2.454453077003265,-0.7087332078750165,-45.30571532113264,112.71070715538424,0.9214542545056642,610,0,floating-PLL-IQ40,13513,PAL,30,occupancy_cfo,3,500000.0,,True
3.6039822606371317,44.14688427121556,True,96.6060225846926,610,8,0,1000000.0,1000000.0,1000000.0,54.737008522339224,32.793927461057244,-20.965815459731548,9.412848996689299,90.1840838638873,0.5085478387198361,610,610,HC50,13513,PAL,30,occupancy_cfo,3,500000.0,contrast;strong_detail;sync;h_jitter_us;v_jitter_us;h_width_rmse_us;sync_error_ire;black_error_ire;white_error_ire;fine_detail,False
12.239173366734521,103.24066468793741,True,3.7321204516938518,0,0,2,0.075,0.06624999999999999,0.06592656122845962,-2.4410903990974666,-1.9108015663806859,0.75861012086247,-50.48707772241235,114.81017282080249,0.47889970493308054,610,0,PLL96-board-fixed,13513,PAL,30,occupancy_cfo,3,500000.0,strong_detail;fine_detail,True
15.345937968535104,94.4441802018333,True,0.6649937264742786,0,0,2,0.075,0.075,0.02412399662399981,4.150299969468948,1.3516141583214345,-2.4689193480653286,-45.14534604647167,110.87730024750009,0.6660760505352039,610,0,OVL-104d60b83090,13513,PAL,30,occupancy_cfo,3,500000.0,,True
7.490134379735736,87.23619114714941,True,24.88657813690102,486,11,0,1.9012499999999999,0.05,3.504639781775011,15.422291355299885,3.62904276404713,-6.876285352185371,-75.40834962273145,149.74346003659775,0.33428943439344583,506,78,OVP56,13513,NTSC,6,occupancy_cfo,3,500000.0,,False
7.695181530314461,91.05561209079279,True,20.12541884052299,445,12,0,1.9,1000000.0,3.442872478271501,9.859891287069944,1.971539442712094,-5.7306456267475685,-80.49593037132793,152.25079092376956,0.3434952447476034,506,31,VLP56,13513,NTSC,6,occupancy_cfo,3,500000.0,,False
-6.187481442876479,-91.94545526936027,False,670.0635523697417,506,12,0,1000000.0,1000000.0,1000000.0,120.19559817978977,39.36964295784655,-142.9771545426032,-62.454461537004775,142.7695316580875,-0.26182739101303804,506,506,PLL96-rejected-board,13513,NTSC,6,occupancy_cfo,3,500000.0,,False
9.489819524139072,97.5348376712151,True,7.961356787399109,3,0,1,0.9,1.60875,1.6565660216530542,2.7681331330862777,2.730536421785872,1.63940047076096,-62.72412928509728,143.43603866981834,0.2487927074212618,506,1,PLL96-IQ-corrected,13513,NTSC,6,occupancy_cfo,3,500000.0,,False
12.194569083174638,95.49325892512206,True,0.28449544957807366,23,0,0,1.375,1.3074999999999997,2.6493846701516905,3.573812389341641,1.5241601225861467,-1.6786270190418424,-63.27157575324783,139.12898131403978,0.5473553646984323,506,2,floating-PLL-IQ40,13513,NTSC,6,occupancy_cfo,3,500000.0,,False
3.244118570541659,44.31391443070367,True,145.41932220840724,506,12,0,1000000.0,1000000.0,1000000.0,54.619731983213214,32.84614188408204,-20.849578935517645,-54.12898567131793,129.4339611687996,0.25768878045745697,506,506,HC50,13513,NTSC,6,occupancy_cfo,3,500000.0,,False
9.079192370683351,97.56035755787853,True,12.46737333931426,34,3,0,1.5362499999999997,1.4099999999999997,2.6677888705118926,3.117155169347556,-3.1200849967105917,-5.641506310505381,-71.42310695593683,133.50380332014402,0.2880196347601028,506,3,PLL96-board-fixed,13513,NTSC,6,occupancy_cfo,3,500000.0,,False
8.405937547170792,90.93406831886224,True,12.039124898018166,40,0,0,1.525,1.8212499999999998,2.5380539945791427,8.662418320761825,2.4969603123590813,-5.025722690281377,-68.32836534414704,148.40733508493605,0.3249490563098811,506,3,OVL-104d60b83090,13513,NTSC,6,occupancy_cfo,3,500000.0,,False
11.153747860869185,93.27294976992484,True,1.8002992470654822,252,4,0,1.825,1.8487500000000001,3.2661752988284576,7.908578895393096,1.6270904798350267,-3.5620097575911456,-60.97850538080248,137.92607022255163,0.49266582546050836,506,12,OVP56,13513,NTSC,10,occupancy_cfo,3,500000.0,,False
11.396206511293872,95.09487205917384,True,1.2252872801933967,93,1,0,1.6349999999999993,1.4875,2.986962439099427,5.057384658087252,1.0855361054591393,-2.859840403341288,-62.34257421080145,142.25289915954062,0.5023492953446947,506,3,VLP56,13513,NTSC,10,occupancy_cfo,3,500000.0,,False
-6.232194285471165,-93.66806989382565,False,672.4238109143894,506,12,0,1000000.0,1000000.0,1000000.0,124.83192093201598,39.553720866873924,-142.14839917886556,-59.07072579780179,116.81495330539592,-0.2912119433627885,506,506,PLL96-rejected-board,13513,NTSC,10,occupancy_cfo,3,500000.0,,False
9.843072137721832,100.673499566794,True,5.77871974037156,0,0,2,0.36875,0.32249999999999995,0.6573439263805569,2.328531777550671,2.726507339251725,3.9077240410647978,-57.22688784747584,129.6371815270271,0.2809625794177361,506,0,PLL96-IQ-corrected,13513,NTSC,10,occupancy_cfo,3,500000.0,,False
15.54315652753813,95.39366922744345,True,0.0015052669289845168,0,0,2,0.125,0.4574999999999994,1.0291874361145914,2.9696050690544142,1.983870518680303,-1.4578043941354966,-60.01988505807237,125.46988446420796,0.7096904868616198,506,0,floating-PLL-IQ40,13513,NTSC,10,occupancy_cfo,3,500000.0,,False
3.4619505202841623,44.27768614497472,True,120.8827186324951,506,12,0,1000000.0,1000000.0,1000000.0,54.80601938813003,32.89653963597288,-20.597873269983133,-25.74979016197272,101.95989447694471,0.38040225625181157,506,506,HC50,13513,NTSC,10,occupancy_cfo,3,500000.0,,False
11.568151312165753,101.72569440005148,True,3.7819831590735986,0,0,2,0.325,0.11124999999999999,1.1037272909583797,-0.15934464611664648,-2.8222872290000125,-1.642956434852748,-56.94135705863086,122.36864699991803,0.394456421788468,506,0,PLL96-board-fixed,13513,NTSC,10,occupancy_cfo,3,500000.0,,False
11.798477831997534,92.67164849046034,True,1.4555931203280277,0,0,2,0.6375,0.2062499999999999,1.0546931863775855,4.810550635674359,2.2337418170426666,-4.633249330513105,-54.68126299543202,129.14900219147916,0.4787543389887674,506,0,OVL-104d60b83090,13513,NTSC,10,occupancy_cfo,3,500000.0,,False
15.733607924677717,97.10353982485073,True,0.4636222141272312,0,0,2,0.05,0.05,0.020066588753191793,0.6264666317878348,0.9257869828115318,-1.72751756181679,-53.879816808566254,123.2796586778134,0.7059718624176542,506,0,OVP56,13513,NTSC,30,occupancy_cfo,3,500000.0,,True
15.98536731355037,96.96690960476546,True,0.40491680389683504,0,0,2,0.05,0.036249999999999984,0.017253343606751945,0.7732713729222418,1.4456913025253806,-1.4992482362823674,-51.25721238559888,120.87240226357711,0.715969603653216,506,0,VLP56,13513,NTSC,30,occupancy_cfo,3,500000.0,,True
-6.3941355888793625,-98.25470380316476,False,676.7356480324655,506,12,0,1000000.0,1000000.0,1000000.0,136.27123589424852,39.76185370681616,-142.08564182978088,-56.59968992209975,108.36052280454511,-0.30609474605175213,506,506,PLL96-rejected-board,13513,NTSC,30,occupancy_cfo,3,500000.0,contrast;strong_detail;sync;h_jitter_us;v_jitter_us;h_width_rmse_us;sync_error_ire;black_error_ire;white_error_ire;fine_detail,False
8.912951919937646,107.08157660720958,True,6.166325974585074,0,0,2,0.3,0.2174999999999999,0.1029337443758134,2.255773253848287,2.2129346505844025,5.302653913280805,-52.67893631205036,113.75151564854052,0.3080908072463034,506,0,PLL96-IQ-corrected,13513,NTSC,30,occupancy_cfo,3,500000.0,strong_detail;white_error_ire;fine_detail,True
21.683817789753476,95.73839239872603,True,0.0,0,0,2,0.025,0.025,0.018363103150400614,2.2684283477259135,2.3635335624658604,-0.7530039552658345,-44.905837981890684,111.57003108256579,0.9318711003665189,506,0,floating-PLL-IQ40,13513,NTSC,30,occupancy_cfo,3,500000.0,,True
3.559610351106052,44.19076317767481,True,102.26407198788561,506,12,0,1000000.0,1000000.0,1000000.0,54.673704866134585,32.7162006039143,-21.012712961688063,9.32337020339017,90.07555413965282,0.5315433116731161,506,506,HC50,13513,NTSC,30,occupancy_cfo,3,500000.0,contrast;strong_detail;sync;h_jitter_us;v_jitter_us;h_width_rmse_us;sync_error_ire;black_error_ire;white_error_ire;fine_detail,False
12.239802271196815,103.26237394904638,True,3.5938247929505343,0,0,2,0.075,0.075,0.06562823490991743,-2.5750962401243083,-1.9930708122592409,0.6921294839192003,-49.20815236840994,114.76516949414535,0.48479748523455096,506,0,PLL96-board-fixed,13513,NTSC,30,occupancy_cfo,3,500000.0,strong_detail;fine_detail,True
15.473629593742576,94.49565903540086,True,0.6051173054517758,0,0,2,0.075,0.075,0.025730435984809497,4.019784748913163,1.2681896232194427,-2.542827987255993,-45.933557770911904,110.81631377524015,0.6862217979852234,506,0,OVL-104d60b83090,13513,NTSC,30,occupancy_cfo,3,500000.0,,True
7.5723146993651325,86.90062141060912,True,22.96925972396487,515,7,0,1.925,1.625,3.4724583662389903,8.03411881769753,2.15486838162581,-12.79587640566644,-85.51894871819566,131.38328142012477,0.3158238822663743,610,23,OVP56,13514,PAL,6,occupancy_cfo,3,1500000.0,,False
7.4350890029585495,89.98020342086842,True,21.757841907151818,450,7,0,1.8262499999999995,1.625,3.4297947733793053,5.124574139491723,1.1925022860899332,-10.838959476331773,-94.98930329389009,141.41734907936748,0.3139496621829356,610,19,VLP56,13514,PAL,6,occupancy_cfo,3,1500000.0,,False
-7.646782752866679,-76.22253488157293,False,642.7647427854454,610,8,3,1000000.0,1000000.0,1000000.0,68.59174133985569,-4.639367754459373,-170.3456156624694,-82.87085698444426,119.0425474456261,-0.2669515726457199,610,610,PLL96-rejected-board,13514,PAL,6,occupancy_cfo,3,1500000.0,,False
9.738753923879615,89.616198275224,True,6.621706398996236,597,8,0,1.9449999999999998,1000000.0,3.5576299370832216,11.37752245113147,6.82644905433863,-6.893792434787675,-81.1589678917267,123.87808162457,0.27732756702761635,610,128,PLL96-IQ-corrected,13514,PAL,6,occupancy_cfo,3,1500000.0,,False
12.242277724073986,95.49518188375875,True,0.32936010037641156,40,2,0,1.65,1.525,2.7725929975069477,2.204680137167796,1.4164346562876957,-3.3018322723646674,-76.74779942459728,123.80233459513443,0.534676176181956,610,2,floating-PLL-IQ40,13514,PAL,6,occupancy_cfo,3,1500000.0,,False
4.323481206057193,44.043722589153084,True,90.50313676286073,610,8,0,1000000.0,1000000.0,1000000.0,43.64330843404935,21.863922793298165,-32.41384696384952,-71.41820243975324,110.09574047253969,0.22463452925624403,610,610,HC50,13514,PAL,6,occupancy_cfo,3,1500000.0,,False
8.627926844723683,91.56071490191597,True,13.20138017565872,20,1,0,1.4387499999999989,1.1024999999999998,2.4673786955225667,-0.043459992868830004,-1.4691538133594124,-15.765995546030299,-91.33639173237079,110.7465010964819,0.2697429878757147,610,1,PLL96-board-fixed,13514,PAL,6,occupancy_cfo,3,1500000.0,,False
8.226011513629402,91.20305606082513,True,13.106022584692596,104,0,0,1.75,1.4562499999999996,3.0372071013160404,4.36274282555227,1.6103622634763395,-8.54630198738825,-92.41600866267021,134.0744556162316,0.2990607444827243,610,4,OVL-104d60b83090,13514,PAL,6,occupancy_cfo,3,1500000.0,,False
11.20561500387647,93.09433357658982,True,1.656210790464241,116,1,0,1.8,0.9675,3.049315895270577,3.336108618086843,1.3444796819571032,-7.25603886848164,-73.69276678174546,123.85159475161338,0.4702935047525224,610,4,OVP56,13514,PAL,10,occupancy_cfo,3,1500000.0,,False
11.33356431885828,94.74148889809682,True,1.541405269761606,63,0,0,1.675,1.4049999999999998,2.889287683512793,2.320087357972374,0.9657348660574562,-5.651925506233596,-75.72955126325863,124.13126987467,0.47634361708872863,610,4,VLP56,13514,PAL,10,occupancy_cfo,3,1500000.0,,False
-7.614561690262418,-74.06724508918147,False,641.392095357591,610,8,2,1000000.0,1000000.0,1000000.0,67.60141442403167,-7.719993977453976,-170.63134144807276,-81.3354171829418,65.28480263543038,-0.3177967583785834,610,610,PLL96-rejected-board,13514,PAL,10,occupancy_cfo,3,1500000.0,,False
10.010854979545115,88.62974365760913,True,4.653074027603513,609,8,0,0.675,1000000.0,3.675,12.084647416345394,9.9570601813387,-8.172280185405919,-63.729089972686936,116.20514526333237,0.33218622356396404,610,328,PLL96-IQ-corrected,13514,PAL,10,occupancy_cfo,3,1500000.0,,False
15.615557567046709,95.84799719823818,True,0.003136762860727729,0,0,2,0.5137499999999988,0.05,1.2393406165919143,2.014207482326336,1.4285395401838556,-2.447517398983348,-64.08041185241619,117.21973615285874,0.6985878941058146,610,0,floating-PLL-IQ40,13514,PAL,10,occupancy_cfo,3,1500000.0,,False
4.815624096232749,44.693603520169454,True,78.86449184441656,610,8,0,1000000.0,1000000.0,1000000.0,43.56349104408518,21.87754191175053,-30.99775858016277,-27.07708373287406,91.03698778725423,0.36502829481906013,610,610,HC50,13514,PAL,10,occupancy_cfo,3,1500000.0,,False
11.177590947396315,94.45066899955104,True,3.7051442910915937,2,0,1,1.0,0.5874999999999997,1.773819624667419,1.0109319921273658,-0.884094138801727,-11.66841313328961,-81.59639882843759,103.84873570061988,0.37749887324253045,610,1,PLL96-board-fixed,13514,PAL,10,occupancy_cfo,3,1500000.0,,False
11.882435150353132,93.5901185832239,True,2.185069008782936,2,0,2,0.975,1.1237499999999991,1.8628410584938606,3.409094110477851,1.0770576892993924,-4.3968775592298766,-67.22223908812325,120.89805076258882,0.45514430439055426,610,1,OVL-104d60b83090,13514,PAL,10,occupancy_cfo,3,1500000.0,,False
16.02962183653039,97.65323291766859,True,0.5200752823086575,0,0,2,0.05,0.05,0.01957541114029219,0.8659355222699102,0.7382812507415881,-1.189921763198199,-61.2453795710236,119.70060674520542,0.7050467605407212,610,0,OVP56,13514,PAL,30,occupancy_cfo,3,1500000.0,,True
16.151046351340298,97.60628838373597,True,0.535759096612296,0,0,2,0.05,0.05,0.020092001507818077,1.0543227318122483,0.7704958771226439,-1.2952928144098947,-57.3137826035306,117.756214452227,0.7097071487759392,610,0,VLP56,13514,PAL,30,occupancy_cfo,3,1500000.0,,True
-7.61220428363308,-73.4237449389978,False,639.6800501882058,610,8,2,1000000.0,1000000.0,1000000.0,66.98970173800639,-7.956184319009262,-170.43129106823804,-79.49194726154873,50.262019370949645,-0.37585914992717434,610,610,PLL96-rejected-board,13514,PAL,30,occupancy_cfo,3,1500000.0,contrast;strong_detail;sync;h_jitter_us;v_jitter_us;h_width_rmse_us;sync_error_ire;black_error_ire;white_error_ire;fine_detail,False
9.316872627108925,90.58506111619947,True,5.048933500627352,610,8,0,1000000.0,1000000.0,1000000.0,12.396932191433285,10.144812965235682,-8.178071125973442,-50.849560902070166,108.35225060514853,0.3845914131172021,610,610,PLL96-IQ-corrected,13514,PAL,30,occupancy_cfo,3,1500000.0,strong_detail;sync;h_jitter_us;v_jitter_us;h_width_rmse_us;sync_error_ire;black_error_ire;white_error_ire;fine_detail,False
21.721911821100246,96.62549411137644,True,0.0,0,0,2,0.025,0.025,0.021111530529818897,1.2710444944169867,1.5893645913435899,-1.6599794402404853,-45.88201108970517,109.45619167889797,0.9184494882651398,610,0,floating-PLL-IQ40,13514,PAL,30,occupancy_cfo,3,1500000.0,,True
4.979337374655508,44.867084624996,True,84.09284818067754,610,8,0,1000000.0,1000000.0,1000000.0,43.4178774963384,22.178335069386918,-29.971761857372623,-2.8881975918854295,78.87215689880367,0.5433109679386002,610,610,HC50,13514,PAL,30,occupancy_cfo,3,1500000.0,contrast;strong_detail;sync;h_jitter_us;v_jitter_us;h_width_rmse_us;sync_error_ire;black_error_ire;white_error_ire;fine_detail,False
12.07537433587717,93.37806599395503,True,3.7170639899623588,0,0,2,0.125,0.1,0.05327395943703041,3.3395285829999892,9.805277662662995,-6.534511568217104,-51.95419173368343,101.22810140995168,0.5092034972857942,610,0,PLL96-board-fixed,13514,PAL,30,occupancy_cfo,3,1500000.0,strong_detail;black_error_ire;white_error_ire;fine_detail,True
15.467164313819143,94.29874246464043,True,1.3682559598494355,0,0,2,0.05,0.05,0.022497723017754632,3.1480257760556234,-0.45951617996412375,-5.773057735418062,-47.26285880060581,101.46409603780032,0.6746049348051318,610,0,OVL-104d60b83090,13514,PAL,30,occupancy_cfo,3,1500000.0,white_error_ire;fine_detail,True
7.636159408371261,86.97505852246641,True,22.670072583971315,435,11,0,1.875,0.4,3.4499795876105663,7.888202993331256,2.1327931132074798,-12.843326976701688,-83.5888053154025,129.872592076324,0.33123988620041517,506,34,OVP56,13514,NTSC,6,occupancy_cfo,3,1500000.0,,False
7.5046534789332044,90.04688059870159,True,21.374037758115644,369,8,0,1.875,1.9299999999999997,3.4151170748652957,4.942860526589311,1.2112519104802384,-10.985263632012384,-95.18205163431031,135.59143804992522,0.3297242488699227,506,13,VLP56,13514,NTSC,6,occupancy_cfo,3,1500000.0,,False
-7.536081822400968,-76.21197305437722,False,638.6523947291573,506,12,4,1000000.0,1000000.0,1000000.0,68.49465833264793,-4.706181625514028,-170.3279176810405,-83.00162803192586,120.54409991560404,-0.2641412077117008,506,506,PLL96-rejected-board,13514,NTSC,6,occupancy_cfo,3,1500000.0,,False
9.72532713351569,89.42814353381246,True,6.669837762330394,499,12,0,1.6874999999999996,1000000.0,3.5508173103425884,11.353206127312351,6.835858151830863,-6.855293014434991,-81.80484905379154,121.53862659813645,0.27234685802470104,506,218,PLL96-IQ-corrected,13514,NTSC,6,occupancy_cfo,3,1500000.0,,False
12.315795818981826,95.5069923224535,True,0.32438502319616336,29,1,0,1.475,0.5875,2.7976910965469566,2.1755611958554177,1.3628813925521015,-3.3587987333600435,-75.01802671156491,124.3338332605645,0.5477076819337136,506,2,floating-PLL-IQ40,13514,NTSC,6,occupancy_cfo,3,1500000.0,,False
4.328844815584133,44.08947027541771,True,93.82705085092739,506,12,0,1000000.0,1000000.0,1000000.0,43.60134781691144,21.847412204400918,-32.46007976042434,-88.10106542757859,106.28403875696982,0.23981208105922347,506,506,HC50,13514,NTSC,6,occupancy_cfo,3,1500000.0,,False
8.588469429215221,91.50817812606455,True,13.26290691128258,12,0,0,1.4174999999999982,1.5624999999999996,2.432748535139354,-0.28159603241224307,-1.422839753263937,-15.99322471647474,-91.29064376116904,111.60636544606773,0.26685713276816186,506,1,PLL96-board-fixed,13514,NTSC,6,occupancy_cfo,3,1500000.0,,False
8.260229658915906,91.16934264363773,True,12.782726760936516,76,3,0,1.7637499999999988,1.8800000000000001,3.0248097191739687,4.238664365443494,1.5465325334554223,-8.849260146056105,-90.49109796611982,131.02637713963952,0.31103471425097506,506,2,OVL-104d60b83090,13514,NTSC,6,occupancy_cfo,3,1500000.0,,False
11.286007905822364,93.21883844933014,True,1.4443036183606437,92,4,0,1.6337499999999991,1.1887499999999995,2.9827548827922916,3.271286135121387,1.2446485646208465,-7.25155842873615,-73.99784198621803,126.12985933153783,0.49144847833509253,506,4,OVP56,13514,NTSC,10,occupancy_cfo,3,1500000.0,,False
11.4197314036387,94.85418420463313,True,1.3329138656157895,48,2,0,1.5787499999999994,1.1037499999999996,2.7948252243985667,2.253440118888412,0.8882911430192043,-5.659948811807785,-76.3110045624096,129.97943819439945,0.4979289149249929,506,2,VLP56,13514,NTSC,10,occupancy_cfo,3,1500000.0,,False
-7.50310441766877,-74.06031747516622,False,637.1004645253743,506,12,2,1000000.0,1000000.0,1000000.0,67.56692766679329,-7.617769109970343,-170.64250701024994,-80.83248389425917,61.24554239193341,-0.3074959922989331,506,506,PLL96-rejected-board,13514,NTSC,10,occupancy_cfo,3,1500000.0,,False
9.969637443352399,88.41367562616058,True,4.708474953863568,505,12,0,1.625,1000000.0,3.575,12.09448125917479,9.822138761022808,-8.199906064183459,-62.57392959025843,115.73217958258624,0.3205993759541011,506,460,PLL96-IQ-corrected,13514,NTSC,10,occupancy_cfo,3,1500000.0,,False
15.730955655609183,95.87133914135921,True,0.0015052669289845168,0,0,2,0.61875,0.036249999999999984,1.1755055257661358,1.970568602148834,1.375881563296073,-2.483545333874806,-64.79169656862658,116.90382370514709,0.7129135430000278,506,0,floating-PLL-IQ40,13514,NTSC,10,occupancy_cfo,3,1500000.0,,False
4.802743781780811,44.715351123210255,True,83.06363967522361,506,12,0,1000000.0,1000000.0,1000000.0,43.54141673293963,21.834281588838277,-31.0127495063977,-28.942214824047888,92.37185872150343,0.38338695968431163,506,506,HC50,13514,NTSC,10,occupancy_cfo,3,1500000.0,,False
11.162489637583244,94.4524127448804,True,3.6547881035744068,1,0,2,0.9449999999999988,0.5074999999999997,1.7630570182228795,0.8700311462939516,-0.9092294990333495,-11.712772692085274,-74.92589383520117,102.10777526328368,0.3775335259997806,506,1,PLL96-board-fixed,13514,NTSC,10,occupancy_cfo,3,1500000.0,,False
11.96962005672578,93.64882433713169,True,1.7099832313264112,3,0,2,1.0,0.9612499999999997,1.8597982158230308,3.371384926740833,1.006238358837779,-4.412913862345607,-64.37444284078978,118.36716696755727,0.4763217118759703,506,1,OVL-104d60b83090,13514,NTSC,10,occupancy_cfo,3,1500000.0,,False
16.22795774094996,97.71350522929649,True,0.44405374405043246,0,0,2,0.05,0.05,0.020189321327181205,0.8039173066532895,0.6823218581063185,-1.2407099458518203,-61.2874012986065,117.65759889809452,0.7277190913730688,506,0,OVP56,13514,NTSC,30,occupancy_cfo,3,1500000.0,,True
16.357418243658813,97.66840510087344,True,0.43728004287000216,0,0,2,0.05,0.05,0.019023856460363288,1.006886146304659,0.7253330792166482,-1.3433343433216898,-57.22203314300395,117.25131603909561,0.7325208007170493,506,0,VLP56,13514,NTSC,30,occupancy_cfo,3,1500000.0,,True
-7.499205264182091,-73.6199442964729,False,635.3001652783088,506,12,2,1000000.0,1000000.0,1000000.0,67.03919551099048,-7.716945225866866,-170.44812650780844,-79.5264472478811,50.22487669140398,-0.363908172741571,506,506,PLL96-rejected-board,13514,NTSC,30,occupancy_cfo,3,1500000.0,contrast;strong_detail;sync;h_jitter_us;v_jitter_us;h_width_rmse_us;sync_error_ire;black_error_ire;white_error_ire;fine_detail,False
9.334173473451873,90.40910424838168,True,5.147260263662555,506,12,0,1000000.0,1000000.0,1000000.0,12.360713766044096,10.0861682080643,-8.249684151876856,-50.88464085137096,107.54113652376394,0.367081135698237,506,506,PLL96-IQ-corrected,13514,NTSC,30,occupancy_cfo,3,1500000.0,strong_detail;sync;h_jitter_us;v_jitter_us;h_width_rmse_us;sync_error_ire;black_error_ire;white_error_ire;fine_detail,False
22.020499118658226,96.63424779086755,True,0.0,0,0,2,0.025,0.025,0.020402326845520895,1.242379364909775,1.5385164991217566,-1.6953746580588898,-46.12485545891202,109.93982540798812,0.9279907210817491,506,0,floating-PLL-IQ40,13514,NTSC,30,occupancy_cfo,3,1500000.0,,True
4.96225938348114,44.8834957214261,True,89.14868123564351,506,12,0,1000000.0,1000000.0,1000000.0,43.40309268837972,22.13904447327111,-30.00259148617708,-2.8735388985510326,78.6264832056978,0.5647780768078536,506,506,HC50,13514,NTSC,30,occupancy_cfo,3,1500000.0,contrast;strong_detail;sync;h_jitter_us;v_jitter_us;h_width_rmse_us;sync_error_ire;black_error_ire;white_error_ire;fine_detail,False
12.05267656090436,93.21253255268708,True,3.3514768173840266,0,0,2,0.125,0.07249999999999997,0.05140083126317564,3.207822161688624,9.686865566684084,-6.562859313590603,-52.00485833460072,101.32428333567161,0.507734220690493,506,0,PLL96-board-fixed,13514,NTSC,30,occupancy_cfo,3,1500000.0,strong_detail;black_error_ire;white_error_ire;fine_detail,True
15.605638412530997,94.34582751053435,True,0.9799287707689204,0,0,2,0.05,0.05,0.021607804914002278,3.094528845102162,-0.5017709924576356,-5.812569093754319,-47.25840916894468,102.53966801181618,0.6968448603307295,506,0,OVL-104d60b83090,13514,NTSC,30,occupancy_cfo,3,1500000.0,white_error_ire;fine_detail,True
