first_five_lock_us,missing_first20,valid_lines,model,standard,cnr,recovery_start_us
,18,0,OVP56,PAL,6,8000
,19,0,OVP56,PAL,6,27000
,0,4,OVL-49c57570d609,PAL,6,8000
,0,6,OVL-49c57570d609,PAL,6,27000
,9,0,OVP56,PAL,10,8000
,5,0,OVP56,PAL,10,27000
0.1000000000003638,0,20,OVL-49c57570d609,PAL,10,8000
8.099999999998545,0,20,OVL-49c57570d609,PAL,10,27000
0.1000000000003638,0,20,OVP56,PAL,30,8000
8.099999999998545,0,20,OVP56,PAL,30,27000
0.1000000000003638,0,20,OVL-49c57570d609,PAL,30,8000
8.099999999998545,0,20,OVL-49c57570d609,PAL,30,27000
,17,0,OVP56,NTSC,6,8000
,20,0,OVP56,NTSC,6,27000
,0,9,OVL-49c57570d609,NTSC,6,8000
,0,5,OVL-49c57570d609,NTSC,6,27000
,3,0,OVP56,NTSC,10,8000
,4,0,OVP56,NTSC,10,27000
8.100000000000364,0,19,OVL-49c57570d609,NTSC,10,8000
201.90000000000146,0,18,OVL-49c57570d609,NTSC,10,27000
8.100000000000364,0,20,OVP56,NTSC,30,8000
11.200000000000728,0,20,OVP56,NTSC,30,27000
8.100000000000364,0,20,OVL-49c57570d609,NTSC,30,8000
11.200000000000728,0,20,OVL-49c57570d609,NTSC,30,27000
